-0.113,-0.18874,0
-0.066442,-0.18791,0.0042892
-0.019883,-0.18708,0.0047673
0.026676,-0.18624,0.0068166
0.073235,-0.18541,0.0074265
0.11979,-0.18458,0.012617
0.16635,-0.18375,0.021544
0.21291,-0.18291,-0.015632
0.25947,-0.18208,-0.022474
0.30603,-0.18125,-0.010393
0.35259,-0.18042,-0.01676
0.39915,-0.17958,-0.016463
0.44571,-0.17875,0.012709
0.49227,-0.17792,0.016178
0.53882,-0.17709,0.012218
0.58538,-0.17625,0.013352
0.63194,-0.17542,0.010856
0.6785,-0.17459,0.0060283
0.72506,-0.17376,0.010256
0.77162,-0.17292,0.011926
0.81818,-0.17209,0.012331
0.86474,-0.17126,0.011076
0.9113,-0.17043,0.015502
0.95785,-0.16959,0.0072921
1.0044,-0.16876,0.017141
1.051,-0.16793,0.01512
1.0975,-0.1671,0.014726
1.1441,-0.16626,0.017754
1.1906,-0.16543,0.017309
1.2372,-0.1646,0.018709
1.2838,-0.16377,0.016981
1.3303,-0.16293,0.019287
1.3769,-0.1621,0.0099406
1.4234,-0.16127,0.0015938
1.47,-0.16044,-0.017389
1.5166,-0.1596,-0.013244
1.5631,-0.15877,-0.010859
1.6097,-0.15794,0.0011892
1.6562,-0.15711,0.0056198
1.7028,-0.15627,0.0050432
1.7494,-0.15544,0.0058194
1.7959,-0.15461,-0.013914
1.8425,-0.15378,-0.030073
1.889,-0.15294,-0.031243
1.9356,-0.15211,-0.0060109
1.9822,-0.15128,0.0098237
2.0287,-0.15045,0.011642
2.0753,-0.14961,-0.0086695
2.1218,-0.14878,0.0016627
2.1684,-0.14795,0.003673
2.2149,-0.14712,0.0072498
2.2615,-0.14629,0.00544
2.3081,-0.14545,-0.015168
2.3546,-0.14462,-0.021002
2.4012,-0.14379,-0.018701
2.4477,-0.14296,0.0024952
2.4943,-0.14212,0.0006513
2.5409,-0.14129,-0.002946
2.5874,-0.14046,0.00023145
2.634,-0.13963,0.0027607
2.6805,-0.13879,0.0050554
2.7271,-0.13796,0.0073319
2.7737,-0.13713,-0.010835
2.8202,-0.1363,-0.0014045
2.8668,-0.13546,0.018803
2.9133,-0.13463,0.00068048
2.9599,-0.1338,0.00022404
3.0064,-0.13297,-0.015749
3.053,-0.13213,-0.012049
3.0996,-0.1313,-0.0076273
3.1461,-0.13047,-0.0039322
3.1927,-0.12964,0.00047686
3.2392,-0.1288,0.0086094
3.2858,-0.12797,0.0088032
3.3324,-0.12714,-0.010819
3.3789,-0.12631,-0.00029085
3.4255,-0.12547,0.0021042
3.472,-0.12464,0.0047109
3.5186,-0.12381,0.0022354
3.5652,-0.12298,0.0050811
3.6117,-0.12214,-0.0060203
3.6583,-0.12131,-0.00175
3.7048,-0.12048,0.00058056
3.7514,-0.11965,0.010206
3.7979,-0.11881,0.013519
3.8445,-0.11798,0.036756
3.8911,-0.11715,0.023757
3.9376,-0.11632,0.0093639
3.9842,-0.11548,0.01364
4.0307,-0.11465,0.021157
4.0773,-0.11382,0.029764
4.1239,-0.11299,0.031348
4.1704,-0.11215,0.035435
4.217,-0.11132,0.038159
4.2635,-0.11049,0.044046
4.3101,-0.10966,0.039693
4.3567,-0.10882,0.020532
4.4032,-0.10799,0.0037771
4.4498,-0.10716,0.011337
4.4963,-0.10633,0.028354
4.5429,-0.10549,0.029618
4.5895,-0.10466,0.034916
4.636,-0.10383,0.019533
4.6826,-0.103,0.0042818
4.7291,-0.10216,0.0069215
4.7757,-0.10133,0.018191
4.8222,-0.1005,0.021458
4.8688,-0.099666,0.031151
4.9154,-0.098833,0.015005
4.9619,-0.098001,0.0017811
5.0085,-0.097168,-0.011976
5.055,-0.096336,-0.0068124
5.1016,-0.095503,-0.0002813
5.1482,-0.094671,0.0073289
5.1947,-0.093838,0.01277
5.2413,-0.093006,0.021212
5.2878,-0.092173,-0.012934
5.3344,-0.091341,0.0019986
5.381,-0.090508,0.0068578
5.4275,-0.089676,0.00046381
5.4741,-0.088843,0.014375
5.5206,-0.088011,0.018134
5.5672,-0.087178,0.02465
5.6137,-0.086346,0.029242
5.6603,-0.085513,0.037437
5.7069,-0.084681,0.040869
5.7534,-0.083848,0.02606
5.8,-0.083016,0.0094757
5.8465,-0.082183,0.0038524
5.8931,-0.081351,0.016389
5.9397,-0.080518,0.020263
5.9862,-0.079686,0.030603
6.0328,-0.078853,0.020663
6.0793,-0.078021,0.025971
6.1259,-0.077188,0.029907
6.1725,-0.076356,0.017824
6.219,-0.075523,0.010274
6.2656,-0.074691,0.011949
6.3121,-0.073858,0.015237
6.3587,-0.073026,0.019925
6.4052,-0.072193,0.018841
6.4518,-0.071361,0.023165
6.4984,-0.070528,0.028045
6.5449,-0.069696,0.030264
6.5915,-0.068864,0.028893
6.638,-0.068031,0.035838
6.6846,-0.067199,0.036633
6.7312,-0.066366,0.012486
6.7777,-0.065534,-0.0038762
6.8243,-0.064701,0.00012356
6.8708,-0.063869,-0.009234
6.9174,-0.063036,-0.010311
6.964,-0.062204,-0.011239
7.0105,-0.061371,0.023543
7.0571,-0.060539,0.018662
7.1036,-0.059706,-0.013321
7.1502,-0.058874,-0.010756
7.1968,-0.058041,-0.012589
7.2433,-0.057209,0.010229
7.2899,-0.056376,0.018693
7.3364,-0.055544,0.0020879
7.383,-0.054711,0.016445
7.4295,-0.053879,0.023591
7.4761,-0.053046,0.035643
7.5227,-0.052214,0.030722
7.5692,-0.051381,0.021722
7.6157,-0.050648,0.021291
7.662,-0.049959,0.021016
7.7083,-0.04935,0.022908
7.7545,-0.048867,0.022493
7.8007,-0.048507,-0.0063374
7.847,-0.048238,0.00078509
7.8935,-0.048089,0.0001595
7.9398,-0.047996,0.0030422
7.9859,-0.047991,0.0066224
8.0323,-0.048101,-0.00016052
8.0789,-0.048327,0.0075693
8.1256,-0.048641,-0.0093604
8.1725,-0.04907,-0.02161
8.2189,-0.0496,0.0075809
8.2657,-0.050324,-0.015404
8.3123,-0.051165,-0.030747
8.359,-0.052145,-0.038199
8.4056,-0.05328,-0.035585
8.4521,-0.054694,-0.047362
8.4985,-0.05629,-0.034445
8.5449,-0.058025,-0.030982
8.591,-0.05987,-0.028036
8.6371,-0.061888,-0.033085
8.6831,-0.064092,-0.045367
8.7291,-0.066426,-0.053891
8.7751,-0.068898,-0.063774
8.8211,-0.071581,-0.069391
8.8668,-0.074399,-0.068297
8.9125,-0.077475,-0.062175
8.9584,-0.080742,-0.056716
9.0044,-0.084244,-0.038446
9.0504,-0.088006,-0.063463
9.097,-0.092096,-0.057244
9.1436,-0.096445,-0.04861
9.1903,-0.10106,-0.053131
9.2367,-0.10585,-0.055568
9.2829,-0.11088,-0.058018
9.3292,-0.11614,-0.064395
9.3753,-0.12165,-0.069912
9.4212,-0.12742,-0.089596
9.467,-0.13344,-0.097584
9.5133,-0.13989,-0.10626
9.5592,-0.14659,-0.10849
9.6049,-0.15349,-0.11468
9.6499,-0.16046,-0.11576
9.6948,-0.16765,-0.11922
9.7397,-0.17518,-0.10933
9.785,-0.18313,-0.11205
9.83,-0.19143,-0.1229
9.8745,-0.19999,-0.12864
9.9192,-0.20912,-0.13126
9.9637,-0.21844,-0.15391
10.008,-0.22778,-0.15806
10.052,-0.23767,-0.16776
10.095,-0.24787,-0.18525
10.139,-0.25814,-0.22582
10.182,-0.26872,-0.22364
10.225,-0.27978,-0.19927
10.267,-0.29095,-0.19181
10.309,-0.3022,-0.2007
10.35,-0.31345,-0.20792
10.391,-0.32477,-0.22348
10.431,-0.3361,-0.23795
10.471,-0.34765,-0.24074
10.51,-0.35939,-0.2405
10.549,-0.37123,-0.24802
10.588,-0.38317,-0.23131
10.626,-0.39532,-0.23809
10.664,-0.40749,-0.27757
10.701,-0.41982,-0.27539
10.738,-0.43226,-0.28657
10.775,-0.44494,-0.29163
10.812,-0.45797,-0.31046
10.849,-0.47123,-0.31558
10.885,-0.48462,-0.32286
10.921,-0.49803,-0.33861
10.956,-0.51145,-0.37562
10.991,-0.52504,-0.36883
11.026,-0.53864,-0.38842
11.059,-0.55218,-0.39535
11.092,-0.5658,-0.39602
11.125,-0.57948,-0.36948
11.158,-0.5933,-0.40517
11.19,-0.60721,-0.40912
11.222,-0.62123,-0.44435
11.252,-0.63524,-0.4575
11.282,-0.64943,-0.4794
11.312,-0.66359,-0.47076
11.341,-0.67775,-0.46456
11.369,-0.69207,-0.46544
11.398,-0.7064,-0.4992
11.425,-0.72071,-0.50066
11.452,-0.73492,-0.4817
11.478,-0.74884,-0.48812
11.504,-0.76245,-0.56104
11.529,-0.7759,-0.55991
11.554,-0.78934,-0.55698
11.579,-0.80272,-0.55673
11.603,-0.81601,-0.55454
11.626,-0.82946,-0.5561
11.649,-0.84284,-0.56519
11.672,-0.8562,-0.56889
11.694,-0.86941,-0.5745
11.715,-0.88229,-0.57406
11.737,-0.89523,-0.57882
11.757,-0.90815,-0.58015
11.777,-0.92092,-0.58284
11.796,-0.93361,-0.58574
11.815,-0.94623,-0.58446
11.833,-0.95907,-0.5887
11.852,-0.9725,-0.59589
11.871,-0.98615,-0.59733
11.89,-1,-0.59718
11.908,-1.014,-0.59684
11.927,-1.0282,-0.59761
11.945,-1.0425,-0.5991
11.962,-1.0566,-0.60553
11.979,-1.0708,-0.64137
11.996,-1.0849,-0.6271
12.013,-1.0991,-0.62791
12.03,-1.1132,-0.63317
12.045,-1.127,-0.63805
12.06,-1.1403,-0.64224
12.074,-1.1532,-0.69281
12.089,-1.1658,-0.68972
12.102,-1.178,-0.70418
12.114,-1.1899,-0.7125
12.127,-1.202,-0.68968
12.139,-1.2137,-0.69138
12.151,-1.2251,-0.69122
12.163,-1.2367,-0.68301
12.174,-1.2478,-0.68344
12.185,-1.2589,-0.68606
12.196,-1.2701,-0.70037
12.208,-1.2817,-0.71063
12.22,-1.2935,-0.71305
12.233,-1.3054,-0.71453
12.245,-1.3178,-0.71241
12.257,-1.3302,-0.70898
12.269,-1.3426,-0.73087
12.281,-1.3552,-0.73023
12.293,-1.3679,-0.72109
12.304,-1.3805,-0.72536
12.317,-1.3937,-0.72525
12.329,-1.4071,-0.72984
12.341,-1.4208,-0.73055
12.352,-1.4348,-0.77395
12.363,-1.4485,-0.79235
12.374,-1.4625,-0.79623
12.384,-1.4765,-0.81226
12.395,-1.4906,-0.81811
12.407,-1.5051,-0.82687
12.418,-1.5198,-0.83267
12.43,-1.5348,-0.83943
12.441,-1.55,-0.84495
12.453,-1.5654,-0.84554
12.464,-1.5813,-0.83806
12.476,-1.5975,-0.83928
12.488,-1.6139,-0.83768
12.499,-1.6303,-0.83696
12.511,-1.6472,-0.83406
12.522,-1.6645,-0.83328
12.534,-1.682,-0.8336
12.546,-1.6998,-0.83364
12.559,-1.7177,-0.83573
12.571,-1.7361,-0.83794
12.583,-1.7547,-0.84012
12.595,-1.7735,-0.8418
12.608,-1.7932,-0.84526
12.62,-1.8134,-0.87036
12.633,-1.8341,-0.8744
12.645,-1.855,-0.88345
12.657,-1.8761,-0.88492
12.67,-1.8973,-0.88476
12.681,-1.9184,-0.90062
12.693,-1.94,-0.90686
12.705,-1.9616,-0.91299
12.718,-1.9841,-0.91752
12.73,-2.007,-0.92561
12.743,-2.03,-0.93022
12.755,-2.0533,-0.93779
12.767,-2.0767,-0.93594
12.779,-2.1002,-0.93598
12.792,-2.124,-1.004
12.803,-2.148,-1.0126
12.814,-2.1719,-1.0107
12.825,-2.1957,-0.90203
12.835,-2.2201,-0.90654
12.845,-2.2448,-0.92102
12.855,-2.2692,-0.95061
12.865,-2.2939,-0.96367
12.874,-2.3189,-1.0445
12.884,-2.3443,-1.0452
12.893,-2.3701,-1.0495
12.903,-2.396,-1.0344
12.913,-2.4224,-1.0372
12.923,-2.4493,-1.0531
12.933,-2.4768,-1.0944
12.944,-2.5049,-1.0968
12.954,-2.5333,-1.1118
12.965,-2.5622,-1.1228
12.975,-2.5918,-1.1345
12.986,-2.6215,-1.1393
12.996,-2.6516,-1.126
13.007,-2.6822,-1.1301
13.017,-2.7131,-1.1849
13.027,-2.745,-1.2029
13.037,-2.7768,-1.1989
13.047,-2.8092,-1.2065
13.056,-2.8415,-1.21
13.066,-2.8744,-1.2084
13.075,-2.9076,-1.2202
13.084,-2.9409,-1.2249
13.093,-2.9746,-1.2105
13.103,-3.0083,-1.2617
13.112,-3.0428,-1.2603
13.12,-3.0776,-1.2609
13.129,-3.1126,-1.2684
13.137,-3.1475,-1.2696
13.144,-3.1834,-1.2852
13.151,-3.2191,-1.3063
13.158,-3.2549,-1.3166
13.166,-3.291,-1.323
13.173,-3.327,-1.3211
13.179,-3.3636,-1.3316
13.185,-3.4002,-1.3507
13.192,-3.4372,-1.3463
13.197,-3.4741,-1.3541
13.203,-3.511,-1.3719
13.209,-3.5485,-1.3848
13.215,-3.5862,-1.375
13.22,-3.6237,-1.3873
13.225,-3.6618,-1.3891
13.229,-3.6999,-1.3862
13.234,-3.7387,-1.3932
13.239,-3.7773,-1.3922
13.244,-3.8161,-1.3935
13.25,-3.8553,-1.3992
13.255,-3.8944,-1.4195
13.259,-3.9337,-1.3907
13.263,-3.9731,-1.3891
13.268,-4.0128,-1.4001
13.272,-4.0533,-1.4068
13.276,-4.0933,-1.4162
13.28,-4.1332,-1.4362
13.283,-4.1729,-1.4619
13.287,-4.2127,-1.4528
13.29,-4.2526,-1.4516
13.294,-4.2924,-1.4707
13.297,-4.3324,-1.4805
13.3,-4.3721,-1.4699
13.303,-4.4119,-1.4722
13.304,-4.4513,-1.4521
13.306,-4.4907,-1.4445
13.307,-4.5302,-1.4492
13.308,-4.5692,-1.4814
13.308,-4.6086,-1.4853
13.309,-4.6482,-1.4857
13.309,-4.6874,-1.4826
13.31,-4.726,-1.479
13.31,-4.764,-1.4893
13.31,-4.8016,-1.4853
13.309,-4.8383,-1.4973
13.309,-4.8745,-1.4937
13.309,-4.9106,-1.4862
13.309,-4.9461,-1.5034
13.308,-4.9811,-1.5271
13.308,-5.0155,-1.5179
13.307,-5.0494,-1.5017
13.306,-5.083,-1.5045
13.305,-5.1163,-1.4934
13.304,-5.1492,-1.5067
13.303,-5.1819,-1.5302
13.301,-5.2142,-1.5461
13.299,-5.2464,-1.5411
13.297,-5.2781,-1.5352
13.296,-5.3094,-1.55
13.294,-5.3406,-1.5457
13.293,-5.3714,-1.5265
13.292,-5.4019,-1.5461
13.291,-5.4321,-1.5592
13.289,-5.4615,-1.5774
13.288,-5.4908,-1.5903
13.287,-5.5195,-1.6276
13.285,-5.548,-1.6574
13.284,-5.576,-1.69
13.282,-5.6037,-1.7087
13.279,-5.631,-1.7363
13.277,-5.6581,-1.7576
13.275,-5.6851,-1.7976
13.272,-5.7115,-1.8317
13.27,-5.7376,-1.8624
13.268,-5.7635,-1.8789
13.265,-5.7894,-1.8828
13.263,-5.8144,-1.91
13.262,-5.8393,-1.9123
13.26,-5.8639,-1.901
13.258,-5.8886,-1.8997
13.256,-5.9131,-1.8899
13.254,-5.9377,-1.8857
13.252,-5.9621,-1.8832
13.25,-5.9863,-1.8808
13.248,-6.0103,-1.8779
13.245,-6.0344,-1.8759
13.243,-6.0582,-1.8688
13.24,-6.0818,-1.864
13.238,-6.1057,-1.8543
13.236,-6.1288,-1.831
13.234,-6.1519,-1.8388
13.232,-6.1747,-1.8217
13.229,-6.1976,-1.8022
13.227,-6.2201,-1.7914
13.224,-6.2422,-1.7849
13.221,-6.264,-1.7632
13.218,-6.2852,-1.7606
13.216,-6.306,-1.7472
13.213,-6.3261,-1.7563
13.211,-6.3455,-1.7583
13.208,-6.3647,-1.759
13.207,-6.3837,-1.7564
13.206,-6.4026,-1.7502
13.204,-6.4213,-1.7389
13.203,-6.4399,-1.7294
13.201,-6.4586,-1.7246
13.2,-6.4774,-1.7158
13.199,-6.4962,-1.701
13.199,-6.5148,-1.6806
13.198,-6.5332,-1.6844
13.198,-6.5517,-1.6756
13.198,-6.5702,-1.671
13.199,-6.5886,-1.6796
13.2,-6.6069,-1.6673
13.201,-6.625,-1.6688
13.202,-6.6432,-1.6513
13.203,-6.6616,-1.6492
13.204,-6.6805,-1.6426
13.205,-6.6998,-1.6311
13.207,-6.7196,-1.6172
13.208,-6.7394,-1.6304
13.209,-6.7599,-1.6138
13.21,-6.7805,-1.6265
13.211,-6.8013,-1.6284
13.212,-6.8226,-1.6119
13.213,-6.8444,-1.6115
13.214,-6.8664,-1.6115
13.216,-6.8886,-1.6035
13.217,-6.911,-1.6445
13.219,-6.9335,-1.6488
13.221,-6.9565,-1.6129
13.223,-6.9798,-1.5994
13.225,-7.0032,-1.5987
13.226,-7.027,-1.5891
13.228,-7.051,-1.5718
13.23,-7.0754,-1.5657
13.232,-7.0998,-1.5442
13.233,-7.1246,-1.5523
13.235,-7.1498,-1.5466
13.236,-7.1751,-1.546
13.238,-7.2003,-1.5403
13.243,-7.2252,-1.5371
13.249,-7.2502,-1.5183
13.255,-7.2752,-1.512
13.261,-7.3002,-1.4973
13.268,-7.3249,-1.49
13.274,-7.3497,-1.4851
13.281,-7.3744,-1.4913
13.288,-7.3993,-1.4837
13.296,-7.4243,-1.4837
13.304,-7.4489,-1.4816
13.311,-7.4732,-1.4847
13.319,-7.4974,-1.4865
13.327,-7.5216,-1.4875
13.336,-7.5458,-1.4441
13.344,-7.5698,-1.423
13.353,-7.5934,-1.4369
13.362,-7.6171,-1.4458
13.371,-7.6404,-1.4626
13.38,-7.664,-1.5442
13.389,-7.6872,-1.5654
13.398,-7.7104,-1.5638
13.409,-7.7333,-1.5282
13.418,-7.756,-1.4858
13.428,-7.7783,-1.4782
13.438,-7.8005,-1.4789
13.448,-7.8224,-1.4675
13.457,-7.8439,-1.4901
13.467,-7.8654,-1.5057
13.476,-7.8869,-1.5096
13.486,-7.9086,-1.4827
13.496,-7.9304,-1.4939
13.506,-7.9524,-1.4995
13.515,-7.9746,-1.5052
13.524,-7.9969,-1.5358
13.533,-8.0193,-1.5123
13.542,-8.0417,-1.5157
13.55,-8.0645,-1.5068
13.559,-8.0873,-1.5044
13.568,-8.1101,-1.4692
13.576,-8.133,-1.4655
13.585,-8.1559,-1.4289
13.593,-8.1788,-1.4082
13.602,-8.2017,-1.3946
13.611,-8.2247,-1.3732
13.619,-8.2478,-1.3519
13.627,-8.2709,-1.3203
13.636,-8.2941,-1.2992
13.644,-8.3173,-1.2792
13.651,-8.3405,-1.2468
13.659,-8.3635,-1.2417
13.666,-8.387,-1.194
13.673,-8.4102,-1.1665
13.681,-8.4335,-1.1478
13.688,-8.4565,-1.121
13.696,-8.4798,-1.1025
13.703,-8.5028,-1.0908
13.71,-8.5262,-1.0982
13.717,-8.5496,-1.1422
13.724,-8.573,-1.1575
13.73,-8.5962,-1.1734
13.737,-8.6195,-1.2091
13.743,-8.6428,-1.239
13.748,-8.6661,-1.2536
13.754,-8.6897,-1.2672
13.759,-8.7129,-1.3004
13.763,-8.736,-1.3357
13.768,-8.7595,-1.3408
13.773,-8.7828,-1.3402
13.778,-8.8061,-1.3338
13.783,-8.8293,-1.3431
13.787,-8.8528,-1.3587
13.792,-8.8762,-1.3839
13.797,-8.8995,-1.4119
13.801,-8.923,-1.4228
13.806,-8.9465,-1.4462
13.807,-8.9707,-1.4771
13.807,-8.9949,-1.4906
13.807,-9.0193,-1.5019
13.807,-9.0435,-1.5142
13.807,-9.0679,-1.5379
13.807,-9.092,-1.5698
13.806,-9.1163,-1.5742
13.806,-9.1407,-1.5994
13.805,-9.1651,-1.6213
13.804,-9.1897,-1.6292
13.803,-9.2145,-1.6487
13.802,-9.2395,-1.6492
13.801,-9.2649,-1.6497
13.799,-9.2901,-1.6695
13.797,-9.315,-1.7064
13.795,-9.3404,-1.72
13.793,-9.3659,-1.7566
13.791,-9.3917,-1.6675
13.788,-9.4169,-1.6751
13.786,-9.4424,-1.7046
13.783,-9.4676,-1.7112
13.78,-9.4929,-1.7161
13.777,-9.5183,-1.7966
13.77,-9.544,-1.7884
13.763,-9.5698,-1.7722
13.756,-9.5958,-1.7554
13.749,-9.6219,-1.7491
13.742,-9.6481,-1.7531
13.734,-9.6744,-1.7527
13.727,-9.7007,-1.7543
13.719,-9.7272,-1.752
13.711,-9.7537,-1.7327
13.704,-9.7803,-1.6962
13.697,-9.8071,-1.6696
13.69,-9.8339,-1.6567
13.682,-9.8609,-1.6545
13.675,-9.8879,-1.6507
13.668,-9.9149,-1.6626
13.66,-9.9421,-1.6587
13.653,-9.9692,-1.6319
13.646,-9.9963,-1.6225
13.639,-10.024,-1.6225
13.632,-10.051,-1.6227
13.624,-10.078,-1.6154
13.617,-10.106,-1.6176
13.61,-10.133,-1.615
13.602,-10.161,-1.6152
13.595,-10.188,-1.6131
13.587,-10.216,-1.6102
13.58,-10.244,-1.6079
13.573,-10.271,-1.61
13.566,-10.299,-1.6112
13.559,-10.327,-1.6061
13.552,-10.354,-1.6049
13.546,-10.382,-1.606
13.539,-10.409,-1.6104
13.532,-10.437,-1.6205
13.525,-10.464,-1.6367
13.518,-10.491,-1.5636
13.512,-10.518,-1.5443
13.505,-10.546,-1.5688
13.499,-10.573,-1.5734
13.493,-10.6,-1.758
13.488,-10.627,-1.7582
13.482,-10.654,-1.7504
13.477,-10.681,-1.7398
13.472,-10.708,-1.7307
13.466,-10.735,-1.7317
13.461,-10.762,-1.7274
13.456,-10.788,-1.7241
13.45,-10.815,-1.7107
13.445,-10.841,-1.6961
13.439,-10.868,-1.6905
13.434,-10.894,-1.6911
13.429,-10.92,-1.6821
13.423,-10.947,-1.6713
13.418,-10.973,-1.6471
13.413,-10.999,-1.6399
13.408,-11.026,-1.6386
13.402,-11.053,-1.6153
13.397,-11.08,-1.6093
13.392,-11.107,-1.6098
13.386,-11.134,-1.6119
13.38,-11.161,-1.6145
13.375,-11.188,-1.6144
13.369,-11.215,-1.6141
13.363,-11.242,-1.6012
13.358,-11.269,-1.5837
13.352,-11.297,-1.6086
13.346,-11.324,-1.627
13.34,-11.351,-1.608
13.335,-11.379,-1.6261
13.329,-11.406,-1.654
13.323,-11.434,-1.5618
13.317,-11.461,-1.5674
13.312,-11.489,-1.5836
13.306,-11.517,-1.5767
13.3,-11.545,-1.575
13.298,-11.573,-1.5671
13.296,-11.601,-1.5634
13.295,-11.628,-1.5628
13.293,-11.656,-1.5625
13.291,-11.684,-1.5654
13.289,-11.712,-1.5641
13.287,-11.74,-1.5655
13.285,-11.768,-1.5657
13.284,-11.795,-1.5655
13.282,-11.823,-1.5653
13.28,-11.851,-1.5656
13.278,-11.879,-1.5662
13.276,-11.907,-1.5636
13.274,-11.935,-1.5681
13.273,-11.962,-1.566
13.271,-11.99,-1.5672
13.269,-12.018,-1.5684
13.267,-12.046,-1.5675
13.265,-12.074,-1.5703
13.263,-12.102,-1.5638
13.262,-12.129,-1.564
13.26,-12.157,-1.5748
13.258,-12.185,-1.5723
13.256,-12.213,-1.5644
13.254,-12.241,-1.5662
13.253,-12.269,-1.5639
13.251,-12.296,-1.5629
13.249,-12.324,-1.6296
13.247,-12.352,-1.6391
13.245,-12.38,-1.6273
13.243,-12.408,-1.6181
13.242,-12.436,-1.5992
13.24,-12.463,-1.5279
13.238,-12.491,-1.5385
13.236,-12.519,-1.5636
13.234,-12.547,-1.5779
13.232,-12.575,-1.6131
13.231,-12.603,-1.6373
13.229,-12.631,-1.6188
13.227,-12.658,-1.5989
13.225,-12.686,-1.5711
13.223,-12.714,-1.5667
13.221,-12.742,-1.566
13.22,-12.77,-1.5658
13.218,-12.798,-1.565
13.216,-12.825,-1.5651
13.214,-12.853,-1.5673
13.212,-12.881,-1.5733
13.21,-12.909,-1.5634
13.209,-12.937,-1.5486
13.207,-12.965,-1.5665
13.205,-12.992,-1.5626
13.203,-13.02,-1.5668
13.201,-13.048,-1.5697
13.199,-13.076,-1.5731
13.198,-13.104,-1.5867
13.196,-13.132,-1.573
13.194,-13.159,-1.5686
13.192,-13.187,-1.5848
13.19,-13.215,-1.5883
13.188,-13.243,-1.5786
13.187,-13.271,-1.5696
13.185,-13.299,-1.5672
13.183,-13.326,-1.5846
13.181,-13.354,-1.576
13.179,-13.382,-1.5784
13.177,-13.41,-1.5674
13.176,-13.438,-1.5661
13.174,-13.466,-1.5713
13.172,-13.493,-1.5764
13.17,-13.521,-1.5801
13.168,-13.549,-1.5722
13.166,-13.577,-1.5727
13.165,-13.605,-1.5698
13.163,-13.633,-1.5729
13.161,-13.66,-1.5835
13.159,-13.688,-1.5859
13.157,-13.716,-1.5785
13.155,-13.744,-1.5702
13.154,-13.772,-1.5652
13.152,-13.8,-1.5706
13.15,-13.827,-1.5681
13.148,-13.855,-1.5706
13.146,-13.883,-1.5736
13.145,-13.911,-1.5872
13.143,-13.939,-1.5951
13.141,-13.967,-1.59
13.139,-13.994,-1.5751
13.137,-14.022,-1.5704
13.135,-14.05,-1.5747
13.134,-14.078,-1.576
13.132,-14.106,-1.5966
13.13,-14.134,-1.5767
13.128,-14.161,-1.5736
13.126,-14.189,-1.5709
13.124,-14.217,-1.5595
13.123,-14.245,-1.5581
13.121,-14.273,-1.5762
13.119,-14.301,-1.6048
13.117,-14.328,-1.6234
13.115,-14.356,-1.6203
13.113,-14.384,-1.6177
13.112,-14.412,-1.6039
13.11,-14.44,-1.6013
13.108,-14.468,-1.5903
13.106,-14.495,-1.5828
13.104,-14.523,-1.5773
13.102,-14.551,-1.5866
13.101,-14.579,-1.6036
13.099,-14.607,-1.5858
13.097,-14.635,-1.5851
13.095,-14.662,-1.5841
13.093,-14.69,-1.6184
13.091,-14.718,-1.609
13.09,-14.746,-1.6022
13.088,-14.774,-1.5948
13.086,-14.802,-1.5748
13.084,-14.829,-1.553
13.082,-14.857,-1.5919
13.08,-14.885,-1.5744
13.079,-14.913,-1.5936
13.077,-14.941,-1.5721
13.075,-14.969,-1.5693
13.073,-14.997,-1.5665
13.071,-15.024,-1.5485
13.069,-15.052,-1.5635
13.068,-15.08,-1.589
13.066,-15.108,-1.5855
13.064,-15.136,-1.5926
13.062,-15.164,-1.5951
13.06,-15.191,-1.5899
13.058,-15.219,-1.5872
13.057,-15.247,-1.583
13.055,-15.275,-1.5946
13.053,-15.303,-1.5966
13.051,-15.331,-1.5876
13.049,-15.358,-1.5895
13.047,-15.386,-1.585
13.046,-15.414,-1.5843
13.044,-15.442,-1.5664
13.042,-15.47,-1.5672
13.04,-15.498,-1.5729
13.038,-15.525,-1.5689
13.037,-15.553,-1.5618
13.035,-15.581,-1.5658
13.033,-15.609,-1.5721
13.031,-15.637,-1.5756
13.029,-15.665,-1.568
13.027,-15.692,-1.5621
13.026,-15.72,-1.5295
13.024,-15.748,-1.5291
13.022,-15.776,-1.534
13.02,-15.804,-1.5261
13.018,-15.832,-1.5251
13.016,-15.859,-1.5004
13.015,-15.887,-1.4997
13.013,-15.915,-1.5002
13.011,-15.943,-1.5268
13.009,-15.971,-1.5279
13.007,-15.999,-1.5635
13.005,-16.026,-1.5951
13.004,-16.054,-1.6026
13.002,-16.082,-1.6745
13,-16.11,-1.6898
12.998,-16.138,-1.7289
12.996,-16.166,-1.7523
12.994,-16.193,-1.7847
12.993,-16.221,-1.8323
12.991,-16.249,-1.854
12.989,-16.277,-1.8445
12.987,-16.305,-1.8526
12.985,-16.333,-1.8531
12.983,-16.36,-1.8486
12.982,-16.388,-1.8517
12.98,-16.416,-1.8346
12.978,-16.444,-1.8326
12.976,-16.472,-1.8288
12.974,-16.5,-1.8308
12.972,-16.527,-1.801
12.971,-16.555,-1.8279
12.969,-16.583,-1.7858
12.967,-16.611,-1.7774
12.965,-16.639,-1.7744
12.963,-16.667,-1.7778
12.961,-16.694,-1.7584
12.96,-16.722,-1.721
12.958,-16.75,-1.7166
12.956,-16.778,-1.7093
12.954,-16.806,-1.7197
12.952,-16.834,-1.7115
12.95,-16.861,-1.6783
12.949,-16.889,-1.6784
12.947,-16.917,-1.669
12.945,-16.945,-1.6623
12.943,-16.973,-1.6706
12.941,-17.001,-1.6621
12.94,-17.028,-1.66
12.938,-17.056,-1.6352
12.936,-17.084,-1.6476
12.934,-17.112,-1.6634
12.932,-17.14,-1.6723
12.93,-17.168,-1.6685
12.929,-17.195,-1.6703
12.927,-17.223,-1.6867
12.925,-17.251,-1.6804
12.923,-17.279,-1.6503
12.921,-17.307,-1.6631
12.919,-17.335,-1.6941
12.918,-17.362,-1.6633
12.916,-17.39,-1.6711
12.914,-17.418,-1.6667
12.912,-17.446,-1.6622
12.91,-17.474,-1.66
12.908,-17.502,-1.6584
12.907,-17.53,-1.6569
12.905,-17.557,-1.6503
12.903,-17.585,-1.6259
12.901,-17.613,-1.622
12.899,-17.641,-1.6303
12.897,-17.669,-1.6272
12.896,-17.697,-1.6224
12.894,-17.724,-1.6185
12.892,-17.752,-1.6189
12.89,-17.78,-1.6172
12.888,-17.808,-1.5906
12.886,-17.836,-1.5928
12.885,-17.864,-1.5944
12.883,-17.891,-1.6
12.881,-17.919,-1.6031
12.879,-17.947,-1.611
12.877,-17.975,-1.6181
12.875,-18.003,-1.6386
12.874,-18.031,-1.6471
12.872,-18.058,-1.6503
12.87,-18.086,-1.6609
12.868,-18.114,-1.6602
12.866,-18.142,-1.6648
12.864,-18.17,-1.637
12.863,-18.198,-1.6422
12.861,-18.225,-1.6582
12.859,-18.253,-1.6614
12.857,-18.281,-1.6637
12.855,-18.309,-1.6671
12.853,-18.337,-1.6608
12.852,-18.365,-1.6649
12.85,-18.392,-1.6728
12.848,-18.42,-1.6869
12.846,-18.448,-1.7028
12.844,-18.476,-1.711
12.842,-18.504,-1.7116
12.841,-18.532,-1.7204
12.839,-18.559,-1.729
12.837,-18.587,-1.7475
12.835,-18.615,-1.7625
12.833,-18.643,-1.8031
12.831,-18.67,-1.8077
12.829,-18.698,-1.8074
12.826,-18.725,-1.7813
12.824,-18.751,-1.7838
12.822,-18.778,-1.794
12.819,-18.804,-1.812
12.816,-18.83,-1.8532
12.814,-18.856,-1.8603
12.811,-18.882,-1.8277
12.808,-18.907,-1.8341
12.805,-18.933,-1.8383
12.801,-18.958,-1.8607
12.798,-18.983,-1.8747
12.794,-19.008,-1.9062
12.791,-19.033,-1.9137
12.787,-19.058,-1.8638
12.783,-19.082,-1.8425
12.779,-19.106,-1.8767
12.775,-19.13,-1.9083
12.77,-19.154,-1.9235
12.766,-19.178,-1.9451
12.761,-19.202,-1.9707
12.756,-19.226,-2.0189
12.751,-19.25,-1.9115
12.745,-19.273,-1.9146
12.74,-19.297,-1.9148
12.734,-19.32,-1.9185
12.728,-19.343,-1.924
12.721,-19.366,-1.9274
12.715,-19.389,-1.9336
12.708,-19.412,-1.9421
12.701,-19.435,-1.9473
12.694,-19.458,-1.9563
12.686,-19.481,-1.9635
12.678,-19.504,-1.9791
12.67,-19.527,-1.9964
12.662,-19.55,-2.006
12.653,-19.573,-2.0142
12.644,-19.596,-2.0276
12.635,-19.618,-2.0523
12.625,-19.641,-2.0382
12.615,-19.664,-2.0422
12.605,-19.687,-2.0499
12.594,-19.71,-2.08
12.583,-19.732,-2.0705
12.572,-19.755,-2.0729
12.56,-19.778,-2.0818
12.548,-19.801,-2.0872
12.536,-19.823,-2.0939
12.523,-19.845,-2.1059
12.511,-19.867,-2.1059
12.498,-19.889,-2.1116
12.485,-19.911,-2.1185
12.471,-19.932,-2.1294
12.458,-19.953,-2.1394
12.444,-19.974,-2.1594
12.43,-19.995,-2.1755
12.416,-20.015,-2.0961
12.402,-20.035,-2.0937
12.387,-20.056,-2.0914
12.372,-20.076,-2.1127
12.356,-20.095,-2.2473
12.341,-20.115,-2.2243
12.325,-20.134,-2.2052
12.309,-20.153,-2.1705
12.293,-20.172,-2.159
12.277,-20.191,-2.1558
12.261,-20.209,-2.1705
12.244,-20.227,-2.178
12.226,-20.245,-2.2065
12.209,-20.263,-2.2222
12.191,-20.28,-2.2314
12.172,-20.297,-2.2012
12.153,-20.314,-2.2053
12.135,-20.331,-2.223
12.115,-20.348,-2.2262
12.096,-20.365,-2.2387
12.076,-20.381,-2.2402
12.056,-20.398,-2.2653
12.036,-20.414,-2.2498
12.016,-20.43,-2.2979
11.996,-20.446,-2.2766
11.975,-20.462,-2.2878
11.954,-20.478,-2.3028
11.932,-20.493,-2.315
11.91,-20.509,-2.3289
11.887,-20.524,-2.3313
11.864,-20.538,-2.3435
11.84,-20.553,-2.3522
11.817,-20.567,-2.3641
11.793,-20.581,-2.3721
11.768,-20.595,-2.38
11.744,-20.609,-2.3957
11.718,-20.622,-2.4081
11.693,-20.636,-2.4164
11.667,-20.648,-2.4219
11.64,-20.66,-2.4481
11.613,-20.672,-2.4586
11.586,-20.684,-2.4646
11.559,-20.696,-2.4735
11.532,-20.707,-2.4809
11.504,-20.718,-2.492
11.477,-20.728,-2.5043
11.45,-20.738,-2.5422
11.422,-20.748,-2.5617
11.395,-20.757,-2.574
11.368,-20.766,-2.5954
11.341,-20.775,-2.6233
11.314,-20.783,-2.6797
11.287,-20.791,-2.5242
11.26,-20.798,-2.5089
11.233,-20.805,-2.521
11.206,-20.812,-2.5828
11.179,-20.818,-2.5924
11.152,-20.824,-2.8437
11.125,-20.83,-2.8544
11.099,-20.835,-2.8382
11.072,-20.839,-2.8382
11.046,-20.843,-2.7067
11.019,-20.847,-2.7875
10.993,-20.85,-2.8248
10.967,-20.853,-2.859
10.941,-20.855,-2.9058
10.915,-20.857,-2.9236
10.888,-20.859,-2.9439
10.862,-20.861,-2.964
10.836,-20.862,-2.9972
10.81,-20.863,-2.9919
10.784,-20.864,-3.0058
10.758,-20.865,-3.0197
10.733,-20.866,-3.0359
10.707,-20.866,-3.0577
10.681,-20.866,-3.0804
10.655,-20.866,-3.0895
10.63,-20.865,-3.1092
10.605,-20.864,-3.1224
10.58,-20.863,3.1414
10.555,-20.861,3.138
10.531,-20.86,3.1199
10.506,-20.858,3.1201
10.481,-20.855,3.11
10.456,-20.853,3.1009
10.432,-20.85,3.0943
10.407,-20.847,3.0874
10.383,-20.844,3.0898
10.358,-20.841,3.0751
10.335,-20.838,3.0712
10.311,-20.834,3.0645
10.288,-20.83,3.0569
10.264,-20.825,3.0525
10.241,-20.82,3.047
10.218,-20.815,3.0389
10.195,-20.81,3.0266
10.172,-20.805,3.0187
10.149,-20.799,3.0108
10.125,-20.794,3.0086
10.102,-20.788,3.0012
10.079,-20.782,3.0059
10.057,-20.776,2.9965
10.035,-20.77,2.8571
10.012,-20.763,2.8179
9.9902,-20.756,2.8197
9.9685,-20.749,2.8389
9.9469,-20.742,2.8323
9.9251,-20.734,2.8296
9.9031,-20.727,2.826
9.8813,-20.719,2.8239
9.8597,-20.71,2.8177
9.8384,-20.702,2.8114
9.8176,-20.693,2.8311
9.7966,-20.684,2.829
9.7757,-20.675,2.8336
9.7552,-20.666,2.827
9.7349,-20.657,2.824
9.7148,-20.647,2.817
9.6942,-20.637,2.8119
9.6739,-20.627,2.813
9.6531,-20.617,2.8144
9.6322,-20.606,2.8107
9.6118,-20.595,2.7953
9.5911,-20.584,2.7881
9.5701,-20.572,2.7857
9.5487,-20.56,2.7772
9.5275,-20.548,2.7781
9.5063,-20.536,2.7727
9.485,-20.523,2.7711
9.4637,-20.51,2.754
9.4426,-20.497,2.7603
9.4213,-20.483,2.7578
9.4,-20.469,2.7452
9.3784,-20.455,2.7436
9.3569,-20.44,2.7415
9.3354,-20.425,2.6995
9.3135,-20.409,2.7037
9.2919,-20.394,2.7052
9.2696,-20.377,2.7044
9.2475,-20.36,2.7173
9.2254,-20.343,2.7089
9.2034,-20.325,2.6978
9.181,-20.307,2.6991
9.1586,-20.288,2.6509
9.1363,-20.269,2.6567
9.114,-20.25,2.6462
9.0916,-20.231,2.6365
9.0691,-20.211,2.6318
9.0468,-20.19,2.6434
9.0244,-20.169,2.6484
9.0019,-20.148,2.644
8.9792,-20.126,2.6424
8.9563,-20.104,2.6383
8.9328,-20.081,2.6295
8.9089,-20.058,2.6017
8.8852,-20.035,2.5757
8.8616,-20.011,2.5713
8.8382,-19.987,2.5549
8.815,-19.964,2.5483
8.7917,-19.939,2.5437
8.7688,-19.915,2.4868
8.746,-19.89,2.4999
8.7232,-19.865,2.4796
8.7006,-19.84,2.4587
8.6782,-19.815,2.4588
8.6559,-19.79,2.4523
8.6336,-19.764,2.4417
8.6114,-19.738,2.4376
8.5891,-19.712,2.4097
8.5672,-19.685,2.3743
8.5456,-19.658,2.3572
8.5241,-19.631,2.3537
8.5028,-19.603,2.3516
8.4815,-19.575,2.3437
8.4606,-19.546,2.3362
8.4397,-19.517,2.2852
8.4194,-19.487,2.2755
8.3995,-19.458,2.2543
8.3799,-19.428,2.2552
8.3606,-19.399,2.2467
8.341,-19.368,2.2414
8.3218,-19.338,2.2369
8.3028,-19.308,2.2295
8.2843,-19.277,2.2098
8.2663,-19.246,2.1824
8.249,-19.215,2.1753
8.2318,-19.183,2.174
8.2144,-19.152,2.1534
8.1977,-19.119,2.1198
8.1814,-19.087,2.123
8.1657,-19.055,2.0916
8.1503,-19.022,2.0685
8.1352,-18.989,2.0571
8.121,-18.956,2.0555
8.1072,-18.923,2.0468
8.094,-18.891,2.0458
8.0812,-18.859,2.0418
8.0683,-18.826,2.0378
8.0554,-18.794,2.025
8.043,-18.762,2.0028
8.031,-18.729,2.0275
8.0194,-18.697,2.0346
8.0081,-18.664,2.0109
7.9973,-18.632,2.0206
7.9868,-18.6,2.0346
7.9764,-18.567,2.0317
7.9661,-18.535,1.8763
7.9563,-18.503,1.8884
7.947,-18.47,1.9004
7.9382,-18.438,1.8948
7.9299,-18.406,1.8878
7.9223,-18.374,1.8855
7.9149,-18.342,1.882
7.9082,-18.31,1.879
7.9019,-18.278,1.8782
7.8962,-18.247,1.8718
7.8906,-18.216,1.8506
7.8857,-18.185,1.8225
7.881,-18.154,1.8153
7.8768,-18.123,1.7934
7.8727,-18.092,1.7779
7.8692,-18.06,1.7749
7.866,-18.029,1.7614
7.863,-17.998,1.7138
7.8608,-17.967,1.7149
7.8589,-17.936,1.7107
7.8575,-17.905,1.7068
7.8563,-17.873,1.6939
7.8561,-17.842,1.6898
7.8565,-17.811,1.684
7.857,-17.78,1.6804
7.858,-17.749,1.6789
7.8588,-17.718,1.6775
7.8599,-17.685,1.6775
7.8613,-17.653,1.6596
7.8628,-17.622,1.6341
7.8645,-17.59,1.6252
7.8666,-17.558,1.6184
7.8689,-17.527,1.6126
7.8711,-17.495,1.6106
7.8736,-17.464,1.6066
7.8762,-17.433,1.6018
7.8792,-17.401,1.5551
7.8829,-17.371,1.5524
7.8869,-17.34,1.5441
7.891,-17.309,1.54
7.8954,-17.278,1.5355
7.9001,-17.248,1.5292
7.9052,-17.218,1.5142
7.9105,-17.189,1.4677
7.9159,-17.159,1.4758
7.9215,-17.13,1.4682
7.9273,-17.101,1.4637
7.9332,-17.072,1.4576
7.9394,-17.043,1.4452
7.9464,-17.014,1.4446
7.9536,-16.986,1.4421
7.9607,-16.957,1.3989
7.9677,-16.929,1.3973
7.9749,-16.902,1.3918
7.9819,-16.875,1.381
7.9893,-16.849,1.3616
7.9968,-16.823,1.3364
8.0046,-16.797,1.3326
8.0127,-16.771,1.3256
8.0208,-16.746,1.3271
8.0289,-16.721,1.3307
8.0374,-16.696,1.3279
8.0459,-16.671,1.3136
8.0544,-16.646,1.2953
8.0627,-16.621,1.2929
8.0713,-16.595,1.2888
8.0799,-16.57,1.2711
8.0892,-16.544,1.271
8.0988,-16.519,1.2594
8.1085,-16.494,1.2582
8.1182,-16.469,1.2548
8.1279,-16.444,1.2521
8.1377,-16.418,1.2326
8.1475,-16.393,1.2275
8.1577,-16.368,1.2133
8.1682,-16.343,1.2141
8.1788,-16.318,1.2147
8.1896,-16.293,1.2068
8.2006,-16.268,1.1993
8.2113,-16.243,1.1843
8.2219,-16.218,1.1823
8.2325,-16.192,1.1753
8.2432,-16.167,1.1389
8.254,-16.143,1.1372
8.2647,-16.118,1.1154
8.2757,-16.093,1.1129
8.2866,-16.068,1.1128
8.2978,-16.043,1.1379
8.3094,-16.017,1.1515
8.3215,-15.992,1.1529
8.3331,-15.967,1.1471
8.3451,-15.941,1.1454
8.3571,-15.915,1.1472
8.3689,-15.89,1.1438
8.3807,-15.864,1.1451
8.3928,-15.839,1.1254
8.4046,-15.814,1.1238
8.416,-15.79,1.1219
8.4277,-15.766,1.1278
8.4395,-15.741,1.1258
8.4511,-15.717,1.1247
8.4628,-15.693,1.1244
8.4745,-15.669,1.1069
8.4861,-15.645,1.1267
8.4979,-15.621,1.1301
8.5097,-15.597,1.1147
8.5215,-15.573,1.1112
8.5337,-15.549,1.0953
8.5461,-15.524,1.092
8.5585,-15.499,1.0957
8.5709,-15.474,1.1059
8.5834,-15.449,1.0994
8.5958,-15.423,1.0965
8.608,-15.397,1.1013
8.6201,-15.372,1.0983
8.6324,-15.345,1.1012
8.6447,-15.319,1.1035
8.657,-15.292,1.1048
8.6693,-15.265,1.1746
8.6817,-15.237,1.1791
8.6939,-15.209,1.1357
8.706,-15.181,1.1262
8.718,-15.153,1.1225
8.7302,-15.125,1.1166
8.7421,-15.097,1.1286
8.754,-15.069,1.1395
8.766,-15.04,1.1528
8.7782,-15.011,1.1544
8.7904,-14.982,1.1555
8.8026,-14.953,1.1361
8.8147,-14.923,1.1645
8.8268,-14.893,1.1649
8.8388,-14.862,1.1494
8.8506,-14.832,1.1175
8.8623,-14.801,1.1159
8.8738,-14.771,1.1545
8.885,-14.74,1.1599
8.8961,-14.709,1.1627
8.9071,-14.678,1.1292
8.918,-14.647,1.1631
8.9288,-14.616,1.1317
8.9395,-14.585,1.136
8.9501,-14.553,1.1345
8.9605,-14.522,1.1219
8.9708,-14.49,1.1112
8.981,-14.459,1.1288
8.991,-14.427,1.1329
9.0009,-14.395,1.1428
9.0107,-14.364,1.1547
9.0204,-14.332,1.164
9.03,-14.3,1.1576
9.0395,-14.268,1.1687
9.0487,-14.236,1.1849
9.0577,-14.204,1.1805
9.0667,-14.172,1.1839
9.0757,-14.14,1.1974
9.0846,-14.108,1.2057
9.0936,-14.076,1.2152
9.1024,-14.044,1.2204
9.1111,-14.011,1.2317
9.1196,-13.979,1.2396
9.128,-13.947,1.2444
9.1358,-13.915,1.2969
9.1433,-13.883,1.303
9.1502,-13.852,1.328
9.1576,-13.82,1.3356
9.1644,-13.789,1.3366
9.1711,-13.757,1.3477
9.1775,-13.726,1.3538
9.1839,-13.695,1.3817
9.19,-13.664,1.3868
9.1964,-13.633,1.3986
9.2029,-13.601,1.4109
9.2091,-13.57,1.4223
9.2152,-13.539,1.4331
9.2212,-13.507,1.4358
9.2271,-13.476,1.4525
9.2328,-13.444,1.4634
9.2385,-13.412,1.4714
9.2439,-13.381,1.4838
9.2493,-13.349,1.4674
9.2545,-13.317,1.4666
9.2593,-13.286,1.4659
9.2639,-13.255,1.482
9.2685,-13.223,1.5011
9.2729,-13.192,1.5168
9.277,-13.161,1.5269
9.2811,-13.13,1.5319
9.285,-13.099,1.5448
9.2889,-13.068,1.5536
9.2925,-13.037,1.5607
9.2959,-13.007,1.5381
9.2994,-12.977,1.5341
9.3026,-12.947,1.5424
9.3057,-12.918,1.5467
9.3087,-12.889,1.5651
9.3118,-12.859,1.5686
9.3148,-12.83,1.5793
9.318,-12.801,1.5309
9.3212,-12.772,1.522
9.3242,-12.744,1.5259
9.3271,-12.715,1.5128
9.33,-12.687,1.4777
9.3329,-12.658,1.4719
9.3357,-12.63,1.4696
9.3384,-12.602,1.4667
9.341,-12.574,1.4664
9.3436,-12.546,1.4538
9.3463,-12.518,1.4547
9.3489,-12.49,1.4544
9.3513,-12.463,1.4335
9.3534,-12.435,1.4421
9.3555,-12.407,1.4412
9.3575,-12.379,1.4445
9.3596,-12.352,1.4448
9.3615,-12.325,1.4268
9.3636,-12.298,1.397
9.3657,-12.27,1.394
9.3676,-12.244,1.3989
9.3696,-12.217,1.3904
9.3713,-12.19,1.3597
9.373,-12.163,1.3566
9.3745,-12.137,1.3525
9.3759,-12.11,1.3382
9.3771,-12.083,1.3344
9.3782,-12.056,1.2993
9.3793,-12.03,1.2955
9.3802,-12.003,1.2984
9.381,-11.977,1.3037
9.3816,-11.95,1.2731
9.3818,-11.924,1.2687
9.3819,-11.897,1.2731
9.3819,-11.87,1.2865
9.3816,-11.844,1.3102
9.3811,-11.817,1.3278
9.3806,-11.79,1.3529
9.3799,-11.764,1.3713
9.3791,-11.737,1.4219
9.378,-11.71,1.4232
9.3769,-11.683,1.4002
9.3755,-11.656,1.408
9.374,-11.629,1.4012
9.3724,-11.603,1.3977
9.3709,-11.576,1.4113
9.3686,-11.549,1.4547
9.3659,-11.522,1.4842
9.3628,-11.494,1.5073
9.3593,-11.467,1.546
9.3554,-11.439,1.5818
9.3513,-11.412,1.5991
9.3468,-11.385,1.6028
9.3422,-11.358,1.5816
9.3375,-11.331,1.5615
9.3325,-11.305,1.5389
9.3275,-11.279,1.5357
9.3224,-11.253,1.5386
9.3173,-11.228,1.5626
9.3118,-11.203,1.584
9.3062,-11.178,1.6021
9.3004,-11.153,1.6304
9.2942,-11.128,1.6532
9.2879,-11.104,1.6643
9.2813,-11.079,1.6906
9.2745,-11.055,1.6989
9.2676,-11.031,1.6984
9.2603,-11.007,1.7056
9.2527,-10.984,1.7159
9.245,-10.961,1.7352
9.237,-10.938,1.7559
9.2287,-10.915,1.7425
9.2202,-10.893,1.7597
9.2114,-10.871,1.795
9.2023,-10.85,1.7941
9.1927,-10.828,1.7944
9.1827,-10.806,1.7997
9.1727,-10.785,1.7842
9.1624,-10.764,1.7906
9.1518,-10.742,1.7794
9.1409,-10.721,1.7668
9.1299,-10.701,1.8007
9.1186,-10.68,1.8033
9.1071,-10.659,1.8164
9.0951,-10.639,1.8453
9.0827,-10.618,1.854
9.0701,-10.598,1.8676
9.0573,-10.578,1.8894
9.0444,-10.558,1.9071
9.0312,-10.538,1.9209
9.0176,-10.519,1.9406
9.0032,-10.499,1.9728
8.9887,-10.48,1.9868
8.9742,-10.46,2.0077
8.9595,-10.441,2.0138
8.9445,-10.422,2.0173
8.9294,-10.404,2.0173
8.9144,-10.385,2.0336
8.8994,-10.368,2.0707
8.8843,-10.35,2.0864
8.8692,-10.333,2.1042
8.8542,-10.316,2.1299
8.8387,-10.299,2.1492
8.823,-10.282,2.1809
8.8074,-10.266,2.2095
8.7914,-10.25,2.231
8.7754,-10.235,2.2601
8.7592,-10.219,2.2742
8.7431,-10.204,2.2896
8.7268,-10.19,2.3111
8.7105,-10.175,2.3398
8.6943,-10.161,2.3632
8.6773,-10.147,2.3811
8.6599,-10.134,2.3931
8.6422,-10.12,2.4024
8.6245,-10.107,2.4236
8.6067,-10.094,2.4521
8.5885,-10.081,2.4744
8.5701,-10.069,2.4828
8.5514,-10.057,2.5052
8.5326,-10.045,2.5228
8.5143,-10.033,2.5295
8.4952,-10.022,2.5552
8.476,-10.011,2.5338
8.4566,-10,2.5304
8.4366,-9.9895,2.5203
8.4166,-9.979,2.514
8.3965,-9.9685,2.6272
8.3762,-9.9581,2.6492
8.3558,-9.9477,2.6261
8.3351,-9.9374,2.6229
8.3137,-9.927,2.6196
8.2915,-9.9165,2.6269
8.2689,-9.9058,2.6226
8.2458,-9.8952,2.6308
8.2227,-9.8849,2.6311
8.199,-9.8747,2.6404
8.1752,-9.8648,2.6357
8.1512,-9.855,2.6404
8.1268,-9.8453,2.6517
8.102,-9.8358,2.6507
8.0765,-9.8262,2.6508
8.0512,-9.8169,2.6487
8.0256,-9.8076,2.6528
7.9998,-9.7983,2.6621
7.9732,-9.7891,2.6649
7.9464,-9.7799,2.6663
7.919,-9.7707,2.6713
7.8905,-9.7614,2.6812
7.862,-9.7524,2.6844
7.8327,-9.7434,2.6969
7.8033,-9.7345,2.7087
7.773,-9.7255,2.7172
7.7422,-9.7167,2.7215
7.7109,-9.708,2.759
7.6789,-9.6992,2.6794
7.6465,-9.6906,2.677
7.6141,-9.6822,2.6693
7.5816,-9.6741,2.6512
7.5488,-9.6662,2.6935
7.5155,-9.6587,2.7887
7.4822,-9.6513,2.7798
7.4484,-9.644,2.794
7.4143,-9.637,2.7742
7.3805,-9.6302,2.7668
7.3463,-9.6236,2.7834
7.3126,-9.6174,2.7974
7.2781,-9.6112,2.8087
7.243,-9.605,2.8058
7.2074,-9.5989,2.8258
7.1713,-9.5929,2.8363
7.135,-9.587,2.8494
7.0986,-9.5812,2.8703
7.0621,-9.5754,2.8619
7.0253,-9.5698,2.8609
6.9886,-9.5642,2.8688
6.9516,-9.5587,2.888
6.9147,-9.5534,2.9056
6.8779,-9.5484,2.9288
6.8408,-9.5434,2.9353
6.8034,-9.5386,2.947
6.7659,-9.5339,2.9532
6.7282,-9.5294,2.9497
6.6903,-9.5252,2.9438
6.6521,-9.5213,2.957
6.6132,-9.5177,2.9818
6.5742,-9.5145,2.9893
6.5355,-9.5117,2.993
6.4971,-9.5092,3.0105
6.4587,-9.507,3.0301
6.4202,-9.505,3.0488
6.3815,-9.5031,3.0513
6.3432,-9.5016,3.0509
6.3045,-9.5003,3.0624
6.2656,-9.4994,3.0721
6.2264,-9.499,3.0909
6.1875,-9.4988,3.1019
6.1487,-9.4994,3.1338
6.1101,-9.5001,3.1195
6.0714,-9.5013,3.1279
6.0325,-9.5026,-3.1335
5.9936,-9.5044,3.1364
5.9544,-9.5066,-3.1264
5.9151,-9.5092,-3.1379
5.8755,-9.5121,-3.1405
5.8359,-9.5153,-3.1284
5.7969,-9.5188,-3.1207
5.7586,-9.5227,-3.1312
5.7209,-9.5268,-3.1025
5.6835,-9.5311,-3.087
5.6452,-9.5356,-3.0845
5.6074,-9.5404,-3.0772
5.5695,-9.5454,-3.0759
5.5314,-9.5509,-3.0617
5.4934,-9.5569,-3.0507
5.4556,-9.5635,-3.0428
5.4179,-9.5705,-3.0385
5.38,-9.5779,-3.0157
5.3421,-9.5859,-3.015
5.3039,-9.5942,-3.0132
5.2662,-9.6029,-2.9914
5.2286,-9.6122,-2.9616
5.1912,-9.6218,-2.9425
5.1546,-9.6321,-2.9388
5.1179,-9.6427,-2.9284
5.0818,-9.6539,-2.9374
5.0455,-9.6655,-2.9268
5.0098,-9.6775,-2.9426
4.9745,-9.6901,-2.938
4.9395,-9.703,-2.9328
4.9049,-9.7164,-2.9285
4.8703,-9.7303,-2.8712
4.8356,-9.7445,-2.8854
4.8009,-9.7592,-2.9075
4.7663,-9.7742,-2.8817
4.7319,-9.7895,-2.8774
4.6974,-9.8052,-2.8667
4.6632,-9.8213,-2.8522
4.629,-9.8377,-2.8549
4.5945,-9.8545,-2.8751
4.5602,-9.8716,-2.8488
4.5258,-9.8891,-2.8263
4.4916,-9.907,-2.8349
4.4575,-9.9253,-2.8473
4.4236,-9.944,-2.8438
4.3899,-9.9631,-2.8249
4.356,-9.9825,-2.8105
4.3219,-10.002,-2.7902
4.2873,-10.023,-2.7649
4.2528,-10.043,-2.7756
4.2178,-10.064,-2.7787
4.1825,-10.085,-2.7609
4.1471,-10.107,-2.7471
4.1115,-10.129,-2.7551
4.0757,-10.151,-2.7579
4.0399,-10.174,-2.74
4.0041,-10.196,-2.725
3.9684,-10.22,-2.7007
3.9326,-10.243,-2.684
3.8968,-10.267,-2.6931
3.8612,-10.29,-2.7001
3.8255,-10.314,-2.693
3.7897,-10.339,-2.6782
3.7536,-10.363,-2.6676
3.7175,-10.388,-2.645
3.6811,-10.414,-2.6547
3.6446,-10.439,-2.6156
3.6077,-10.465,-2.6243
3.571,-10.491,-2.6241
3.5343,-10.517,-2.628
3.4975,-10.544,-2.6158
3.4601,-10.57,-2.6007
3.4232,-10.597,-2.5997
3.3862,-10.625,-2.6007
3.3492,-10.652,-2.6
3.3128,-10.68,-2.6106
3.2764,-10.708,-2.6069
3.2399,-10.736,-2.6098
3.2034,-10.764,-2.6087
3.1668,-10.793,-2.581
3.1302,-10.821,-2.5783
3.0933,-10.85,-2.5763
3.056,-10.879,-2.5757
3.018,-10.909,-2.5785
2.98,-10.939,-2.557
2.9424,-10.969,-2.5386
2.9047,-10.999,-2.5446
2.867,-11.029,-2.5412
2.8292,-11.059,-2.5333
2.7914,-11.09,-2.5296
2.7537,-11.12,-2.5544
2.7159,-11.15,-2.5659
2.6782,-11.18,-2.5397
2.6404,-11.211,-2.5462
2.6026,-11.241,-2.5602
2.5649,-11.271,-2.5581
2.5271,-11.302,-2.5465
2.4893,-11.332,-2.5426
2.4516,-11.362,-2.5409
2.4138,-11.393,-2.538
2.3761,-11.423,-2.5386
2.3383,-11.453,-2.5463
2.3005,-11.484,-2.5414
2.2628,-11.514,-2.5466
2.225,-11.544,-2.5118
2.1873,-11.574,-2.4894
2.1495,-11.605,-2.4861
2.1117,-11.635,-2.4824
2.074,-11.665,-2.5012
2.0362,-11.696,-2.5016
1.9985,-11.726,-2.4957
1.9607,-11.756,-2.4859
1.9229,-11.787,-2.4692
1.8852,-11.817,-2.4666
1.8474,-11.847,-2.4828
1.8096,-11.878,-2.4732
1.7719,-11.908,-2.495
1.7341,-11.938,-2.4833
1.6964,-11.968,-2.4932
1.6586,-11.999,-2.4855
1.6208,-12.029,-2.4753
1.5831,-12.059,-2.4739
1.5453,-12.09,-2.4682
1.5076,-12.12,-2.4593
1.4698,-12.15,-2.4517
1.432,-12.181,-2.4688
1.3943,-12.211,-2.4861
1.3565,-12.241,-2.4865
1.3188,-12.272,-2.4759
1.281,-12.302,-2.4692
1.2432,-12.332,-2.4606
1.2055,-12.363,-2.4481
1.1677,-12.393,-2.4706
1.13,-12.423,-2.4931
1.0922,-12.453,-2.4857
1.0544,-12.484,-2.4738
1.0167,-12.514,-2.4839
0.97891,-12.544,-2.4756
0.94115,-12.575,-2.4734
0.90339,-12.605,-2.4832
0.86563,-12.635,-2.4711
0.82787,-12.666,-2.4643
0.7901,-12.696,-2.4629
0.75234,-12.726,-2.4596
0.71458,-12.757,-2.4694
0.67682,-12.787,-2.4702
0.63906,-12.817,-2.4926
0.6013,-12.847,-2.4877
0.56354,-12.878,-2.4891
0.52578,-12.908,-2.4757
0.48802,-12.938,-2.4887
0.45026,-12.969,-2.4903
0.4125,-12.999,-2.4891
0.37473,-13.029,-2.4963
0.33697,-13.06,-2.4933
0.29921,-13.09,-2.49
0.26145,-13.12,-2.4814
0.22369,-13.151,-2.479
0.18593,-13.181,-2.4731
0.14817,-13.211,-2.4609
0.11041,-13.241,-2.4528
0.072647,-13.272,-2.4473
0.034886,-13.302,-2.4683
-0.0028747,-13.332,-2.4671
-0.040636,-13.363,-2.4663
-0.078397,-13.393,-2.4615
-0.11616,-13.423,-2.4707
-0.15392,-13.454,-2.4621
-0.19168,-13.484,-2.4799
-0.22944,-13.514,-2.4671
-0.2672,-13.545,-2.4636
-0.30496,-13.575,-2.4505
-0.34272,-13.605,-2.4602
-0.38048,-13.635,-2.4586
-0.41824,-13.666,-2.4632
-0.45601,-13.696,-2.4634
-0.49377,-13.726,-2.468
-0.53153,-13.757,-2.4856
-0.56929,-13.787,-2.491
-0.60705,-13.817,-2.467
-0.64481,-13.848,-2.4532
-0.68257,-13.878,-2.4904
-0.72033,-13.908,-2.4888
-0.75809,-13.939,-2.4684
-0.79585,-13.969,-2.4833
-0.83361,-13.999,-2.4918
-0.87138,-14.029,-2.4912
-0.90914,-14.06,-2.4701
-0.9469,-14.09,-2.4536
-0.98466,-14.12,-2.435
-1.0224,-14.151,-2.4349
-1.0602,-14.181,-2.4412
-1.0979,-14.211,-2.4728
-1.1357,-14.242,-2.4723
-1.1735,-14.272,-2.4584
-1.2112,-14.302,-2.4697
-1.249,-14.333,-2.4713
-1.2867,-14.363,-2.4806
-1.3245,-14.393,-2.4685
-1.3623,-14.423,-2.4804
-1.4,-14.454,-2.45
-1.4378,-14.484,-2.4633
-1.4756,-14.514,-2.4431
-1.5133,-14.545,-2.4245
-1.5511,-14.575,-2.4331
-1.5888,-14.605,-2.4647
-1.6266,-14.636,-2.4632
-1.6644,-14.666,-2.4679
-1.7021,-14.696,-2.4668
-1.7399,-14.727,-2.4685
-1.7776,-14.757,-2.4541
-1.8154,-14.787,-2.4396
-1.8532,-14.817,-2.454
-1.8909,-14.848,-2.4834
-1.9287,-14.878,-2.4948
-1.9664,-14.908,-2.4709
-2.0042,-14.939,-2.4765
-2.042,-14.969,-2.4627
-2.0797,-14.999,-2.4676
-2.1175,-15.03,-2.4702
-2.1552,-15.06,-2.4629
-2.193,-15.09,-2.4495
-2.2308,-15.121,-2.4295
-2.2685,-15.151,-2.4471
-2.3063,-15.181,-2.4281
-2.3441,-15.211,-2.4378
-2.3818,-15.242,-2.4454
-2.4196,-15.272,-2.4375
-2.4573,-15.302,-2.4242
-2.4951,-15.333,-2.4327
-2.5329,-15.363,-2.4453
-2.5706,-15.393,-2.455
-2.6084,-15.424,-2.4576
-2.6461,-15.454,-2.4603
-2.6839,-15.484,-2.4674
-2.7217,-15.515,-2.4764
-2.7594,-15.545,-2.4893
-2.7972,-15.575,-2.4646
-2.8349,-15.605,-2.4725
-2.8727,-15.636,-2.4817
-2.9105,-15.666,-2.4755
-2.9482,-15.696,-2.4635
-2.986,-15.727,-2.4732
-3.0237,-15.757,-2.4589
-3.0615,-15.787,-2.4658
-3.0993,-15.818,-2.4549
-3.137,-15.848,-2.4659
-3.1748,-15.878,-2.432
-3.2126,-15.909,-2.4201
-3.2503,-15.939,-2.4222
-3.2881,-15.969,-2.4364
-3.3258,-15.999,-2.4259
-3.3636,-16.03,-2.4342
-3.4014,-16.06,-2.44
-3.4391,-16.09,-2.452
-3.4769,-16.121,-2.4296
-3.5146,-16.151,-2.4125
-3.5524,-16.181,-2.4231
-3.5902,-16.212,-2.427
-3.6279,-16.242,-2.4348
-3.6657,-16.272,-2.4435
-3.7034,-16.303,-2.4526
-3.7412,-16.333,-2.4366
-3.779,-16.363,-2.4512
-3.8167,-16.393,-2.4303
-3.8545,-16.424,-2.4102
-3.8922,-16.454,-2.4164
-3.93,-16.484,-2.4296
-3.9678,-16.515,-2.4395
-4.0055,-16.545,-2.4507
-4.0433,-16.575,-2.4342
-4.0811,-16.606,-2.4476
-4.1188,-16.636,-2.4561
-4.1566,-16.666,-2.4618
-4.1943,-16.697,-2.4728
-4.2321,-16.727,-2.4774
-4.2699,-16.757,-2.461
-4.3076,-16.787,-2.4532
-4.3454,-16.818,-2.4672
-4.3831,-16.848,-2.4508
-4.4209,-16.878,-2.4594
-4.4587,-16.909,-2.4712
-4.4964,-16.939,-2.4552
-4.5342,-16.969,-2.4215
-4.5719,-17,-2.432
-4.6097,-17.03,-2.4295
-4.6475,-17.06,-2.4415
-4.6852,-17.091,-2.445
-4.723,-17.121,-2.4577
-4.7607,-17.151,-2.4503
-4.7985,-17.181,-2.4441
-4.8363,-17.212,-2.4479
-4.874,-17.242,-2.4533
-4.9118,-17.272,-2.462
-4.9496,-17.303,-2.4488
-4.9873,-17.333,-2.4599
-5.0251,-17.363,-2.4649
-5.0628,-17.394,-2.4695
-5.1006,-17.424,-2.4549
-5.1384,-17.454,-2.4531
-5.1761,-17.485,-2.4683
-5.2139,-17.515,-2.4532
-5.2516,-17.545,-2.4344
-5.2894,-17.575,-2.4139
-5.3272,-17.606,-2.4289
-5.3649,-17.636,-2.4386
-5.4027,-17.666,-2.4208
-5.4404,-17.697,-2.418
-5.4782,-17.727,-2.4333
-5.516,-17.757,-2.4422
-5.5537,-17.788,-2.4553
-5.5915,-17.818,-2.4441
-5.6293,-17.848,-2.4285
-5.667,-17.879,-2.4244
-5.7048,-17.909,-2.4355
-5.7425,-17.939,-2.4596
-5.7803,-17.969,-2.4632
-5.8181,-18,-2.4704
-5.8558,-18.03,-2.4604
-5.8936,-18.06,-2.4484
-5.9313,-18.091,-2.431
-5.9691,-18.121,-2.4425
-6.0069,-18.151,-2.4541
-6.0446,-18.182,-2.4616
-6.0824,-18.212,-2.4684
-6.1201,-18.242,-2.4642
-6.1579,-18.273,-2.4864
-6.1957,-18.303,-2.4707
-6.2334,-18.333,-2.4533
-6.2712,-18.363,-2.4688
-6.3089,-18.394,-2.475
-6.3467,-18.424,-2.4591
-6.3845,-18.454,-2.4661
-6.4222,-18.485,-2.4547
-6.46,-18.515,-2.4442
-6.4978,-18.545,-2.4533
-6.5355,-18.576,-2.4408
-6.5733,-18.606,-2.4259
-6.611,-18.636,-2.4629
-6.6488,-18.667,-2.4771
-6.6866,-18.697,-2.4634
-6.7243,-18.727,-2.452
-6.7621,-18.757,-2.445
-6.7998,-18.788,-2.4482
-6.8376,-18.818,-2.4704
-6.8754,-18.848,-2.4372
-6.9131,-18.879,-2.431
-6.9509,-18.909,-2.4442
-6.9886,-18.939,-2.4616
-7.0264,-18.97,-2.4744
-7.0642,-19,-2.4603
-7.1019,-19.03,-2.4646
-7.1397,-19.061,-2.4549
-7.1774,-19.091,-2.453
-7.2152,-19.121,-2.4663
-7.253,-19.151,-2.46
-7.2907,-19.182,-2.4497
-7.3285,-19.212,-2.4425
-7.3663,-19.242,-2.4476
-7.404,-19.273,-2.4397
-7.4418,-19.303,-2.4327
-7.4795,-19.333,-2.461
-7.5173,-19.364,-2.4517
-7.5551,-19.394,-2.4468
-7.5928,-19.424,-2.4434
-7.6306,-19.455,-2.4467
-7.6683,-19.485,-2.4606
-7.7061,-19.515,-2.4593
-7.7439,-19.545,-2.4458
-7.7816,-19.576,-2.463
-7.8194,-19.606,-2.449
-7.8571,-19.636,-2.4439
-7.8949,-19.667,-2.4389
-7.9327,-19.697,-2.4376
-7.9704,-19.727,-2.4325
-8.0082,-19.758,-2.4487
-8.0459,-19.788,-2.4397
-8.0837,-19.818,-2.4286
-8.1215,-19.849,-2.426
-8.1592,-19.879,-2.4219
-8.197,-19.909,-2.4302
-8.2348,-19.939,-2.4251
-8.2725,-19.97,-2.4512
-8.3103,-20,-2.4478
-8.348,-20.03,-2.4662
-8.3858,-20.061,-2.4612
-8.4236,-20.091,-2.455
-8.4613,-20.121,-2.4531
-8.4991,-20.152,-2.474
-8.5368,-20.182,-2.4758
-8.5746,-20.212,-2.448
-8.6124,-20.243,-2.4513
-8.6501,-20.273,-2.4484
-8.6879,-20.303,-2.4356
-8.7256,-20.333,-2.4277
-8.7634,-20.364,-2.4319
-8.8012,-20.394,-2.4318
-8.8389,-20.424,-2.4443
-8.8767,-20.455,-2.4646
-8.9145,-20.485,-2.4441
-8.9522,-20.515,-2.4487
-8.99,-20.546,-2.4387
-9.0277,-20.576,-2.4363
-9.0655,-20.606,-2.455
-9.1033,-20.637,-2.4501
-9.141,-20.667,-2.461
-9.1788,-20.697,-2.4344
-9.2165,-20.727,-2.4362
-9.2543,-20.758,-2.4534
-9.2921,-20.788,-2.4468
-9.3298,-20.818,-2.4438
-9.3676,-20.849,-2.4383
-9.4053,-20.879,-2.4391
-9.4431,-20.909,-2.4025
-9.4809,-20.94,-2.4155
-9.5186,-20.97,-2.4221
-9.5564,-21,-2.4379
-9.5941,-21.031,-2.4594
-9.6319,-21.061,-2.4442
-9.6697,-21.091,-2.4371
-9.7074,-21.121,-2.4409
-9.7452,-21.152,-2.431
-9.783,-21.182,-2.4242
-9.8207,-21.212,-2.4184
-9.8585,-21.243,-2.438
-9.8962,-21.273,-2.426
-9.934,-21.303,-2.4121
-9.9718,-21.334,-2.4375
-10.01,-21.364,-2.4544
-10.047,-21.394,-2.4655
-10.085,-21.425,-2.4683
-10.123,-21.455,-2.4596
-10.161,-21.485,-2.4486
-10.198,-21.515,-2.4633
-10.236,-21.546,-2.4748
-10.274,-21.576,-2.4613
-10.312,-21.606,-2.444
-10.349,-21.637,-2.4432
-10.387,-21.667,-2.4394
-10.425,-21.697,-2.4305
-10.463,-21.728,-2.4178
-10.5,-21.758,-2.4375
-10.538,-21.788,-2.4515
-10.576,-21.819,-2.4473
-10.614,-21.849,-2.4339
-10.651,-21.879,-2.4545
-10.689,-21.909,-2.4693
-10.727,-21.94,-2.477
-10.765,-21.97,-2.4802
-10.802,-22,-2.4943
-10.84,-22.031,-2.4918
-10.878,-22.061,-2.4887
-10.916,-22.091,-2.4753
-10.954,-22.122,-2.4584
-10.991,-22.152,-2.4457
-11.029,-22.182,-2.4611
-11.067,-22.213,-2.453
-11.105,-22.243,-2.4509
-11.142,-22.273,-2.4622
-11.18,-22.303,-2.4686
-11.218,-22.334,-2.4758
-11.256,-22.364,-2.465
-11.293,-22.394,-2.4527
-11.331,-22.425,-2.4693
-11.369,-22.455,-2.4766
-11.407,-22.485,-2.4907
-11.444,-22.516,-2.4927
-11.482,-22.546,-2.4805
-11.52,-22.576,-2.4714
-11.558,-22.607,-2.4655
-11.595,-22.637,-2.4595
-11.633,-22.667,-2.4751
-11.671,-22.697,-2.4603
-11.709,-22.728,-2.431
-11.747,-22.758,-2.4567
-11.784,-22.788,-2.4414
-11.822,-22.819,-2.4323
-11.86,-22.849,-2.4242
-11.898,-22.879,-2.4541
-11.935,-22.91,-2.4756
-11.973,-22.94,-2.4475
-12.011,-22.97,-2.4546
-12.049,-23.001,-2.4456
-12.086,-23.031,-2.4412
-12.124,-23.061,-2.4365
-12.162,-23.091,-2.4473
-12.2,-23.122,-2.4451
-12.237,-23.152,-2.4442
-12.275,-23.182,-2.4394
-12.313,-23.213,-2.4599
-12.351,-23.243,-2.4528
-12.388,-23.273,-2.4491
-12.426,-23.304,-2.4448
-12.464,-23.334,-2.4385
-12.502,-23.364,-2.4335
-12.539,-23.395,-2.4594
-12.577,-23.425,-2.4651
-12.615,-23.455,-2.4661
-12.653,-23.485,-2.441
-12.691,-23.516,-2.4521
-12.728,-23.546,-2.454
-12.766,-23.576,-2.4778
-12.804,-23.607,-2.4769
-12.842,-23.637,-2.4609
-12.879,-23.667,-2.4725
-12.917,-23.698,-2.4796
-12.955,-23.728,-2.4576
-12.993,-23.758,-2.4399
-13.03,-23.789,-2.4233
-13.068,-23.819,-2.4161
-13.106,-23.849,-2.4023
-13.144,-23.879,-2.4052
-13.181,-23.91,-2.4079
-13.219,-23.94,-2.4095
-13.257,-23.97,-2.4017
-13.295,-24.001,-2.4094
-13.332,-24.031,-2.4505
-13.37,-24.061,-2.4481
-13.408,-24.092,-2.4523
-13.446,-24.122,-2.4551
-13.484,-24.152,-2.461
-13.521,-24.183,-2.4653
-13.559,-24.213,-2.4682
-13.597,-24.243,-2.4698
-13.635,-24.273,-2.4711
-13.672,-24.304,-2.4507
-13.71,-24.334,-2.4502
-13.748,-24.364,-2.4245
-13.786,-24.395,-2.42
-13.823,-24.425,-2.4171
-13.861,-24.455,-2.4222
-13.899,-24.486,-2.4175
-13.937,-24.516,-2.4334
-13.974,-24.546,-2.4547
-14.012,-24.577,-2.4847
-14.05,-24.607,-2.4815
-14.088,-24.637,-2.4632
-14.125,-24.667,-2.4625
-14.163,-24.698,-2.4543
-14.201,-24.728,-2.4542
-14.239,-24.758,-2.4538
-14.277,-24.789,-2.4529
-14.314,-24.819,-2.4546
-14.352,-24.849,-2.4557
-14.39,-24.88,-2.4623
-14.428,-24.91,-2.462
-14.465,-24.94,-2.4644
-14.503,-24.971,-2.4622
-14.541,-25.001,-2.4394
-14.579,-25.031,-2.4478
-14.616,-25.061,-2.4373
-14.654,-25.092,-2.4432
-14.692,-25.122,-2.4392
-14.73,-25.152,-2.4617
-14.767,-25.183,-2.4595
-14.805,-25.213,-2.4597
-14.843,-25.243,-2.4715
-14.881,-25.274,-2.4691
-14.918,-25.304,-2.4682
-14.956,-25.334,-2.4582
-14.994,-25.365,-2.4592
-15.032,-25.395,-2.458
-15.069,-25.425,-2.4602
-15.107,-25.455,-2.4596
-15.145,-25.486,-2.4366
-15.183,-25.516,-2.4367
-15.221,-25.546,-2.4718
-15.258,-25.577,-2.4666
-15.296,-25.607,-2.464
-15.334,-25.637,-2.4622
-15.372,-25.668,-2.4705
-15.409,-25.698,-2.4505
-15.447,-25.728,-2.4556
-15.485,-25.759,-2.4663
-15.523,-25.789,-2.4872
-15.56,-25.819,-2.4961
-15.598,-25.85,-2.49
-15.636,-25.88,-2.4943
-15.674,-25.91,-2.4925
-15.711,-25.94,-2.4903
-15.749,-25.971,-2.4622
-15.787,-26.001,-2.4653
-15.825,-26.031,-2.4581
-15.862,-26.062,-2.4588
-15.9,-26.092,-2.4551
-15.938,-26.122,-2.4816
-15.976,-26.153,-2.4771
-16.014,-26.183,-2.4761
-16.051,-26.213,-2.469
-16.089,-26.244,-2.4623
-16.127,-26.274,-2.4602
-16.165,-26.304,-2.4544
-16.202,-26.334,-2.4524
-16.24,-26.365,-2.4528
-16.278,-26.395,-2.448
-16.316,-26.425,-2.4589
-16.353,-26.456,-2.4694
-16.391,-26.486,-2.4671
-16.429,-26.516,-2.4644
-16.467,-26.547,-2.4598
-16.504,-26.577,-2.4305
-16.542,-26.607,-2.423
-16.58,-26.638,-2.4132
-16.618,-26.668,-2.4501
-16.655,-26.698,-2.4516
-16.693,-26.728,-2.4606
-16.731,-26.759,-2.4621
-16.769,-26.789,-2.4607
-16.806,-26.819,-2.4607
-16.844,-26.85,-2.4636
-16.882,-26.88,-2.4549
-16.92,-26.91,-2.4613
-16.958,-26.941,-2.4613
-16.995,-26.971,-2.4838
-17.033,-27.001,-2.48
-17.071,-27.032,-2.4622
-17.109,-27.062,-2.4672
-17.146,-27.092,-2.4721
-17.184,-27.122,-2.4661
-17.222,-27.153,-2.4717
-17.26,-27.183,-2.4526
-17.297,-27.213,-2.4759
-17.335,-27.244,-2.4777
-17.373,-27.274,-2.4608
-17.411,-27.304,-2.4623
-17.448,-27.335,-2.4642
-17.486,-27.365,-2.4631
-17.524,-27.395,-2.461
-17.562,-27.426,-2.4614
-17.599,-27.456,-2.4476
-17.637,-27.486,-2.4437
-17.675,-27.516,-2.4497
-17.713,-27.547,-2.4579
-17.751,-27.577,-2.4822
-17.788,-27.607,-2.5002
-17.826,-27.638,-2.4731
-17.864,-27.668,-2.4576
-17.902,-27.698,-2.4568
-17.939,-27.729,-2.475
-17.977,-27.759,-2.4701
-18.015,-27.789,-2.4702
-18.053,-27.82,-2.4724
-18.09,-27.85,-2.4768
-18.128,-27.88,-2.4775
-18.166,-27.91,-2.4628
-18.204,-27.941,-2.4722
-18.241,-27.971,-2.4665
-18.279,-28.001,-2.4492
-18.317,-28.032,-2.4539
-18.355,-28.062,-2.4663
-18.392,-28.092,-2.4699
-18.43,-28.123,-2.4611
-18.468,-28.153,-2.4514
-18.506,-28.183,-2.4647
-18.543,-28.214,-2.4724
-18.581,-28.244,-2.4725
-18.619,-28.274,-2.4623
-18.657,-28.304,-2.4514
-18.695,-28.335,-2.469
-18.732,-28.365,-2.478
-18.77,-28.395,-2.4589
-18.808,-28.426,-2.446
-18.846,-28.456,-2.4685
-18.883,-28.486,-2.4616
-18.921,-28.517,-2.446
-18.959,-28.547,-2.4368
-18.997,-28.577,-2.4403
-19.034,-28.608,-2.4496
-19.072,-28.638,-2.4378
-19.11,-28.668,-2.4414
-19.148,-28.698,-2.4564
-19.185,-28.729,-2.4539
-19.223,-28.759,-2.4585
-19.261,-28.789,-2.4625
-19.299,-28.82,-2.455
-19.336,-28.85,-2.4398
-19.374,-28.88,-2.4451
-19.412,-28.911,-2.454
-19.45,-28.941,-2.4548
-19.488,-28.971,-2.4516
-19.525,-29.002,-2.4785
-19.563,-29.032,-2.4785
-19.601,-29.062,-2.4769
-19.639,-29.092,-2.459
-19.676,-29.123,-2.4442
-19.714,-29.153,-2.4597
-19.752,-29.183,-2.4627
-19.79,-29.214,-2.4676
-19.827,-29.244,-2.4632
-19.865,-29.274,-2.4636
-19.903,-29.305,-2.4639
-19.941,-29.335,-2.4507
-19.978,-29.365,-2.4161
-20.016,-29.396,-2.4195
-20.054,-29.426,-2.4249
-20.092,-29.456,-2.4399
-20.129,-29.486,-2.4493
-20.167,-29.517,-2.4446
-20.205,-29.547,-2.4395
-20.243,-29.577,-2.4422
-20.28,-29.608,-2.4438
-20.318,-29.638,-2.4433
-20.356,-29.668,-2.4592
-20.394,-29.699,-2.4638
-20.432,-29.729,-2.4643
-20.469,-29.759,-2.4669
-20.507,-29.79,-2.4528
-20.545,-29.82,-2.4573
-20.583,-29.85,-2.4555
-20.62,-29.88,-2.4478
-20.658,-29.91,-2.4355
-20.695,-29.94,-2.4182
-20.732,-29.969,-2.4552
-20.769,-29.999,-2.4314
-20.806,-30.027,-2.4379
-20.843,-30.056,-2.44
-20.879,-30.084,-2.4422
-20.916,-30.112,-2.4698
-20.952,-30.14,-2.4764
-20.987,-30.167,-2.4788
-21.023,-30.194,-2.4937
-21.058,-30.221,-2.4897
-21.093,-30.247,-2.4977
-21.127,-30.273,-2.5182
-21.161,-30.299,-2.5139
-21.194,-30.324,-2.5225
-21.227,-30.348,-2.5019
-21.26,-30.373,-2.4994
-21.292,-30.397,-2.5102
-21.324,-30.421,-2.5207
-21.356,-30.444,-2.5407
-21.387,-30.467,-2.5606
-21.418,-30.49,-2.563
-21.449,-30.512,-2.5779
-21.479,-30.534,-2.5759
-21.509,-30.556,-2.5619
-21.539,-30.577,-2.5687
-21.569,-30.598,-2.5735
-21.599,-30.619,-2.5737
-21.628,-30.64,-2.6013
-21.657,-30.66,-2.6199
-21.685,-30.679,-2.6233
-21.714,-30.699,-2.6148
-21.743,-30.718,-2.6021
-21.771,-30.737,-2.6021
-21.799,-30.755,-2.6457
-21.827,-30.773,-2.6723
-21.854,-30.791,-2.6749
-21.881,-30.808,-2.6777
-21.909,-30.825,-2.6826
-21.936,-30.842,-2.6886
-21.963,-30.859,-2.6921
-21.99,-30.875,-2.7004
-22.016,-30.89,-2.711
-22.043,-30.906,-2.722
-22.068,-30.921,-2.6763
-22.093,-30.935,-2.6789
-22.118,-30.949,-2.6852
-22.142,-30.963,-2.6907
-22.166,-30.976,-2.6945
-22.19,-30.989,-2.7014
-22.213,-31.001,-2.7032
-22.235,-31.013,-2.711
-22.258,-31.025,-2.7335
-22.28,-31.036,-2.7349
-22.302,-31.047,-2.7417
-22.324,-31.058,-2.7467
-22.345,-31.068,-2.7485
-22.367,-31.078,-2.7491
-22.388,-31.087,-2.7557
-22.409,-31.096,-2.7615
-22.429,-31.105,-2.7648
-22.45,-31.114,-2.7785
-22.47,-31.122,-2.7833
-22.49,-31.129,-2.7894
-22.51,-31.137,-2.8002
-22.529,-31.144,-2.8048
-22.549,-31.15,-2.8124
-22.568,-31.156,-2.8206
-22.586,-31.162,-2.8322
-22.605,-31.167,-2.8367
-22.624,-31.172,-2.8466
-22.642,-31.177,-2.8468
-22.66,-31.181,-2.8189
-22.678,-31.185,-2.8472
-22.695,-31.188,-2.8592
-22.712,-31.192,-2.8741
-22.729,-31.195,-2.8909
-22.745,-31.199,-2.8505
-22.762,-31.202,-2.8504
-22.778,-31.205,-2.9083
-22.793,-31.208,-2.909
-22.809,-31.21,-2.9142
-22.825,-31.213,-2.9117
-22.841,-31.216,-2.9083
-22.857,-31.218,-2.9123
-22.873,-31.22,-2.9114
-22.889,-31.223,-2.9127
-22.906,-31.225,-2.9131
-22.923,-31.228,-2.9109
-22.94,-31.23,-2.9179
-22.957,-31.232,-2.918
-22.974,-31.235,-2.9266
-22.991,-31.237,-2.9337
-23.008,-31.239,-2.9411
-23.025,-31.241,-2.9438
-23.042,-31.243,-2.9494
-23.06,-31.245,-2.9565
-23.077,-31.247,-2.9622
-23.095,-31.248,-2.9723
-23.112,-31.25,-2.9694
-23.13,-31.251,-2.9786
-23.148,-31.253,-2.9798
-23.165,-31.254,-2.9943
-23.184,-31.255,-2.9898
-23.202,-31.256,-3.0021
-23.22,-31.257,-3.0142
-23.237,-31.258,-3.0277
-23.254,-31.259,-3.0209
-23.271,-31.26,-2.9735
-23.288,-31.261,-3.0375
-23.305,-31.261,-3.0389
-23.322,-31.262,-3.0399
-23.339,-31.263,-3.0442
-23.355,-31.264,-3.041
-23.371,-31.264,-3.0426
-23.387,-31.264,-3.0448
-23.402,-31.265,-3.0425
-23.418,-31.265,-3.0467
-23.434,-31.265,-3.0539
-23.45,-31.265,-3.0522
-23.467,-31.265,-3.0663
-23.484,-31.265,-3.0676
-23.502,-31.264,-3.0675
-23.519,-31.264,-3.0704
-23.537,-31.264,-3.0885
-23.555,-31.264,-3.0863
-23.573,-31.263,-3.0818
-23.591,-31.263,-3.0864
-23.61,-31.262,-3.0878
-23.628,-31.261,-3.0972
-23.646,-31.26,-3.1027
-23.664,-31.259,-3.1101
-23.683,-31.258,-3.1174
-23.701,-31.257,-3.1176
-23.719,-31.255,-3.1226
-23.736,-31.254,-3.1195
-23.754,-31.252,-3.1033
-23.771,-31.251,3.1073
-23.788,-31.249,3.0572
-23.805,-31.248,3.096
-23.822,-31.246,3.1056
-23.839,-31.244,-3.1336
-23.856,-31.242,-3.1361
-23.874,-31.24,-3.1326
-23.891,-31.237,-3.1387
-23.908,-31.235,-3.1414
-23.925,-31.233,3.1414
-23.943,-31.23,3.1319
-23.96,-31.227,3.1302
-23.977,-31.225,3.1198
-23.995,-31.222,3.123
-24.013,-31.219,3.1136
-24.032,-31.216,3.1147
-24.05,-31.213,3.0787
-24.068,-31.21,3.0735
-24.087,-31.207,3.0699
-24.106,-31.204,3.0632
-24.125,-31.2,3.0488
-24.143,-31.197,3.0494
-24.162,-31.193,3.0423
-24.181,-31.19,3.0325
-24.199,-31.186,3.0226
-24.218,-31.183,3.0107
-24.236,-31.179,3.003
-24.254,-31.176,3.0012
-24.271,-31.173,2.9946
-24.289,-31.169,3.0178
-24.307,-31.166,3.0211
-24.324,-31.162,2.9766
-24.342,-31.158,2.9633
-24.359,-31.155,2.9643
-24.376,-31.151,2.9597
-24.394,-31.147,2.9631
-24.411,-31.143,2.9607
-24.429,-31.139,2.9593
-24.446,-31.134,2.9508
-24.463,-31.13,2.948
-24.48,-31.126,2.9438
-24.497,-31.121,2.9339
-24.513,-31.117,2.9328
-24.529,-31.112,2.9219
-24.546,-31.107,2.919
-24.562,-31.102,2.9113
-24.579,-31.097,2.9004
-24.596,-31.092,2.8946
-24.613,-31.087,2.8874
-24.631,-31.081,2.8857
-24.648,-31.076,2.8759
-24.666,-31.07,2.8753
-24.683,-31.064,2.8697
-24.701,-31.058,2.8683
-24.719,-31.051,2.8619
-24.736,-31.045,2.8572
-24.753,-31.039,2.8451
-24.771,-31.032,2.8317
-24.788,-31.025,2.8173
-24.806,-31.019,2.8735
-24.823,-31.012,2.9037
-24.839,-31.006,2.9105
-24.856,-30.999,2.8918
-24.872,-30.993,2.8869
-24.888,-30.986,2.8845
-24.904,-30.98,2.882
-24.92,-30.973,2.8747
-24.936,-30.967,2.866
-24.951,-30.96,2.8575
-24.966,-30.954,2.8477
-24.982,-30.947,2.8381
-24.997,-30.94,2.8284
-25.012,-30.933,2.8122
-25.028,-30.926,2.8017
-25.044,-30.919,2.7957
-25.06,-30.912,2.7889
-25.077,-30.904,2.7864
-25.093,-30.897,2.7836
-25.109,-30.889,2.7732
-25.125,-30.881,2.7444
-25.141,-30.873,2.7478
-25.157,-30.865,2.7452
-25.173,-30.856,2.7602
-25.189,-30.848,2.7536
-25.204,-30.84,2.7465
-25.22,-30.831,2.7318
-25.235,-30.823,2.7269
-25.251,-30.814,2.7251
-25.266,-30.805,2.7117
-25.282,-30.797,2.6755
-25.297,-30.788,2.6611
-25.312,-30.779,2.6552
-25.326,-30.77,2.6553
-25.341,-30.761,2.6602
-25.355,-30.752,2.6628
-25.369,-30.744,2.659
-25.384,-30.735,2.676
-25.397,-30.726,2.6746
-25.411,-30.716,2.6727
-25.425,-30.707,2.6672
-25.438,-30.698,2.6598
-25.452,-30.688,2.6517
-25.465,-30.679,2.6428
-25.479,-30.67,2.6412
-25.493,-30.66,2.6336
-25.506,-30.651,2.626
-25.52,-30.641,2.6242
-25.533,-30.631,2.6216
-25.546,-30.622,2.6188
-25.559,-30.612,2.6055
-25.572,-30.602,2.5936
-25.585,-30.592,2.5884
-25.598,-30.582,2.5815
-25.611,-30.572,2.5748
-25.623,-30.562,2.5548
-25.636,-30.552,2.5461
-25.649,-30.541,2.5411
-25.662,-30.531,2.5396
-25.676,-30.52,2.5281
-25.689,-30.509,2.5236
-25.702,-30.498,2.5217
-25.716,-30.487,2.5287
-25.729,-30.475,2.5149
-25.742,-30.464,2.5018
-25.754,-30.453,2.4853
-25.766,-30.441,2.4838
-25.778,-30.43,2.4865
-25.79,-30.419,2.4894
-25.802,-30.409,2.4792
-25.813,-30.398,2.4749
-25.825,-30.387,2.4755
-25.836,-30.376,2.4707
-25.847,-30.366,2.4731
-25.858,-30.355,2.46
-25.869,-30.344,2.4563
-25.88,-30.333,2.4515
-25.891,-30.322,2.4499
-25.902,-30.311,2.4502
-25.913,-30.299,2.4461
-25.924,-30.288,2.4481
-25.935,-30.276,2.4435
-25.946,-30.264,2.4372
-25.957,-30.252,2.4372
-25.968,-30.24,2.4363
-25.979,-30.228,2.4264
-25.99,-30.216,2.4026
-26.001,-30.204,2.4002
-26.012,-30.192,2.4034
-26.023,-30.179,2.3959
-26.033,-30.167,2.389
-26.044,-30.154,2.3808
-26.054,-30.142,2.3924
-26.064,-30.129,2.3902
-26.075,-30.116,2.3617
-26.084,-30.104,2.3576
-26.094,-30.092,2.3579
-26.103,-30.08,2.3449
-26.112,-30.069,2.3343
-26.121,-30.058,2.3368
-26.13,-30.046,2.3423
-26.138,-30.035,2.3408
-26.147,-30.024,2.2993
-26.155,-30.013,2.2905
-26.163,-30.003,2.2928
-26.171,-29.991,2.2944
-26.18,-29.98,2.2954
-26.188,-29.969,2.2953
-26.197,-29.957,2.2905
-26.206,-29.945,2.2916
-26.214,-29.933,2.2896
-26.223,-29.921,2.2913
-26.232,-29.908,2.2853
-26.241,-29.896,2.2833
-26.25,-29.882,2.2782
-26.259,-29.869,2.272
-26.269,-29.855,2.2636
-26.278,-29.841,2.2601
-26.287,-29.827,2.2568
-26.297,-29.812,2.2543
-26.306,-29.797,2.2472
-26.316,-29.782,2.2372
-26.325,-29.767,2.2295
-26.335,-29.751,2.2252
-26.345,-29.736,2.2164
-26.354,-29.72,2.2129
-26.363,-29.704,2.2182
-26.373,-29.689,2.1927
-26.382,-29.673,2.1768
-26.391,-29.658,2.15
-26.399,-29.642,2.1519
-26.408,-29.627,2.2432
-26.416,-29.612,2.1699
-26.424,-29.597,2.1714
-26.432,-29.582,2.176
-26.44,-29.567,2.1773
-26.447,-29.551,2.1727
-26.455,-29.536,2.1718
-26.462,-29.521,2.1715
-26.47,-29.506,2.1674
-26.477,-29.491,2.1649
-26.485,-29.476,2.1516
-26.493,-29.46,2.1483
-26.501,-29.445,2.1502
-26.508,-29.429,2.1463
-26.516,-29.413,2.1294
-26.523,-29.397,2.1149
-26.531,-29.381,2.1058
-26.538,-29.365,2.1018
-26.545,-29.349,2.0933
-26.553,-29.333,2.0875
-26.56,-29.317,2.0731
-26.567,-29.3,2.072
-26.574,-29.283,2.0665
-26.582,-29.266,2.0526
-26.589,-29.249,2.0433
-26.595,-29.231,2.0248
-26.602,-29.213,2.0554
-26.609,-29.195,2.0598
-26.616,-29.178,2.0497
-26.623,-29.159,2.0411
-26.63,-29.141,1.8897
-26.637,-29.123,2.0177
-26.644,-29.104,2.0169
-26.65,-29.086,2.0146
-26.657,-29.067,2.0125
-26.663,-29.048,2.0059
-26.669,-29.029,2.0021
-26.675,-29.01,1.9964
-26.681,-28.991,1.9931
-26.686,-28.971,1.9871
-26.693,-28.951,1.9849
-26.699,-28.93,1.9712
-26.705,-28.909,1.9709
-26.711,-28.888,1.9641
-26.718,-28.867,1.9545
-26.724,-28.845,1.9476
-26.731,-28.822,1.9464
-26.737,-28.798,1.9435
-26.744,-28.775,1.9315
-26.75,-28.752,1.9346
-26.755,-28.728,1.9264
-26.761,-28.704,1.9282
-26.767,-28.68,1.9229
-26.772,-28.656,1.913
-26.777,-28.631,1.9103
-26.782,-28.606,1.9073
-26.787,-28.582,1.9045
-26.792,-28.556,1.9098
-26.797,-28.531,1.891
-26.801,-28.506,1.8879
-26.805,-28.48,1.8428
-26.81,-28.455,1.8315
-26.814,-28.429,1.8173
-26.818,-28.403,1.8345
-26.822,-28.376,1.8477
-26.826,-28.35,1.9016
-26.83,-28.324,1.9011
-26.833,-28.298,1.8629
-26.837,-28.271,1.8464
-26.84,-28.244,1.8319
-26.844,-28.216,1.8164
-26.847,-28.189,1.8072
-26.851,-28.16,1.7903
-26.854,-28.131,1.782
-26.857,-28.102,1.7715
-26.86,-28.072,1.7867
-26.863,-28.041,1.7817
-26.866,-28.009,1.7688
-26.869,-27.977,1.7628
-26.871,-27.945,1.7498
-26.874,-27.913,1.7481
-26.876,-27.88,1.7191
-26.878,-27.847,1.7135
-26.88,-27.813,1.7249
-26.882,-27.779,1.7342
-26.883,-27.744,1.7186
-26.885,-27.709,1.7029
-26.887,-27.674,1.7135
-26.888,-27.638,1.6937
-26.889,-27.602,1.6816
-26.89,-27.566,1.6686
-26.891,-27.529,1.6565
-26.892,-27.492,1.6586
-26.893,-27.454,1.6599
-26.893,-27.415,1.6645
-26.893,-27.377,1.6436
-26.893,-27.337,1.6282
-26.893,-27.298,1.6418
-26.892,-27.259,1.6309
-26.892,-27.22,1.6328
-26.891,-27.181,1.6277
-26.89,-27.141,1.6217
-26.889,-27.102,1.6106
-26.888,-27.062,1.6171
-26.886,-27.023,1.601
-26.884,-26.983,1.5845
-26.882,-26.943,1.5995
-26.88,-26.903,1.5867
-26.878,-26.864,1.5847
-26.875,-26.825,1.5697
-26.873,-26.786,1.5427
-26.87,-26.748,1.53
-26.868,-26.709,1.5238
-26.865,-26.671,1.5253
-26.863,-26.632,1.5275
-26.86,-26.594,1.5223
-26.857,-26.554,1.5112
-26.854,-26.515,1.5073
-26.851,-26.476,1.5115
-26.847,-26.437,1.5175
-26.843,-26.398,1.5105
-26.839,-26.359,1.5114
-26.835,-26.321,1.4917
-26.83,-26.283,1.4968
-26.826,-26.245,1.4917
-26.822,-26.206,1.4943
-26.817,-26.168,1.4903
-26.812,-26.13,1.4889
-26.807,-26.092,1.4845
-26.802,-26.054,1.471
-26.797,-26.017,1.4405
-26.791,-25.979,1.414
-26.786,-25.943,1.4315
-26.78,-25.906,1.4126
-26.775,-25.87,1.4146
-26.769,-25.834,1.3914
-26.764,-25.798,1.3905
-26.758,-25.763,1.3887
-26.752,-25.727,1.3927
-26.745,-25.69,1.3807
-26.739,-25.653,1.3786
-26.732,-25.615,1.3824
-26.725,-25.577,1.3853
-26.718,-25.539,1.3683
-26.71,-25.501,1.3702
-26.702,-25.463,1.3674
-26.694,-25.425,1.3684
-26.686,-25.387,1.3671
-26.678,-25.349,1.3603
-26.67,-25.312,1.36
-26.661,-25.275,1.3612
-26.653,-25.238,1.3761
-26.644,-25.202,1.352
-26.635,-25.165,1.3251
-26.626,-25.129,1.3336
-26.617,-25.093,1.3164
-26.608,-25.057,1.3133
-26.598,-25.02,1.3126
-26.588,-24.984,1.3108
-26.578,-24.949,1.3086
-26.568,-24.914,1.3635
-26.558,-24.879,1.3638
-26.548,-24.844,1.3292
-26.538,-24.808,1.3016
-26.528,-24.773,1.2968
-26.517,-24.738,1.2972
-26.506,-24.704,1.298
-26.495,-24.669,1.2987
-26.484,-24.636,1.318
-26.473,-24.603,1.3312
-26.462,-24.57,1.3209
-26.45,-24.538,1.3284
-26.439,-24.506,1.3131
-26.427,-24.474,1.3081
-26.415,-24.442,1.2886
-26.403,-24.411,1.3056
-26.391,-24.38,1.2913
-26.379,-24.349,1.3003
-26.367,-24.318,1.2804
-26.354,-24.287,1.2736
-26.342,-24.256,1.2683
-26.329,-24.226,1.2572
-26.316,-24.196,1.2441
-26.303,-24.165,1.2599
-26.289,-24.134,1.2767
-26.276,-24.103,1.2773
-26.262,-24.072,1.2646
-26.248,-24.042,1.258
-26.234,-24.01,1.2276
-26.22,-23.98,1.249
-26.205,-23.948,1.257
-26.191,-23.918,1.2306
-26.176,-23.889,1.247
-26.161,-23.859,1.2414
-26.147,-23.829,1.2443
-26.132,-23.799,1.2219
-26.117,-23.769,1.2136
-26.102,-23.74,1.2034
-26.087,-23.71,1.2195
-26.071,-23.681,1.213
-26.055,-23.652,1.2005
-26.039,-23.623,1.1784
-26.024,-23.594,1.1759
-26.008,-23.565,1.165
-25.992,-23.536,1.143
-25.976,-23.507,1.1166
-25.96,-23.479,1.1006
-25.943,-23.45,1.1038
-25.926,-23.421,1.103
-25.909,-23.392,1.0983
-25.892,-23.364,1.0933
-25.875,-23.335,1.0869
-25.858,-23.306,1.0814
-25.84,-23.278,1.0756
-25.823,-23.251,1.0726
-25.805,-23.224,1.0706
-25.788,-23.199,1.0543
-25.77,-23.173,1.0392
-25.752,-23.148,1.0914
-25.735,-23.123,1.0856
-25.717,-23.099,1.0897
-25.7,-23.075,0.97368
-25.683,-23.051,0.96792
-25.665,-23.027,0.96999
-25.647,-23.003,0.96595
-25.629,-22.98,0.96259
-25.611,-22.957,0.95991
-25.594,-22.934,0.96017
-25.576,-22.912,0.96262
-25.558,-22.889,0.9599
-25.54,-22.867,0.95743
-25.522,-22.845,0.95467
-25.504,-22.823,0.95055
-25.486,-22.802,0.94937
-25.468,-22.781,0.95423
-25.45,-22.76,0.95001
-25.432,-22.738,0.94887
-25.414,-22.717,0.9492
-25.395,-22.697,0.94858
-25.377,-22.676,0.94692
-25.359,-22.656,0.94911
-25.341,-22.636,0.94364
-25.323,-22.616,0.9412
-25.305,-22.596,0.94842
-25.287,-22.576,0.94233
-25.268,-22.556,0.938
-25.25,-22.536,0.90112
-25.232,-22.516,0.87952
-25.214,-22.496,0.86313
-25.196,-22.476,0.94226
-25.178,-22.456,0.92487
-25.16,-22.435,0.92813
-25.142,-22.415,0.93841
-25.124,-22.395,0.9461
-25.105,-22.375,0.94425
-25.087,-22.355,0.94768
-25.069,-22.335,0.94333
-25.051,-22.315,0.9419
-25.033,-22.295,0.94273
-25.015,-22.275,0.94017
-24.997,-22.255,0.9366
-24.979,-22.235,0.91586
-24.96,-22.215,0.90195
-24.942,-22.195,0.89171
-24.924,-22.175,0.88797
-24.906,-22.155,0.88316
-24.888,-22.135,0.87998
-24.87,-22.114,0.86913
-24.852,-22.094,0.87429
-24.834,-22.074,0.87446
-24.815,-22.054,0.86652
-24.797,-22.034,0.86308
-24.779,-22.014,0.86815
-24.761,-21.994,0.8641
-24.743,-21.974,0.8682
-24.725,-21.954,0.86558
-24.707,-21.934,0.86706
-24.689,-21.914,0.86764
-24.671,-21.894,0.86551
-24.652,-21.874,0.85408
-24.634,-21.854,0.83515
-24.616,-21.834,0.83852
-24.598,-21.814,0.81259
-24.58,-21.793,0.82646
-24.562,-21.773,0.82397
-24.544,-21.753,0.81664
-24.526,-21.733,0.79895
-24.507,-21.713,0.7972
-24.489,-21.693,0.81047
-24.471,-21.673,0.81519
-24.453,-21.653,0.81669
-24.435,-21.633,0.81674
-24.417,-21.613,0.8116
-24.399,-21.593,0.81129
-24.381,-21.573,0.81145
-24.363,-21.553,0.80904
-24.344,-21.533,0.7924
-24.326,-21.513,0.80967
-24.308,-21.493,0.80198
-24.29,-21.473,0.80734
-24.272,-21.452,0.78621
-24.254,-21.432,0.80138
-24.236,-21.412,0.79553
-24.218,-21.392,0.76351
-24.199,-21.372,0.78542
-24.181,-21.352,0.79978
-24.163,-21.332,0.7646
-24.145,-21.312,0.77397
-24.127,-21.292,0.80614
-24.109,-21.272,0.80313
-24.091,-21.252,0.78765
-24.073,-21.232,0.77954
-24.055,-21.212,0.74473
-24.036,-21.192,0.73989
-24.018,-21.172,0.75535
-24,-21.152,0.76877
-23.982,-21.131,0.75849
-23.964,-21.111,0.74831
-23.946,-21.091,0.7598
-23.928,-21.071,0.76149
-23.91,-21.051,0.77081
-23.891,-21.031,0.79051
-23.873,-21.011,0.79334
-23.855,-20.991,0.77266
-23.837,-20.971,0.7511
-23.819,-20.951,0.76934
-23.801,-20.931,0.78414
-23.783,-20.911,0.7734
-23.765,-20.891,0.75683
-23.747,-20.871,0.75536
-23.728,-20.851,0.76638
-23.71,-20.831,0.78368
-23.692,-20.811,0.79937
-23.674,-20.79,0.76784
-23.656,-20.77,0.74755
-23.638,-20.75,0.77276
-23.62,-20.73,0.74367
-23.602,-20.71,0.7315
-23.583,-20.69,0.72518
-23.565,-20.67,0.72398
-23.547,-20.65,0.72511
-23.529,-20.63,0.76594
-23.511,-20.61,0.76911
-23.493,-20.59,0.74935
-23.475,-20.57,0.76771
-23.457,-20.55,0.77708
-23.439,-20.53,0.74762
-23.42,-20.51,0.73863
-23.402,-20.49,0.73575
-23.384,-20.469,0.73884
-23.366,-20.449,0.74181
-23.348,-20.429,0.7261
-23.33,-20.409,0.71979
-23.312,-20.389,0.72128
-23.294,-20.369,0.72586
-23.275,-20.349,0.74472
-23.257,-20.329,0.75073
-23.239,-20.309,0.74139
-23.221,-20.289,0.7177
-23.203,-20.269,0.71066
-23.185,-20.249,0.71047
-23.167,-20.229,0.71624
-23.149,-20.209,0.71285
-23.13,-20.189,0.77797
-23.112,-20.169,0.77861
-23.094,-20.148,0.77978
-23.076,-20.128,0.77877
-23.058,-20.108,0.77921
-23.04,-20.088,0.7786
-23.022,-20.068,0.77957
-23.004,-20.048,0.78024
-22.986,-20.028,0.77823
-22.967,-20.008,0.78697
-22.949,-19.988,0.7854
-22.931,-19.968,0.78721
-22.913,-19.948,0.78892
-22.895,-19.928,0.78752
-22.877,-19.908,0.78759
-22.859,-19.888,0.7906
-22.841,-19.868,0.78957
-22.822,-19.848,0.78726
-22.804,-19.828,0.78538
-22.786,-19.807,0.78595
-22.768,-19.787,0.78526
-22.75,-19.767,0.78343
-22.732,-19.747,0.78129
-22.714,-19.727,0.78726
-22.696,-19.707,0.80691
-22.678,-19.687,0.81653
-22.659,-19.667,0.8191
-22.641,-19.647,0.82846
-22.623,-19.627,0.8683
-22.605,-19.607,0.87857
-22.587,-19.587,0.88639
-22.569,-19.567,0.89659
-22.551,-19.547,0.92385
-22.533,-19.527,0.94125
-22.514,-19.507,0.9507
-22.496,-19.486,0.96308
-22.478,-19.466,0.96973
-22.46,-19.446,0.99186
-22.442,-19.426,1.0146
-22.424,-19.406,1.0278
-22.406,-19.386,1.0407
-22.388,-19.366,1.0538
-22.37,-19.346,1.0862
-22.351,-19.326,1.0984
-22.333,-19.306,1.1197
-22.315,-19.286,1.1763
-22.297,-19.266,1.1881
-22.279,-19.246,1.1926
-22.261,-19.226,1.2186
-22.243,-19.206,1.2416
-22.225,-19.186,1.2715
-22.206,-19.165,1.2979
-22.188,-19.145,1.3029
-22.17,-19.125,1.2879
-22.152,-19.105,1.2534
-22.134,-19.085,1.2356
-22.116,-19.065,1.2235
-22.098,-19.045,1.1737
-22.08,-19.025,1.1195
-22.062,-19.005,1.0751
-22.043,-18.985,1.062
-22.025,-18.965,1.0375
-22.007,-18.945,1.024
-21.989,-18.925,1.006
-21.971,-18.905,0.98809
-21.953,-18.885,0.98132
-21.935,-18.865,0.96122
-21.917,-18.845,0.94029
-21.898,-18.824,0.88213
-21.88,-18.804,0.84931
-21.862,-18.784,0.82079
-21.844,-18.764,0.78833
-21.826,-18.744,0.76932
-21.808,-18.724,0.73952
-21.79,-18.704,0.72391
-21.772,-18.684,0.70836
-21.753,-18.664,0.67087
-21.735,-18.644,0.65626
-21.717,-18.624,0.6434
-21.699,-18.604,0.64616
-21.681,-18.584,0.65479
-21.663,-18.564,0.68084
-21.645,-18.544,0.69774
-21.627,-18.524,0.73645
-21.609,-18.503,0.762
-21.59,-18.483,0.76664
-21.572,-18.463,0.80687
-21.554,-18.443,0.83091
-21.536,-18.423,0.84598
-21.518,-18.403,0.84965
-21.5,-18.383,0.8803
-21.482,-18.363,0.92307
-21.464,-18.343,0.91437
-21.445,-18.323,0.86004
-21.427,-18.303,0.8391
-21.409,-18.283,0.78027
-21.391,-18.263,0.77811
-21.373,-18.243,0.72711
-21.355,-18.223,0.69202
-21.337,-18.203,0.66991
-21.319,-18.183,0.61271
-21.301,-18.162,0.57284
-21.282,-18.142,0.51874
-21.264,-18.122,0.51039
-21.246,-18.102,0.48064
-21.228,-18.082,0.45659
-21.21,-18.062,0.4273
-21.192,-18.042,0.41155
-21.174,-18.022,0.39939
-21.156,-18.002,0.37527
-21.137,-17.982,0.33475
-21.119,-17.962,0.32278
-21.101,-17.942,0.2983
-21.083,-17.922,0.25393
-21.065,-17.902,0.23455
-21.047,-17.882,0.22431
-21.029,-17.862,0.25912
-21.011,-17.841,0.28283
-20.993,-17.821,0.30468
-20.974,-17.801,0.32746
-20.956,-17.781,0.36236
-20.938,-17.761,0.382
-20.92,-17.741,0.39779
-20.902,-17.721,0.42242
-20.884,-17.701,0.44865
-20.866,-17.681,0.49888
-20.848,-17.661,0.52992
-20.829,-17.641,0.5455
-20.811,-17.621,0.56663
-20.793,-17.601,0.58599
-20.775,-17.581,0.61111
-20.757,-17.561,0.62525
-20.739,-17.541,0.63677
-20.721,-17.52,0.68171
-20.703,-17.5,0.70298
-20.685,-17.48,0.7095
-20.666,-17.46,0.7333
-20.648,-17.44,0.75072
-20.63,-17.42,0.8242
-20.612,-17.4,0.84867
-20.594,-17.38,0.8368
-20.576,-17.36,0.83199
-20.558,-17.34,0.84112
-20.54,-17.32,0.84618
-20.521,-17.3,0.82444
-20.503,-17.28,0.83013
-20.485,-17.26,0.83787
-20.467,-17.24,0.83297
-20.449,-17.22,0.83392
-20.431,-17.2,0.8323
-20.413,-17.179,0.85103
-20.395,-17.159,0.86433
-20.376,-17.139,0.85818
-20.358,-17.119,0.83922
-20.34,-17.099,0.83862
-20.322,-17.079,0.84826
-20.304,-17.059,0.83887
-20.286,-17.039,0.84119
-20.268,-17.019,0.86108
-20.25,-16.999,0.87064
-20.232,-16.979,0.86271
-20.213,-16.959,0.85913
-20.195,-16.939,0.85823
-20.177,-16.919,0.86276
-20.159,-16.899,0.86103
-20.141,-16.879,0.83554
-20.123,-16.858,0.85666
-20.105,-16.838,0.87744
-20.087,-16.818,0.86598
-20.068,-16.798,0.87763
-20.05,-16.778,0.87379
-20.032,-16.758,0.87342
-20.014,-16.738,0.88121
-19.996,-16.718,0.90231
-19.978,-16.698,0.92448
-19.96,-16.678,0.92587
-19.942,-16.658,0.94563
-19.924,-16.638,0.95724
-19.905,-16.618,0.97196
-19.887,-16.598,0.98147
-19.869,-16.578,0.99089
-19.851,-16.558,1.0268
-19.833,-16.537,1.0457
-19.816,-16.516,1.0568
-19.798,-16.496,1.0547
-19.781,-16.474,1.0652
-19.764,-16.453,1.0763
-19.746,-16.431,1.0907
-19.729,-16.409,1.0919
-19.712,-16.388,1.0863
-19.695,-16.365,1.1734
-19.679,-16.343,1.1736
-19.662,-16.32,1.178
-19.646,-16.297,1.1761
-19.629,-16.274,1.1786
-19.613,-16.25,1.1838
-19.597,-16.226,1.1893
-19.581,-16.202,1.1915
-19.566,-16.177,1.1985
-19.55,-16.152,1.1992
-19.535,-16.127,1.1977
-19.52,-16.101,1.2044
-19.505,-16.075,1.2102
-19.49,-16.049,1.2071
-19.476,-16.022,1.2076
-19.461,-15.995,1.2051
-19.447,-15.967,1.2076
-19.433,-15.939,1.2185
-19.419,-15.912,1.2153
-19.405,-15.883,1.2223
-19.391,-15.855,1.2206
-19.378,-15.826,1.2211
-19.365,-15.796,1.2327
-19.352,-15.766,1.2264
-19.339,-15.735,1.2571
-19.327,-15.704,1.2391
-19.314,-15.673,1.231
-19.302,-15.641,1.2781
-19.29,-15.609,1.3094
-19.278,-15.577,1.3486
-19.267,-15.544,1.2858
-19.256,-15.51,1.3026
-19.245,-15.477,1.274
-19.235,-15.442,1.3212
-19.224,-15.406,1.3062
-19.214,-15.371,1.3057
-19.204,-15.335,1.2969
-19.195,-15.298,1.3019
-19.185,-15.262,1.3307
-19.176,-15.224,1.3477
-19.167,-15.187,1.3475
-19.159,-15.148,1.3554
-19.151,-15.109,1.358
-19.143,-15.07,1.3452
-19.136,-15.029,1.3671
-19.128,-14.989,1.3958
-19.121,-14.948,1.3749
-19.115,-14.907,1.3768
-19.108,-14.865,1.3946
-19.102,-14.824,1.4107
-19.096,-14.781,1.406
-19.09,-14.739,1.4099
-19.085,-14.696,1.4186
-19.08,-14.653,1.4318
-19.075,-14.61,1.4314
-19.07,-14.567,1.4166
-19.066,-14.524,1.4163
-19.062,-14.481,1.4207
-19.058,-14.438,1.4276
-19.055,-14.394,1.4783
-19.052,-14.351,1.4834
-19.05,-14.308,1.493
-19.047,-14.264,1.4949
-19.045,-14.221,1.4639
-19.043,-14.177,1.4791
-19.041,-14.133,1.4987
-19.04,-14.089,1.5015
-19.039,-14.046,1.5039
-19.037,-14.002,1.4974
-19.036,-13.959,1.5087
-19.035,-13.917,1.5203
-19.034,-13.876,1.5265
-19.033,-13.834,1.5356
-19.032,-13.793,1.5409
-19.032,-13.752,1.5496
-19.032,-13.711,1.5837
-19.032,-13.671,1.5903
-19.032,-13.63,1.5915
-19.032,-13.591,1.574
-19.033,-13.551,1.5888
-19.033,-13.511,1.5943
-19.034,-13.473,1.5953
-19.035,-13.434,1.581
-19.036,-13.396,1.5822
-19.036,-13.359,1.5812
-19.037,-13.321,1.5759
-19.037,-13.284,1.5943
-19.038,-13.247,1.5908
-19.039,-13.211,1.6055
-19.041,-13.175,1.634
-19.042,-13.139,1.6356
-19.044,-13.104,1.6476
-19.045,-13.069,1.6537
-19.047,-13.033,1.6605
-19.049,-12.999,1.6581
-19.051,-12.964,1.6563
-19.054,-12.93,1.6626
-19.056,-12.896,1.6665
-19.059,-12.862,1.6699
-19.062,-12.829,1.6452
-19.065,-12.796,1.639
-19.069,-12.763,1.6571
-19.072,-12.731,1.6616
-19.076,-12.698,1.7885
-19.079,-12.666,1.6532
-19.083,-12.634,1.6511
-19.086,-12.603,1.6521
-19.09,-12.572,1.6518
-19.094,-12.542,1.652
-19.098,-12.512,1.6561
-19.102,-12.483,1.6589
-19.107,-12.453,1.6592
-19.111,-12.424,1.6601
-19.115,-12.396,1.6619
-19.12,-12.368,1.6655
-19.124,-12.339,1.664
-19.129,-12.312,1.6668
-19.133,-12.284,1.6655
-19.138,-12.257,1.6633
-19.143,-12.23,1.6672
-19.147,-12.203,1.6723
-19.152,-12.176,1.6969
-19.158,-12.15,1.7041
-19.163,-12.124,1.7084
-19.169,-12.097,1.7088
-19.174,-12.072,1.7101
-19.179,-12.046,1.7157
-19.184,-12.02,1.7342
-19.19,-11.995,1.7192
-19.196,-11.969,1.7132
-19.202,-11.943,1.711
-19.208,-11.917,1.7094
-19.214,-11.891,1.7104
-19.22,-11.864,1.7911
-19.227,-11.838,1.7927
-19.233,-11.811,1.8063
-19.239,-11.784,1.7884
-19.246,-11.757,1.7722
-19.253,-11.73,1.6891
-19.26,-11.703,1.6924
-19.267,-11.675,1.7059
-19.274,-11.647,1.7508
-19.281,-11.62,1.7746
-19.288,-11.591,1.7797
-19.296,-11.563,1.7917
-19.304,-11.533,1.7741
-19.312,-11.504,1.8044
-19.32,-11.474,1.7786
-19.327,-11.443,1.7978
-19.335,-11.413,1.7995
-19.344,-11.381,1.8057
-19.352,-11.35,1.8144
-19.36,-11.318,1.814
-19.368,-11.286,1.8021
-19.377,-11.253,1.796
-19.385,-11.22,1.7923
-19.394,-11.187,1.7892
-19.402,-11.154,1.7812
-19.411,-11.12,1.7916
-19.421,-11.086,1.796
-19.43,-11.052,1.8123
-19.44,-11.018,1.8117
-19.449,-10.983,1.8383
-19.459,-10.948,1.8375
-19.469,-10.913,1.8556
-19.479,-10.877,1.8593
-19.49,-10.841,1.8519
-19.5,-10.805,1.8402
-19.51,-10.768,1.8347
-19.521,-10.731,1.842
-19.531,-10.693,1.8394
-19.542,-10.655,1.8331
-19.552,-10.617,1.8294
-19.563,-10.579,1.8323
-19.573,-10.54,1.8578
-19.583,-10.501,1.8528
-19.593,-10.462,1.8511
-19.604,-10.422,1.8462
-19.614,-10.382,1.8539
-19.624,-10.343,1.8547
-19.635,-10.302,1.8472
-19.645,-10.262,1.8422
-19.654,-10.222,1.8374
-19.664,-10.181,1.8202
-19.674,-10.14,1.8111
-19.684,-10.099,1.8023
-19.694,-10.058,1.8517
-19.704,-10.017,1.8346
-19.713,-9.976,1.8357
-19.723,-9.9348,1.8301
-19.732,-9.8937,1.8262
-19.742,-9.8525,1.8171
-19.751,-9.812,1.8195
-19.76,-9.7715,1.8265
-19.768,-9.7314,1.8351
-19.777,-9.6913,1.8619
-19.785,-9.6513,1.8513
-19.793,-9.6117,1.8505
-19.801,-9.5722,1.8452
-19.809,-9.5331,1.8479
-19.817,-9.4946,1.8403
-19.825,-9.4563,1.8324
-19.832,-9.4182,1.8629
-19.84,-9.3802,1.8551
-19.847,-9.3429,1.8386
-19.854,-9.3055,1.8324
-19.86,-9.2687,1.8235
-19.867,-9.2322,1.8057
-19.873,-9.1959,1.8075
-19.88,-9.1599,1.793
-19.886,-9.1241,1.8093
-19.892,-9.0882,1.7573
-19.898,-9.0528,1.7433
-19.904,-9.0175,1.7742
-19.909,-8.9826,1.7678
-19.914,-8.9479,1.7521
-19.919,-8.9138,1.7525
-19.924,-8.8795,1.7404
-19.929,-8.8454,1.7423
-19.933,-8.8116,1.7405
-19.938,-8.778,1.7149
-19.942,-8.7447,1.7116
-19.946,-8.7119,1.7141
-19.95,-8.6797,1.6916
-19.954,-8.6478,1.6764
-19.957,-8.6168,1.676
-19.961,-8.5861,1.6559
-19.964,-8.5561,1.6431
-19.968,-8.5263,1.6356
-19.971,-8.4971,1.6241
-19.974,-8.4682,1.5989
-19.977,-8.4393,1.5552
-19.979,-8.4107,1.6147
-19.982,-8.3826,1.608
-19.984,-8.3548,1.6021
-19.986,-8.3274,1.5956
-19.987,-8.3004,1.5995
-19.989,-8.2735,1.5988
-19.991,-8.2475,1.5968
-19.992,-8.2218,1.5944
-19.993,-8.1964,1.5928
-19.993,-8.1717,1.5923
-19.993,-8.1473,1.5881
-19.994,-8.1231,1.5927
-19.993,-8.0997,1.5861
-19.993,-8.0769,1.5807
-19.992,-8.0541,1.5746
-19.991,-8.0319,1.5728
-19.99,-8.0103,1.5763
-19.989,-7.9892,1.565
-19.988,-7.9686,1.5511
-19.986,-7.9483,1.5478
-19.985,-7.9282,1.5317
-19.983,-7.9082,1.5404
-19.981,-7.8882,1.5318
-19.979,-7.8687,1.5271
-19.976,-7.8495,1.5186
-19.974,-7.8304,1.5366
-19.971,-7.8119,1.5351
-19.969,-7.7936,1.5324
-19.966,-7.7762,1.5306
-19.963,-7.759,1.5271
-19.96,-7.7421,1.5191
-19.957,-7.7254,1.5206
-19.954,-7.7089,1.5059
-19.951,-7.6929,1.497
-19.948,-7.6769,1.4812
-19.944,-7.6611,1.4686
-19.941,-7.6456,1.465
-19.938,-7.6301,1.4575
-19.935,-7.6149,1.4569
-19.931,-7.5999,1.458
-19.928,-7.5848,1.4516
-19.924,-7.5695,1.4493
-19.921,-7.554,1.4462
-19.917,-7.5382,1.4359
-19.913,-7.5223,1.4317
-19.909,-7.506,1.4221
-19.905,-7.4895,1.4234
-19.901,-7.4724,1.4078
-19.896,-7.4552,1.4034
-19.891,-7.4376,1.3994
-19.886,-7.4198,1.3947
-19.881,-7.4023,1.3882
-19.876,-7.3849,1.3759
-19.871,-7.368,1.3734
-19.865,-7.3514,1.361
-19.86,-7.3348,1.3499
-19.854,-7.3185,1.3382
-19.849,-7.3023,1.3566
-19.844,-7.2862,1.3526
-19.838,-7.2701,1.2891
-19.833,-7.2545,1.2781
-19.828,-7.2389,1.2704
-19.822,-7.2233,1.2668
-19.816,-7.2079,1.2571
-19.811,-7.1923,1.261
-19.804,-7.1762,1.264
-19.798,-7.1598,1.2633
-19.791,-7.1431,1.2643
-19.785,-7.1265,1.2664
-19.778,-7.1098,1.2644
-19.771,-7.093,1.2637
-19.765,-7.0759,1.2551
-19.758,-7.0588,1.2548
-19.751,-7.0418,1.2504
-19.743,-7.025,1.2524
-19.736,-7.0079,1.2451
-19.728,-6.9909,1.239
-19.72,-6.9738,1.2313
-19.712,-6.9567,1.2271
-19.703,-6.9396,1.224
-19.694,-6.9226,1.2191
-19.685,-6.9053,1.2029
-19.676,-6.8882,1.193
-19.666,-6.8712,1.1807
-19.656,-6.8541,1.1861
-19.646,-6.8372,1.1924
-19.636,-6.8203,1.1205
-19.625,-6.8034,1.1185
-19.614,-6.7867,1.1208
-19.603,-6.7701,1.1217
-19.592,-6.7537,1.1199
-19.581,-6.7372,1.1207
-19.569,-6.7207,1.1138
-19.557,-6.7045,1.1142
-19.545,-6.6884,1.116
-19.532,-6.6725,1.1123
-19.519,-6.6569,1.1121
-19.507,-6.6415,1.1059
-19.493,-6.6263,1.1071
-19.48,-6.611,1.1101
-19.467,-6.5958,1.1055
-19.453,-6.5807,1.0974
-19.439,-6.5654,1.0846
-19.425,-6.55,1.0799
-19.41,-6.5345,1.0731
-19.396,-6.519,1.0757
-19.381,-6.5035,1.0774
-19.366,-6.488,1.059
-19.35,-6.4723,1.0476
-19.335,-6.4568,1.0298
-19.319,-6.4413,1.0286
-19.303,-6.4257,1.0327
-19.286,-6.4101,1.0241
-19.27,-6.3946,1.0113
-19.253,-6.3791,0.96237
-19.236,-6.3637,0.9529
-19.219,-6.3484,0.96176
-19.202,-6.3331,0.95897
-19.184,-6.3178,0.93988
-19.166,-6.3027,0.94163
-19.148,-6.288,0.91663
-19.13,-6.2734,0.93221
-19.112,-6.2592,0.94319
-19.094,-6.2453,0.93966
-19.076,-6.2318,0.93168
-19.058,-6.2185,0.9335
-19.039,-6.2049,0.92139
-19.021,-6.1912,0.9123
-19.001,-6.1773,0.9086
-18.982,-6.1633,0.90342
-18.963,-6.1491,0.89593
-18.943,-6.135,0.89503
-18.923,-6.1207,0.88248
-18.902,-6.1064,0.87327
-18.882,-6.092,0.86714
-18.861,-6.0776,0.85659
-18.84,-6.0631,0.85205
-18.819,-6.0488,0.84462
-18.797,-6.0346,0.84227
-18.776,-6.0206,0.84428
-18.754,-6.007,0.84072
-18.733,-5.9935,0.8409
-18.711,-5.9801,0.83318
-18.689,-5.9666,0.82739
-18.667,-5.953,0.81473
-18.644,-5.9393,0.7948
-18.622,-5.9258,0.78797
-18.599,-5.9125,0.78154
-18.576,-5.8992,0.76857
-18.553,-5.8858,0.76916
-18.53,-5.8727,0.73861
-18.507,-5.8595,0.71373
-18.484,-5.8464,0.76678
-18.461,-5.8332,0.78827
-18.438,-5.8201,0.71811
-18.415,-5.8069,0.715
-18.392,-5.7938,0.71519
-18.369,-5.7806,0.71201
-18.345,-5.7675,0.70967
-18.322,-5.7543,0.7074
-18.299,-5.7412,0.70294
-18.276,-5.728,0.70048
-18.253,-5.7149,0.69367
-18.23,-5.7017,0.69166
-18.207,-5.6886,0.68312
-18.184,-5.6754,0.67488
-18.161,-5.6623,0.66397
-18.138,-5.6491,0.65623
-18.115,-5.636,0.64126
-18.092,-5.6228,0.63663
-18.069,-5.6097,0.63361
-18.046,-5.5965,0.63054
-18.023,-5.5834,0.61537
-18,-5.5702,0.60997
-17.977,-5.5571,0.60491
-17.954,-5.5439,0.60453
-17.931,-5.5308,0.59655
-17.908,-5.5176,0.58774
-17.885,-5.5045,0.56585
-17.862,-5.4913,0.55252
-17.839,-5.4782,0.58941
-17.816,-5.465,0.59732
-17.793,-5.4519,0.56821
-17.77,-5.4387,0.54757
-17.747,-5.4256,0.53225
-17.724,-5.4125,0.44918
-17.701,-5.3993,0.45664
-17.678,-5.3862,0.47903
-17.655,-5.373,0.48296
-17.632,-5.3599,0.4976
-17.609,-5.3467,0.49099
-17.586,-5.3336,0.48723
-17.563,-5.3204,0.48317
-17.54,-5.3073,0.4802
-17.517,-5.2941,0.47699
-17.494,-5.281,0.47686
-17.471,-5.2678,0.4747
-17.448,-5.2547,0.46961
-17.425,-5.2415,0.46607
-17.402,-5.2284,0.46218
-17.379,-5.2152,0.46278
-17.356,-5.2021,0.45607
-17.333,-5.1889,0.45177
-17.31,-5.1758,0.45124
-17.287,-5.1626,0.44315
-17.264,-5.1495,0.44501
-17.241,-5.1363,0.44143
-17.218,-5.1232,0.43742
-17.195,-5.11,0.42512
-17.172,-5.0969,0.41384
-17.149,-5.0837,0.40812
-17.126,-5.0706,0.40482
-17.103,-5.0574,0.4045
-17.08,-5.0443,0.40496
-17.057,-5.0311,0.40251
-17.034,-5.018,0.39372
-17.011,-5.0048,0.38076
-16.988,-4.9917,0.36571
-16.965,-4.9785,0.37039
-16.942,-4.9654,0.37394
-16.919,-4.9523,0.38128
-16.896,-4.9391,0.41448
-16.873,-4.926,0.40695
-16.85,-4.9128,0.39854
-16.827,-4.8997,0.38634
-16.804,-4.8865,0.32782
-16.781,-4.8734,0.31899
-16.758,-4.8602,0.33632
-16.735,-4.8471,0.35257
-16.712,-4.8339,0.36601
-16.689,-4.8208,0.35828
-16.666,-4.8076,0.35214
-16.643,-4.7945,0.34371
-16.62,-4.7813,0.32932
-16.597,-4.7682,0.32441
-16.574,-4.755,0.29972
-16.551,-4.7419,0.29064
-16.528,-4.7287,0.3061
-16.504,-4.7156,0.30913
-16.481,-4.7024,0.31305
-16.458,-4.6893,0.29987
-16.435,-4.6761,0.29092
-16.412,-4.663,0.28093
-16.389,-4.6498,0.26265
-16.366,-4.6367,0.25645
-16.343,-4.6235,0.26422
-16.32,-4.6104,0.26517
-16.297,-4.5972,0.27264
-16.274,-4.5841,0.2549
-16.251,-4.5709,0.25618
-16.228,-4.5578,0.27678
-16.205,-4.5446,0.27364
-16.182,-4.5315,0.2765
-16.159,-4.5183,0.28006
-16.136,-4.5052,0.25575
-16.113,-4.492,0.2448
-16.09,-4.4789,0.25349
-16.067,-4.4658,0.22688
-16.044,-4.4526,0.26632
-16.021,-4.4395,0.25779
-15.998,-4.4263,0.26401
-15.975,-4.4132,0.27044
-15.952,-4.4,0.27045
-15.929,-4.3869,0.25305
-15.906,-4.3737,0.2565
-15.883,-4.3606,0.2565
-15.86,-4.3474,0.25435
-15.837,-4.3343,0.26074
-15.814,-4.3211,0.26574
-15.791,-4.308,0.2725
-15.768,-4.2948,0.26988
-15.745,-4.2817,0.27522
-15.722,-4.2685,0.27391
-15.699,-4.2554,0.25283
-15.676,-4.2422,0.25792
-15.653,-4.2291,0.26584
-15.63,-4.2159,0.28073
-15.607,-4.2028,0.29408
-15.584,-4.1896,0.28148
-15.561,-4.1765,0.27142
-15.538,-4.1633,0.28041
-15.515,-4.1502,0.28534
-15.492,-4.137,0.27831
-15.469,-4.1239,0.27668
-15.446,-4.1107,0.31575
-15.423,-4.0976,0.32235
-15.4,-4.0844,0.33091
-15.377,-4.0713,0.3389
-15.354,-4.0581,0.31398
-15.331,-4.045,0.30327
-15.308,-4.0318,0.28799
-15.285,-4.0187,0.29506
-15.262,-4.0056,0.2918
-15.239,-3.9924,0.29757
-15.216,-3.9793,0.29778
-15.193,-3.9661,0.30278
-15.17,-3.953,0.31184
-15.147,-3.9398,0.31164
-15.124,-3.9267,0.34318
-15.101,-3.9135,0.35167
-15.078,-3.9004,0.34146
-15.055,-3.8872,0.32749
-15.032,-3.8741,0.3482
-15.009,-3.8609,0.35455
-14.986,-3.8478,0.36619
-14.963,-3.8346,0.37236
-14.94,-3.8215,0.38766
-14.917,-3.8083,0.37906
-14.894,-3.7952,0.38572
-14.871,-3.782,0.40169
-14.848,-3.7689,0.39482
-14.825,-3.7557,0.41244
-14.802,-3.7426,0.42797
-14.779,-3.7294,0.40317
-14.756,-3.7163,0.41648
-14.733,-3.7031,0.42149
-14.71,-3.69,0.42989
-14.687,-3.6768,0.46818
-14.663,-3.6637,0.4631
-14.64,-3.6505,0.46206
-14.617,-3.6374,0.45388
-14.594,-3.6242,0.47628
-14.571,-3.6111,0.47711
-14.548,-3.5979,0.47322
-14.525,-3.5848,0.47509
-14.502,-3.5716,0.47242
-14.479,-3.5585,0.45986
-14.456,-3.5454,0.48097
-14.433,-3.5322,0.49929
-14.41,-3.5191,0.51502
-14.387,-3.5059,0.50894
-14.364,-3.4928,0.52271
-14.341,-3.4796,0.53905
-14.318,-3.4665,0.55311
-14.295,-3.4533,0.55202
-14.272,-3.4402,0.56271
-14.249,-3.427,0.57294
-14.226,-3.4139,0.59153
-14.203,-3.4007,0.59519
-14.18,-3.3876,0.60254
-14.157,-3.3744,0.61856
-14.134,-3.3613,0.62522
-14.111,-3.3481,0.62791
-14.088,-3.335,0.63163
-14.065,-3.3218,0.63364
-14.042,-3.3087,0.6447
-14.019,-3.2955,0.64523
-13.996,-3.2824,0.65026
-13.973,-3.2692,0.65979
-13.95,-3.2561,0.66567
-13.927,-3.2429,0.66661
-13.904,-3.2298,0.67795
-13.881,-3.2166,0.67963
-13.858,-3.2035,0.67054
-13.835,-3.1903,0.69871
-13.812,-3.1772,0.71322
-13.789,-3.164,0.71457
-13.766,-3.1509,0.69524
-13.743,-3.1377,0.69742
-13.72,-3.1246,0.70511
-13.697,-3.1114,0.71141
-13.674,-3.0983,0.73574
-13.651,-3.0852,0.72846
-13.628,-3.072,0.72544
-13.605,-3.0589,0.76576
-13.582,-3.0457,0.75193
-13.559,-3.0326,0.75541
-13.536,-3.0194,0.75922
-13.513,-3.0063,0.77432
-13.49,-2.9931,0.78886
-13.467,-2.98,0.8179
-13.444,-2.9668,0.82743
-13.421,-2.9537,0.83634
-13.398,-2.9405,0.82554
-13.375,-2.9274,0.82868
-13.352,-2.9142,0.83988
-13.329,-2.9011,0.85701
-13.306,-2.8879,0.87012
-13.283,-2.8748,0.88053
-13.26,-2.8616,0.86865
-13.237,-2.8485,0.87143
-13.214,-2.8353,0.88219
-13.191,-2.8222,0.89048
-13.168,-2.809,0.88909
-13.145,-2.7959,0.88916
-13.122,-2.7827,0.89287
-13.099,-2.7696,0.90668
-13.076,-2.7564,0.90244
-13.053,-2.7433,0.9082
-13.03,-2.7301,0.91458
-13.007,-2.717,0.91843
-12.984,-2.7038,0.92241
-12.961,-2.6907,0.91914
-12.938,-2.6775,0.92624
-12.915,-2.6644,0.93435
-12.892,-2.6512,0.93043
-12.869,-2.6381,0.9413
-12.846,-2.625,0.95742
-12.823,-2.6118,0.92453
-12.799,-2.5987,0.9227
-12.776,-2.5855,0.91828
-12.753,-2.5724,0.91997
-12.73,-2.5592,0.93742
-12.707,-2.5461,1.0049
-12.684,-2.5329,0.99117
-12.661,-2.5198,0.95164
-12.638,-2.5066,0.92856
-12.615,-2.4935,0.85366
-12.592,-2.4803,0.83704
-12.569,-2.4672,0.84232
-12.546,-2.454,0.87739
-12.523,-2.4409,0.92236
-12.5,-2.4277,0.93419
-12.477,-2.4146,0.92014
-12.454,-2.4014,0.90193
-12.431,-2.3883,0.89583
-12.408,-2.3751,0.89354
-12.385,-2.362,0.88956
-12.362,-2.3488,0.88657
-12.339,-2.3357,0.88618
-12.316,-2.3225,0.86408
-12.293,-2.3094,0.85655
-12.27,-2.2962,0.85267
-12.247,-2.2831,0.86885
-12.224,-2.2699,0.89364
-12.201,-2.2568,0.87949
-12.178,-2.2436,0.87489
-12.155,-2.2305,0.87073
-12.132,-2.2173,0.87243
-12.109,-2.2042,0.87033
-12.086,-2.191,0.86571
-12.063,-2.1779,0.86699
-12.04,-2.1648,0.85637
-12.017,-2.1516,0.85925
-11.994,-2.1385,0.85702
-11.971,-2.1253,0.85585
-11.948,-2.1122,0.85525
-11.925,-2.099,0.85286
-11.902,-2.0859,0.84998
-11.879,-2.0727,0.85261
-11.856,-2.0596,0.84816
-11.833,-2.0464,0.84575
-11.81,-2.0333,0.84658
-11.787,-2.0201,0.8354
-11.764,-2.007,0.85036
-11.741,-1.9938,0.84898
-11.718,-1.9807,0.86438
-11.695,-1.9675,0.87663
-11.672,-1.9544,0.76708
-11.649,-1.9412,0.7297
-11.626,-1.9281,0.7182
-11.603,-1.9149,0.86266
-11.58,-1.9018,0.86999
-11.557,-1.8886,0.87213
-11.534,-1.8755,0.87251
-11.511,-1.8623,0.86157
-11.488,-1.8492,0.85383
-11.465,-1.836,0.84292
-11.442,-1.8229,0.83931
-11.419,-1.8097,0.82817
-11.396,-1.7966,0.82976
-11.373,-1.7834,0.82847
-11.35,-1.7703,0.81206
-11.327,-1.7571,0.80744
-11.304,-1.744,0.80411
-11.281,-1.7308,0.79934
-11.258,-1.7177,0.80034
-11.235,-1.7046,0.79738
-11.212,-1.6914,0.79595
-11.189,-1.6783,0.79403
-11.166,-1.6651,0.79357
-11.143,-1.652,0.7777
-11.12,-1.6388,0.76937
-11.097,-1.6257,0.76653
-11.074,-1.6125,0.76574
-11.051,-1.5994,0.76595
-11.028,-1.5862,0.77407
-11.005,-1.5731,0.78524
-10.982,-1.5599,0.79649
-10.958,-1.5468,0.71015
-10.935,-1.5336,0.73155
-10.912,-1.5205,0.82918
-10.889,-1.5073,0.83899
-10.866,-1.4942,0.82868
-10.843,-1.481,0.82387
-10.82,-1.4679,0.8019
-10.797,-1.4547,0.79186
-10.774,-1.4416,0.7964
-10.751,-1.4284,0.78626
-10.728,-1.4153,0.76376
-10.705,-1.4021,0.7585
-10.682,-1.389,0.73181
-10.659,-1.3758,0.71967
-10.636,-1.3627,0.70991
-10.613,-1.3495,0.7091
-10.59,-1.3364,0.70778
-10.567,-1.3232,0.70612
-10.544,-1.3101,0.70944
-10.521,-1.2969,0.7072
-10.498,-1.2838,0.69329
-10.475,-1.2706,0.67996
-10.452,-1.2575,0.67095
-10.429,-1.2444,0.66829
-10.406,-1.2312,0.65854
-10.383,-1.2181,0.6511
-10.36,-1.2049,0.64638
-10.337,-1.1918,0.63737
-10.314,-1.1786,0.62062
-10.291,-1.1655,0.61597
-10.268,-1.1523,0.60051
-10.245,-1.1392,0.58747
-10.222,-1.126,0.583
-10.199,-1.1129,0.57739
-10.176,-1.0997,0.56887
-10.153,-1.0866,0.54723
-10.13,-1.0734,0.54642
-10.107,-1.0603,0.55063
-10.084,-1.0471,0.5511
-10.061,-1.034,0.5168
-10.038,-1.0208,0.5078
-10.015,-1.0077,0.50221
-9.992,-0.99453,0.4918
-9.969,-0.98138,0.4789
-9.9459,-0.96823,0.49893
-9.9229,-0.95508,0.50385
-9.8999,-0.94193,0.5073
-9.8769,-0.92879,0.48141
-9.8539,-0.91564,0.49001
-9.8309,-0.90249,0.46339
-9.8079,-0.88934,0.46528
-9.7849,-0.87619,0.42248
-9.7618,-0.86304,0.41993
-9.7388,-0.84989,0.41729
-9.7158,-0.83675,0.42369
-9.6925,-0.82369,0.42161
-9.6689,-0.81081,0.42641
-9.645,-0.79809,0.38953
-9.6207,-0.78553,0.37434
-9.5962,-0.77313,0.34359
-9.5713,-0.7609,0.35058
-9.5461,-0.74884,0.3703
-9.5206,-0.73694,0.353
-9.4948,-0.7252,0.33861
-9.4687,-0.71363,0.33546
-9.4422,-0.70222,0.33963
-9.4155,-0.69097,0.3352
-9.3884,-0.67989,0.33279
-9.361,-0.66898,0.30262
-9.3333,-0.65822,0.2831
-9.3053,-0.64764,0.27492
-9.277,-0.63721,0.2755
-9.2483,-0.62695,0.26895
-9.2194,-0.61686,0.28003
-9.1901,-0.60693,0.27277
-9.1605,-0.59716,0.26481
-9.1306,-0.58756,0.23326
-9.1004,-0.57812,0.22973
-9.0699,-0.56884,0.22132
-9.039,-0.55973,0.21856
-9.0079,-0.55079,0.21919
-8.9764,-0.54201,0.21721
-8.9446,-0.53339,0.21297
-8.9126,-0.52494,0.22126
-8.8801,-0.51665,0.22019
-8.8474,-0.50852,0.2206
-8.8144,-0.50056,0.21566
-8.781,-0.49277,0.217
-8.7474,-0.48514,0.20304
-8.7134,-0.47767,0.20474
-8.6791,-0.47036,0.20217
-8.6445,-0.46323,0.20025
-8.6096,-0.45625,0.20616
-8.5743,-0.44944,0.20318
-8.5388,-0.44279,0.17299
-8.5029,-0.43631,0.14808
-8.4668,-0.42999,0.14551
-8.4303,-0.42384,0.1421
-8.3935,-0.41785,0.13878
-8.3563,-0.41202,0.13913
-8.3189,-0.40636,0.1362
-8.2812,-0.40086,0.13933
-8.2431,-0.39553,0.14366
-8.2047,-0.39036,0.14447
-8.1661,-0.38536,0.141
-8.1271,-0.38052,0.1424
-8.0877,-0.37584,0.13524
-8.0481,-0.37133,0.13554
-8.0082,-0.36698,0.13628
-7.9679,-0.3628,0.13796
-7.9273,-0.35878,0.14428
-7.8865,-0.35492,0.14305
-7.8453,-0.35123,0.11853
-7.8037,-0.34771,0.088989
-7.7619,-0.34434,0.092184
-7.7198,-0.34115,0.088709
-7.6773,-0.33811,0.073927
-7.6346,-0.33524,0.074672
-7.5915,-0.33254,0.071414
-7.5481,-0.33,0.071339
-7.5044,-0.32762,0.086957
-7.4603,-0.32541,0.079062
-7.416,-0.32336,0.082345
-7.3713,-0.32147,0.082176
-7.3264,-0.31975,0.064273
-7.2811,-0.3182,0.069362
-7.2355,-0.31681,0.059979
-7.1896,-0.31558,0.064601
-7.1434,-0.31451,0.067379
-7.0968,-0.31362,0.079008
-7.0503,-0.31278,0.064273
-7.0037,-0.31195,0.069207
-6.9572,-0.31112,0.068748
-6.9106,-0.31029,0.05684
-6.864,-0.30945,0.057501
-6.8175,-0.30862,0.06283
-6.7709,-0.30779,0.065733
-6.7244,-0.30696,0.07022
-6.6778,-0.30612,0.065603
-6.6313,-0.30529,0.061025
-6.5847,-0.30446,0.053346
-6.5381,-0.30363,0.03375
-6.4916,-0.30279,0.056909
-6.445,-0.30196,0.030241
-6.3985,-0.30113,0.032239
-6.3519,-0.3003,0.023217
-6.3053,-0.29946,0.019096
-6.2588,-0.29863,0.022715
-6.2122,-0.2978,0.030024
-6.1657,-0.29697,0.050423
-6.1191,-0.29613,0.060382
-6.0725,-0.2953,0.065087
-6.026,-0.29447,0.053978
-5.9794,-0.29364,0.053755
-5.9329,-0.2928,0.061377
-5.8863,-0.29197,0.061496
-5.8397,-0.29114,0.048481
-5.7932,-0.29031,0.05592
-5.7466,-0.28947,0.062801
-5.7001,-0.28864,0.063528
-5.6535,-0.28781,0.060362
-5.607,-0.28698,0.067154
-5.5604,-0.28614,0.069129
-5.5138,-0.28531,0.056588
-5.4673,-0.28448,0.057832
-5.4207,-0.28365,0.039338
-5.3742,-0.28281,0.025049
-5.3276,-0.28198,0.026589
-5.281,-0.28115,0.035298
-5.2345,-0.28032,0.050429
-5.1879,-0.27948,0.030773
-5.1414,-0.27865,0.0461
-5.0948,-0.27782,0.05841
-5.0482,-0.27699,0.056755
-5.0017,-0.27615,0.060157
-4.9551,-0.27532,0.064363
-4.9086,-0.27449,0.057166
-4.862,-0.27366,0.05324
-4.8155,-0.27282,0.059283
-4.7689,-0.27199,0.06134
-4.7223,-0.27116,0.060762
-4.6758,-0.27033,0.057961
-4.6292,-0.26949,0.044765
-4.5827,-0.26866,0.020584
-4.5361,-0.26783,0.035646
-4.4895,-0.267,0.052712
-4.443,-0.26616,0.061147
-4.3964,-0.26533,0.067005
-4.3499,-0.2645,0.060809
-4.3033,-0.26367,0.037593
-4.2567,-0.26283,0.022683
-4.2102,-0.262,0.024078
-4.1636,-0.26117,0.041418
-4.1171,-0.26034,0.022636
-4.0705,-0.2595,0.0042409
-4.024,-0.25867,0.013053
-3.9774,-0.25784,0.022814
-3.9308,-0.25701,0.0053898
-3.8843,-0.25617,0.012407
-3.8377,-0.25534,0.020864
-3.7912,-0.25451,0.021682
-3.7446,-0.25368,0.02473
-3.698,-0.25284,0.020724
-3.6515,-0.25201,-0.0027251
-3.6049,-0.25118,-0.023537
-3.5584,-0.25035,-0.023898
-3.5118,-0.24951,-0.012498
-3.4652,-0.24868,-0.0001049
-3.4187,-0.24785,0.015973
-3.3721,-0.24702,0.0049487
-3.3256,-0.24618,-0.0067102
-3.279,-0.24535,0.006466
-3.2324,-0.24452,0.021984
-3.1859,-0.24369,0.0029379
-3.1393,-0.24285,0.0085143
-3.0928,-0.24202,-0.0052251
-3.0462,-0.24119,-0.014777
-2.9997,-0.24036,-0.016838
-2.9531,-0.23952,0.0074277
-2.9065,-0.23869,0.016256
-2.86,-0.23786,-0.00014929
-2.8134,-0.23703,-0.020246
-2.7669,-0.23619,-0.018495
-2.7203,-0.23536,-0.010811
-2.6737,-0.23453,-0.014306
-2.6272,-0.2337,0.0050363
-2.5806,-0.23286,0.018613
-2.5341,-0.23203,0.010338
-2.4875,-0.2312,-0.0037654
-2.4409,-0.23037,-0.023797
-2.3944,-0.22953,-0.018505
-2.3478,-0.2287,-0.01541
-2.3013,-0.22787,0.0072802
-2.2547,-0.22704,0.020444
-2.2082,-0.2262,0.017232
-2.1616,-0.22537,0.00736
-2.115,-0.22454,-0.003061
-2.0685,-0.22371,-0.020838
-2.0219,-0.22287,-0.012041
-1.9754,-0.22204,0.02111
-1.9288,-0.22121,-0.0011963
-1.8822,-0.22038,0.00044015
-1.8357,-0.21954,-0.01858
-1.7891,-0.21871,0.0069979
-1.7426,-0.21788,0.022835
-1.696,-0.21705,0.022024
-1.6494,-0.21621,0.0193
-1.6029,-0.21538,0.0097277
-1.5563,-0.21455,-0.0032617
-1.5098,-0.21372,-0.015087
-1.4632,-0.21288,-0.0164
-1.4167,-0.21205,-0.020927
-1.3701,-0.21122,-0.017569
-1.3235,-0.21039,-0.025859
-1.277,-0.20955,-0.0099782
-1.2304,-0.20872,0.0067579
-1.1839,-0.20789,0.00014879
-1.1373,-0.20706,0.014579
-1.0907,-0.20622,0.023946
-1.0442,-0.20539,0.015652
-0.99762,-0.20456,0.022621
-0.95106,-0.20373,0.016858
-0.9045,-0.20289,0.012625
-0.85794,-0.20206,0.0076864
-0.81138,-0.20123,0.016801
-0.76483,-0.2004,0.034699
-0.71827,-0.19956,0.018084
-0.67171,-0.19873,0.015954
-0.62515,-0.1979,0.01212
-0.57859,-0.19707,0.011295
-0.53203,-0.19623,0.0093012
-0.48547,-0.1954,0.015732
-0.43891,-0.19457,0.012604
-0.39235,-0.19374,0.027946
-0.3458,-0.1929,0.016157
-0.29924,-0.19207,0.010811
-0.25268,-0.19124,0.0048592
-0.20612,-0.19041,0.0013724
-0.15956,-0.18957,0
