0,0,0
0.046,-0.00010188,0.0042892
0.091999,-0.00020375,0.0047673
0.138,-0.00030563,0.0068166
0.184,-0.00040751,0.0074265
0.23,-0.00050938,0.012617
0.276,-0.00061126,0.021544
0.322,-0.00071314,-0.015632
0.368,-0.00081502,-0.022474
0.414,-0.00091689,-0.010393
0.46,-0.0010188,-0.01676
0.50599,-0.0011206,-0.016463
0.55199,-0.0012225,0.012709
0.59799,-0.0013244,0.016178
0.64399,-0.0014263,0.012218
0.68999,-0.0015282,0.013352
0.73599,-0.00163,0.010856
0.78199,-0.0017319,0.0060283
0.82799,-0.0018338,0.010256
0.87399,-0.0019357,0.011926
0.91999,-0.0020375,0.012331
0.96599,-0.0021394,0.011076
1.012,-0.0022413,0.015502
1.058,-0.0023432,0.0072921
1.104,-0.002445,0.017141
1.15,-0.0025469,0.01512
1.196,-0.0026488,0.014726
1.242,-0.0027507,0.017754
1.288,-0.0028526,0.017309
1.334,-0.0029544,0.018709
1.38,-0.0030563,0.016981
1.426,-0.0031582,0.019287
1.472,-0.0032601,0.0099406
1.518,-0.0033619,0.0015938
1.564,-0.0034638,-0.017389
1.61,-0.0035657,-0.013244
1.656,-0.0036676,-0.010859
1.702,-0.0037694,0.0011892
1.748,-0.0038713,0.0056198
1.794,-0.0039732,0.0050432
1.84,-0.0040751,0.0058194
1.886,-0.004177,-0.013914
1.932,-0.0042788,-0.030073
1.978,-0.0043807,-0.031243
2.024,-0.0044826,-0.0060109
2.07,-0.0045845,0.0098237
2.116,-0.0046863,0.011642
2.162,-0.0047882,-0.0086695
2.208,-0.0048901,0.0016627
2.254,-0.004992,0.003673
2.3,-0.0050938,0.0072498
2.346,-0.0051957,0.00544
2.392,-0.0052976,-0.015168
2.438,-0.0053995,-0.021002
2.484,-0.0055014,-0.018701
2.53,-0.0056032,0.0024952
2.576,-0.0057051,0.0006513
2.622,-0.005807,-0.002946
2.668,-0.0059089,0.00023145
2.714,-0.0060107,0.0027607
2.76,-0.0061126,0.0050554
2.806,-0.0062145,0.0073319
2.852,-0.0063164,-0.010835
2.898,-0.0064182,-0.0014045
2.944,-0.0065201,0.018803
2.99,-0.006622,0.00068048
3.036,-0.0067239,0.00022404
3.082,-0.0068258,-0.015749
3.128,-0.0069276,-0.012049
3.174,-0.0070295,-0.0076273
3.22,-0.0071314,-0.0039322
3.266,-0.0072333,0.00047686
3.312,-0.0073351,0.0086094
3.358,-0.007437,0.0088032
3.404,-0.0075389,-0.010819
3.45,-0.0076408,-0.00029085
3.496,-0.0077426,0.0021042
3.542,-0.0078445,0.0047109
3.588,-0.0079464,0.0022354
3.634,-0.0080483,0.0050811
3.68,-0.0081502,-0.0060203
3.726,-0.008252,-0.00175
3.772,-0.0083539,0.00058056
3.818,-0.0084558,0.010206
3.864,-0.0085577,0.013519
3.91,-0.0086595,0.036756
3.956,-0.0087614,0.023757
4.002,-0.0088633,0.0093639
4.048,-0.0089652,0.01364
4.094,-0.009067,0.021157
4.14,-0.0091689,0.029764
4.186,-0.0092708,0.031348
4.232,-0.0093727,0.035435
4.278,-0.0094745,0.038159
4.324,-0.0095764,0.044046
4.37,-0.0096783,0.039693
4.416,-0.0097802,0.020532
4.462,-0.0098821,0.0037771
4.508,-0.0099839,0.011337
4.554,-0.010086,0.028354
4.6,-0.010188,0.029618
4.646,-0.01029,0.034916
4.692,-0.010391,0.019533
4.738,-0.010493,0.0042818
4.7839,-0.010595,0.0069215
4.8299,-0.010697,0.018191
4.8759,-0.010799,0.021458
4.9219,-0.010901,0.031151
4.9679,-0.011003,0.015005
5.0139,-0.011105,0.0017811
5.0599,-0.011206,-0.011976
5.1059,-0.011308,-0.0068124
5.1519,-0.01141,-0.0002813
5.1979,-0.011512,0.0073289
5.2439,-0.011614,0.01277
5.2899,-0.011716,0.021212
5.3359,-0.011818,-0.012934
5.3819,-0.01192,0.0019986
5.4279,-0.012021,0.0068578
5.4739,-0.012123,0.00046381
5.5199,-0.012225,0.014375
5.5659,-0.012327,0.018134
5.6119,-0.012429,0.02465
5.6579,-0.012531,0.029242
5.7039,-0.012633,0.037437
5.7499,-0.012735,0.040869
5.7959,-0.012836,0.02606
5.8419,-0.012938,0.0094757
5.8879,-0.01304,0.0038524
5.9339,-0.013142,0.016389
5.9799,-0.013244,0.020263
6.0259,-0.013346,0.030603
6.0719,-0.013448,0.020663
6.1179,-0.01355,0.025971
6.1639,-0.013652,0.029907
6.2099,-0.013753,0.017824
6.2559,-0.013855,0.010274
6.3019,-0.013957,0.011949
6.3479,-0.014059,0.015237
6.3939,-0.014161,0.019925
6.4399,-0.014263,0.018841
6.4859,-0.014365,0.023165
6.5319,-0.014467,0.028045
6.5779,-0.014568,0.030264
6.6239,-0.01467,0.028893
6.6699,-0.014772,0.035838
6.7159,-0.014874,0.036633
6.7619,-0.014976,0.012486
6.8079,-0.015078,-0.0038762
6.8539,-0.01518,0.00012356
6.8999,-0.015282,-0.009234
6.9459,-0.015383,-0.010311
6.9919,-0.015485,-0.011239
7.0379,-0.015587,0.023543
7.0839,-0.015689,0.018662
7.1299,-0.015791,-0.013321
7.1759,-0.015893,-0.010756
7.2219,-0.015995,-0.012589
7.2679,-0.016097,0.010229
7.3139,-0.016198,0.018693
7.3599,-0.0163,0.0020879
7.4059,-0.016402,0.016445
7.4519,-0.016504,0.023591
7.4979,-0.016606,0.035643
7.5439,-0.016708,0.030722
7.5899,-0.01681,0.021722
7.6359,-0.016912,0.021291
7.6819,-0.017013,0.021016
7.7279,-0.017115,0.022908
7.7739,-0.017217,0.022493
7.8199,-0.017319,-0.0063374
7.8659,-0.017421,0.00078509
7.9119,-0.017523,0.0001595
7.9579,-0.017625,0.0030422
8.0039,-0.017727,0.0066224
8.0499,-0.017828,-0.00016052
8.0959,-0.01793,0.0075693
8.1419,-0.018032,-0.0093604
8.1879,-0.018134,-0.02161
8.2339,-0.018236,0.0075809
8.2799,-0.018338,-0.015404
8.3259,-0.01844,-0.030747
8.3719,-0.018542,-0.038199
8.4179,-0.018643,-0.035585
8.4639,-0.018745,-0.047362
8.5099,-0.018847,-0.034445
8.5559,-0.018949,-0.030982
8.6019,-0.019051,-0.028036
8.6479,-0.019153,-0.033085
8.6939,-0.019255,-0.045367
8.7399,-0.019357,-0.053891
8.7859,-0.019458,-0.063774
8.8319,-0.01956,-0.069391
8.8779,-0.019662,-0.068297
8.9239,-0.019764,-0.062175
8.9699,-0.019866,-0.056716
9.0159,-0.019968,-0.038446
9.0619,-0.02007,-0.063463
9.1079,-0.020172,-0.057244
9.1539,-0.020273,-0.04861
9.1999,-0.020375,-0.053131
9.2459,-0.020477,-0.055568
9.2919,-0.020579,-0.058018
9.3309,-0.027155,-0.064395
9.3644,-0.029745,-0.069912
9.4127,-0.034781,-0.089596
9.4508,-0.043509,-0.097584
9.5037,-0.051814,-0.10626
9.5492,-0.057844,-0.10849
9.6098,-0.066034,-0.11468
9.6455,-0.069376,-0.11576
9.6812,-0.075153,-0.11922
9.7427,-0.082967,-0.10933
9.8079,-0.090783,-0.11205
9.8646,-0.096554,-0.1229
9.9159,-0.10441,-0.12864
9.936,-0.11109,-0.13126
10.007,-0.12482,-0.15391
10.039,-0.13278,-0.15806
10.093,-0.14238,-0.16776
10.136,-0.15317,-0.18525
10.175,-0.17323,-0.22582
10.211,-0.18608,-0.22364
10.257,-0.19562,-0.19927
10.28,-0.20311,-0.19181
10.326,-0.2152,-0.2007
10.368,-0.22836,-0.20792
10.416,-0.23725,-0.22348
10.462,-0.24675,-0.23795
10.503,-0.2618,-0.24074
10.533,-0.27099,-0.2405
10.577,-0.28959,-0.24802
10.637,-0.30309,-0.23131
10.696,-0.31985,-0.23809
10.742,-0.33855,-0.27757
10.828,-0.36227,-0.27539
10.881,-0.38086,-0.28657
10.929,-0.40036,-0.29163
10.955,-0.41209,-0.31046
10.993,-0.42911,-0.31558
11.035,-0.44592,-0.32286
11.079,-0.4637,-0.33861
11.101,-0.48259,-0.37562
11.147,-0.50064,-0.36883
11.221,-0.53153,-0.38842
11.249,-0.54982,-0.39535
11.272,-0.5642,-0.39602
11.271,-0.56798,-0.36948
11.314,-0.58381,-0.40517
11.352,-0.60866,-0.40912
11.431,-0.63948,-0.44435
11.455,-0.66495,-0.4575
11.465,-0.68315,-0.4794
11.534,-0.72522,-0.47076
11.555,-0.73852,-0.46456
11.568,-0.73989,-0.46544
11.612,-0.77957,-0.4992
11.631,-0.80255,-0.50066
11.653,-0.80636,-0.4817
11.695,-0.82881,-0.48812
11.734,-0.86493,-0.56104
11.733,-0.87105,-0.55991
11.73,-0.87685,-0.55698
11.73,-0.87618,-0.55673
11.726,-0.88026,-0.55454
11.735,-0.88034,-0.5561
11.764,-0.89597,-0.56519
11.784,-0.90954,-0.56889
11.809,-0.91622,-0.5745
11.818,-0.9228,-0.57406
11.838,-0.93757,-0.57882
11.838,-0.93833,-0.58015
11.856,-0.94919,-0.58284
11.865,-0.95688,-0.58574
11.922,-0.97409,-0.58446
11.973,-0.9993,-0.5887
12.002,-1.0165,-0.59589
12.014,-1.0244,-0.59733
12.015,-1.033,-0.59718
12.018,-1.0362,-0.59684
12.033,-1.0544,-0.59761
12.033,-1.0636,-0.5991
12.035,-1.067,-0.60553
12.039,-1.0789,-0.64137
12.067,-1.0926,-0.6271
12.088,-1.1057,-0.62791
12.101,-1.1183,-0.63317
12.114,-1.1344,-0.63805
12.116,-1.142,-0.64224
12.117,-1.1603,-0.69281
12.111,-1.1668,-0.68972
12.116,-1.1724,-0.70418
12.144,-1.199,-0.7125
12.159,-1.208,-0.68968
12.159,-1.2154,-0.69138
12.153,-1.2192,-0.69122
12.147,-1.2172,-0.68301
12.136,-1.2069,-0.68344
12.139,-1.204,-0.68606
12.154,-1.2109,-0.70037
12.162,-1.2193,-0.71063
12.167,-1.2246,-0.71305
12.186,-1.2465,-0.71453
12.185,-1.2501,-0.71241
12.198,-1.2638,-0.70898
12.2,-1.2613,-0.73087
12.195,-1.2558,-0.73023
12.215,-1.2737,-0.72109
12.236,-1.2889,-0.72536
12.242,-1.2965,-0.72525
12.259,-1.3136,-0.72984
12.267,-1.3276,-0.73055
12.317,-1.3631,-0.77395
12.382,-1.4195,-0.79235
12.416,-1.4528,-0.79623
12.447,-1.4855,-0.81226
12.463,-1.5096,-0.81811
12.49,-1.5485,-0.82687
12.504,-1.5735,-0.83267
12.517,-1.5923,-0.83943
12.535,-1.6118,-0.84495
12.531,-1.6208,-0.84554
12.539,-1.6368,-0.83806
12.548,-1.643,-0.83928
12.543,-1.641,-0.83768
12.538,-1.6383,-0.83696
12.526,-1.6302,-0.83406
12.523,-1.632,-0.83328
12.518,-1.634,-0.8336
12.512,-1.6361,-0.83364
12.514,-1.6455,-0.83573
12.515,-1.6579,-0.83794
12.516,-1.6575,-0.84012
12.532,-1.6724,-0.8418
12.537,-1.6674,-0.84526
12.574,-1.6937,-0.87036
12.588,-1.7129,-0.8744
12.616,-1.7442,-0.88345
12.63,-1.7644,-0.88492
12.647,-1.7722,-0.88476
12.667,-1.8062,-0.90062
12.676,-1.8264,-0.90686
12.682,-1.8416,-0.91299
12.694,-1.8606,-0.91752
12.709,-1.8747,-0.92561
12.71,-1.8845,-0.93022
12.748,-1.9322,-0.93779
12.754,-1.9534,-0.93594
12.785,-1.9819,-0.93598
12.79,-2.0234,-1.004
12.764,-2.0235,-1.0126
12.798,-2.0701,-1.0107
12.814,-2.0745,-0.90203
12.849,-2.0918,-0.90654
12.872,-2.1199,-0.92102
12.892,-2.16,-0.95061
12.891,-2.187,-0.96367
12.905,-2.208,-1.0445
12.903,-2.2347,-1.0452
12.951,-2.2828,-1.0495
12.97,-2.3208,-1.0344
12.976,-2.3528,-1.0372
12.959,-2.3587,-1.0531
12.978,-2.4132,-1.0944
12.994,-2.4552,-1.0968
13,-2.4772,-1.1118
13.029,-2.5088,-1.1228
13.059,-2.5473,-1.1345
13.064,-2.5822,-1.1393
13.069,-2.6159,-1.126
13.07,-2.6285,-1.1301
13.086,-2.6923,-1.1849
13.082,-2.7225,-1.2029
13.094,-2.7579,-1.1989
13.082,-2.7789,-1.2065
13.079,-2.7967,-1.21
13.074,-2.8145,-1.2084
13.071,-2.8324,-1.2202
13.082,-2.8675,-1.2249
13.082,-2.887,-1.2105
13.129,-2.9479,-1.2617
13.156,-2.9727,-1.2603
13.16,-2.9953,-1.2609
13.159,-3.0369,-1.2684
13.159,-3.0578,-1.2696
13.161,-3.0692,-1.2852
13.169,-3.1137,-1.3063
13.183,-3.1683,-1.3166
13.201,-3.2119,-1.323
13.211,-3.2377,-1.3211
13.231,-3.3164,-1.3316
13.241,-3.3584,-1.3507
13.226,-3.3755,-1.3463
13.217,-3.4275,-1.3541
13.229,-3.4697,-1.3719
13.245,-3.5146,-1.3848
13.255,-3.5562,-1.375
13.272,-3.5797,-1.3873
13.282,-3.6236,-1.3891
13.291,-3.6605,-1.3862
13.302,-3.7015,-1.3932
13.312,-3.7387,-1.3922
13.315,-3.7609,-1.3935
13.307,-3.7983,-1.3992
13.293,-3.8543,-1.4195
13.305,-3.8786,-1.3907
13.313,-3.9119,-1.3891
13.312,-3.9532,-1.4001
13.295,-3.99,-1.4068
13.291,-4.0619,-1.4162
13.3,-4.0752,-1.4362
13.326,-4.1403,-1.4619
13.333,-4.173,-1.4528
13.342,-4.2282,-1.4516
13.359,-4.2628,-1.4707
13.354,-4.3033,-1.4805
13.365,-4.352,-1.4699
13.367,-4.3752,-1.4722
13.365,-4.4427,-1.4521
13.356,-4.4891,-1.4445
13.363,-4.5075,-1.4492
13.344,-4.5504,-1.4814
13.319,-4.6451,-1.4853
13.311,-4.6609,-1.4857
13.313,-4.7035,-1.4826
13.319,-4.7309,-1.479
13.313,-4.7743,-1.4893
13.31,-4.817,-1.4853
13.319,-4.8397,-1.4973
13.324,-4.8901,-1.4937
13.325,-4.9279,-1.4862
13.34,-4.958,-1.5034
13.346,-5.0174,-1.5271
13.342,-5.0684,-1.5179
13.314,-5.0928,-1.5017
13.321,-5.1793,-1.5045
13.319,-5.2093,-1.4934
13.327,-5.2664,-1.5067
13.362,-5.3099,-1.5302
13.383,-5.3629,-1.5461
13.396,-5.4167,-1.5411
13.404,-5.4457,-1.5352
13.395,-5.495,-1.55
13.389,-5.5354,-1.5457
13.38,-5.5964,-1.5265
13.392,-5.6647,-1.5461
13.395,-5.691,-1.5592
13.358,-5.7177,-1.5774
13.355,-5.7313,-1.5903
13.355,-5.7636,-1.6276
13.342,-5.7889,-1.6574
13.338,-5.8001,-1.69
13.33,-5.8341,-1.7087
13.299,-5.8401,-1.7363
13.268,-5.8732,-1.7576
13.264,-5.9069,-1.7976
13.255,-5.9248,-1.8317
13.24,-5.9573,-1.8624
13.237,-5.9618,-1.8789
13.202,-6.0142,-1.8828
13.203,-6.0433,-1.91
13.208,-6.051,-1.9123
13.208,-6.0629,-1.901
13.208,-6.0609,-1.8997
13.203,-6.0618,-1.8899
13.203,-6.0652,-1.8857
13.201,-6.0719,-1.8832
13.21,-6.0852,-1.8808
13.211,-6.0878,-1.8779
13.212,-6.097,-1.8759
13.208,-6.0957,-1.8688
13.21,-6.0973,-1.864
13.203,-6.1014,-1.8543
13.191,-6.1178,-1.831
13.202,-6.1321,-1.8388
13.196,-6.1484,-1.8217
13.173,-6.162,-1.8022
13.176,-6.1758,-1.7914
13.2,-6.1773,-1.7849
13.187,-6.2028,-1.7632
13.185,-6.2146,-1.7606
13.209,-6.2232,-1.7472
13.207,-6.2406,-1.7563
13.211,-6.2555,-1.7583
13.212,-6.2654,-1.759
13.221,-6.2746,-1.7564
13.224,-6.2906,-1.7502
13.216,-6.316,-1.7389
13.214,-6.3286,-1.7294
13.208,-6.3381,-1.7246
13.183,-6.3515,-1.7158
13.186,-6.3823,-1.701
13.178,-6.4044,-1.6806
13.189,-6.422,-1.6844
13.184,-6.4407,-1.6756
13.18,-6.4536,-1.671
13.18,-6.493,-1.6796
13.176,-6.519,-1.6673
13.174,-6.5287,-1.6688
13.17,-6.552,-1.6513
13.163,-6.579,-1.6492
13.167,-6.6111,-1.6426
13.152,-6.664,-1.6311
13.166,-6.6676,-1.6172
13.176,-6.7069,-1.6304
13.175,-6.7284,-1.6138
13.185,-6.7656,-1.6265
13.163,-6.8055,-1.6284
13.147,-6.8341,-1.6119
13.156,-6.8846,-1.6115
13.152,-6.9121,-1.6115
13.157,-6.9429,-1.6035
13.173,-6.9798,-1.6445
13.175,-7.0267,-1.6488
13.188,-7.0512,-1.6129
13.188,-7.0706,-1.5994
13.195,-7.0782,-1.5987
13.186,-7.0918,-1.5891
13.177,-7.0952,-1.5718
13.183,-7.1032,-1.5657
13.21,-7.1171,-1.5442
13.233,-7.1294,-1.5523
13.244,-7.144,-1.5466
13.255,-7.146,-1.546
13.247,-7.1665,-1.5403
13.237,-7.1866,-1.5371
13.238,-7.2056,-1.5183
13.237,-7.2384,-1.512
13.229,-7.2502,-1.4973
13.227,-7.2714,-1.49
13.228,-7.2898,-1.4851
13.246,-7.3118,-1.4913
13.267,-7.3393,-1.4837
13.268,-7.3469,-1.4837
13.275,-7.3806,-1.4816
13.29,-7.4056,-1.4847
13.295,-7.4182,-1.4865
13.298,-7.4416,-1.4875
13.291,-7.4773,-1.4441
13.283,-7.5082,-1.423
13.28,-7.5473,-1.4369
13.281,-7.563,-1.4458
13.3,-7.6195,-1.4626
13.285,-7.6348,-1.5442
13.283,-7.6564,-1.5654
13.292,-7.6902,-1.5638
13.29,-7.7323,-1.5282
13.296,-7.7534,-1.4858
13.314,-7.7789,-1.4782
13.32,-7.8165,-1.4789
13.313,-7.8332,-1.4675
13.324,-7.8906,-1.4901
13.329,-7.9238,-1.5057
13.33,-7.9335,-1.5096
13.323,-7.9818,-1.4827
13.326,-8.0187,-1.4939
13.33,-8.0541,-1.4995
13.335,-8.0652,-1.5052
13.335,-8.1171,-1.5358
13.328,-8.156,-1.5123
13.324,-8.1757,-1.5157
13.321,-8.1788,-1.5068
13.322,-8.1852,-1.5044
13.346,-8.2026,-1.4692
13.353,-8.208,-1.4655
13.366,-8.2286,-1.4289
13.378,-8.2364,-1.4082
13.388,-8.261,-1.3946
13.412,-8.2805,-1.3732
13.406,-8.3072,-1.3519
13.443,-8.3272,-1.3203
13.451,-8.3341,-1.2992
13.462,-8.3416,-1.2792
13.461,-8.3507,-1.2468
13.473,-8.3598,-1.2417
13.507,-8.3943,-1.194
13.51,-8.4167,-1.1665
13.537,-8.4345,-1.1478
13.533,-8.4421,-1.121
13.523,-8.4575,-1.1025
13.55,-8.4948,-1.0908
13.545,-8.5036,-1.0982
13.588,-8.5443,-1.1422
13.606,-8.5579,-1.1575
13.59,-8.5844,-1.1734
13.594,-8.5877,-1.2091
13.601,-8.6044,-1.239
13.588,-8.6242,-1.2536
13.579,-8.6366,-1.2672
13.6,-8.6657,-1.3004
13.623,-8.6813,-1.3357
13.63,-8.7072,-1.3408
13.622,-8.727,-1.3402
13.619,-8.747,-1.3338
13.593,-8.7677,-1.3431
13.595,-8.7883,-1.3587
13.596,-8.807,-1.3839
13.602,-8.8238,-1.4119
13.58,-8.857,-1.4228
13.586,-8.8766,-1.4462
13.6,-8.8949,-1.4771
13.581,-8.9251,-1.4906
13.564,-8.9532,-1.5019
13.566,-8.9733,-1.5142
13.589,-8.9847,-1.5379
13.594,-9.0201,-1.5698
13.572,-9.0387,-1.5742
13.577,-9.0714,-1.5994
13.593,-9.0867,-1.6213
13.577,-9.1245,-1.6292
13.567,-9.1408,-1.6487
13.553,-9.1473,-1.6492
13.545,-9.2,-1.6497
13.536,-9.2196,-1.6695
13.539,-9.2543,-1.7064
13.532,-9.2718,-1.72
13.527,-9.3145,-1.7566
13.529,-9.3436,-1.6675
13.524,-9.3891,-1.6751
13.515,-9.4136,-1.7046
13.502,-9.4453,-1.7112
13.485,-9.4707,-1.7161
13.482,-9.4978,-1.7966
13.453,-9.5272,-1.7884
13.436,-9.5693,-1.7722
13.414,-9.6032,-1.7554
13.4,-9.6285,-1.7491
13.398,-9.6538,-1.7531
13.389,-9.7008,-1.7527
13.39,-9.725,-1.7543
13.382,-9.7633,-1.752
13.378,-9.7945,-1.7327
13.388,-9.8309,-1.6962
13.397,-9.8755,-1.6696
13.38,-9.9034,-1.6567
13.378,-9.9315,-1.6545
13.383,-9.9462,-1.6507
13.366,-10.001,-1.6626
13.356,-10.019,-1.6587
13.359,-10.034,-1.6319
13.364,-10.048,-1.6225
13.365,-10.06,-1.6225
13.366,-10.073,-1.6227
13.371,-10.1,-1.6154
13.378,-10.137,-1.6176
13.382,-10.156,-1.615
13.384,-10.184,-1.6152
13.392,-10.197,-1.6131
13.371,-10.232,-1.6102
13.375,-10.26,-1.6079
13.379,-10.284,-1.61
13.386,-10.289,-1.6112
13.379,-10.332,-1.6061
13.368,-10.36,-1.6049
13.364,-10.387,-1.606
13.365,-10.39,-1.6104
13.371,-10.413,-1.6205
13.359,-10.433,-1.6367
13.365,-10.459,-1.5636
13.382,-10.488,-1.5443
13.368,-10.515,-1.5688
13.351,-10.54,-1.5734
13.345,-10.575,-1.758
13.347,-10.582,-1.7582
13.336,-10.594,-1.7504
13.303,-10.587,-1.7398
13.29,-10.593,-1.7307
13.288,-10.598,-1.7317
13.296,-10.613,-1.7274
13.299,-10.625,-1.7241
13.306,-10.652,-1.7107
13.301,-10.663,-1.6961
13.321,-10.679,-1.6905
13.336,-10.697,-1.6911
13.351,-10.723,-1.6821
13.344,-10.751,-1.6713
13.315,-10.766,-1.6471
13.316,-10.8,-1.6399
13.321,-10.828,-1.6386
13.314,-10.847,-1.6153
13.338,-10.841,-1.6093
13.356,-10.866,-1.6098
13.375,-10.896,-1.6119
13.388,-10.896,-1.6145
13.389,-10.902,-1.6144
13.391,-10.936,-1.6141
13.377,-10.944,-1.6012
13.339,-10.958,-1.5837
13.31,-10.986,-1.6086
13.31,-11.014,-1.627
13.309,-11.056,-1.608
13.317,-11.077,-1.6261
13.299,-11.095,-1.654
13.314,-11.137,-1.5618
13.31,-11.154,-1.5674
13.288,-11.178,-1.5836
13.274,-11.184,-1.5767
13.272,-11.178,-1.575
13.265,-11.181,-1.5671
13.269,-11.19,-1.5634
13.269,-11.195,-1.5628
13.271,-11.191,-1.5625
13.265,-11.21,-1.5654
13.275,-11.223,-1.5641
13.287,-11.232,-1.5655
13.279,-11.254,-1.5657
13.281,-11.257,-1.5655
13.278,-11.258,-1.5653
13.275,-11.298,-1.5656
13.267,-11.306,-1.5662
13.256,-11.342,-1.5636
13.257,-11.379,-1.5681
13.253,-11.404,-1.566
13.254,-11.431,-1.5672
13.249,-11.478,-1.5684
13.252,-11.487,-1.5675
13.249,-11.506,-1.5703
13.254,-11.543,-1.5638
13.255,-11.56,-1.564
13.252,-11.594,-1.5748
13.247,-11.624,-1.5723
13.247,-11.655,-1.5644
13.25,-11.686,-1.5662
13.255,-11.732,-1.5639
13.265,-11.749,-1.5629
13.293,-11.791,-1.6296
13.3,-11.807,-1.6391
13.304,-11.822,-1.6273
13.314,-11.843,-1.6181
13.31,-11.855,-1.5992
13.321,-11.882,-1.5279
13.338,-11.88,-1.5385
13.324,-11.912,-1.5636
13.289,-11.95,-1.5779
13.282,-11.979,-1.6131
13.289,-12.023,-1.6373
13.292,-12.053,-1.6188
13.283,-12.073,-1.5989
13.276,-12.099,-1.5711
13.289,-12.123,-1.5667
13.296,-12.161,-1.566
13.311,-12.194,-1.5658
13.331,-12.222,-1.565
13.338,-12.262,-1.5651
13.331,-12.281,-1.5673
13.312,-12.318,-1.5733
13.325,-12.363,-1.5634
13.334,-12.407,-1.5486
13.34,-12.437,-1.5665
13.346,-12.472,-1.5626
13.35,-12.509,-1.5668
13.341,-12.542,-1.5697
13.331,-12.578,-1.5731
13.321,-12.635,-1.5867
13.329,-12.644,-1.573
13.344,-12.662,-1.5686
13.326,-12.73,-1.5848
13.308,-12.769,-1.5883
13.309,-12.833,-1.5786
13.346,-12.869,-1.5696
13.367,-12.887,-1.5672
13.348,-12.936,-1.5846
13.327,-12.956,-1.576
13.315,-13.022,-1.5784
13.319,-13.095,-1.5674
13.358,-13.114,-1.5661
13.344,-13.185,-1.5713
13.329,-13.231,-1.5764
13.323,-13.274,-1.5801
13.327,-13.292,-1.5722
13.318,-13.367,-1.5727
13.318,-13.418,-1.5698
13.314,-13.435,-1.5729
13.304,-13.503,-1.5835
13.294,-13.525,-1.5859
13.299,-13.536,-1.5785
13.332,-13.576,-1.5702
13.339,-13.624,-1.5652
13.34,-13.68,-1.5706
13.348,-13.727,-1.5681
13.34,-13.758,-1.5706
13.328,-13.797,-1.5736
13.327,-13.81,-1.5872
13.323,-13.89,-1.5951
13.332,-13.934,-1.59
13.328,-13.95,-1.5751
13.327,-13.974,-1.5704
13.325,-13.986,-1.5747
13.296,-14.033,-1.576
13.298,-14.092,-1.5966
13.282,-14.159,-1.5767
13.278,-14.206,-1.5736
13.286,-14.254,-1.5709
13.294,-14.298,-1.5595
13.31,-14.338,-1.5581
13.302,-14.372,-1.5762
13.293,-14.446,-1.6048
13.279,-14.46,-1.6234
13.269,-14.512,-1.6203
13.274,-14.555,-1.6177
13.281,-14.613,-1.6039
13.292,-14.649,-1.6013
13.305,-14.719,-1.5903
13.305,-14.74,-1.5828
13.31,-14.77,-1.5773
13.308,-14.837,-1.5866
13.302,-14.881,-1.6036
13.311,-14.918,-1.5858
13.319,-14.953,-1.5851
13.319,-14.988,-1.5841
13.288,-15.022,-1.6184
13.269,-15.112,-1.609
13.261,-15.172,-1.6022
13.263,-15.203,-1.5948
13.278,-15.249,-1.5748
13.272,-15.31,-1.553
13.268,-15.355,-1.5919
13.257,-15.394,-1.5744
13.251,-15.409,-1.5936
13.249,-15.473,-1.5721
13.253,-15.511,-1.5693
13.258,-15.556,-1.5665
13.269,-15.581,-1.5485
13.263,-15.651,-1.5635
13.263,-15.706,-1.589
13.261,-15.77,-1.5855
13.261,-15.819,-1.5926
13.258,-15.861,-1.5951
13.256,-15.895,-1.5899
13.258,-15.909,-1.5872
13.261,-15.969,-1.583
13.25,-15.999,-1.5946
13.243,-16.045,-1.5966
13.244,-16.092,-1.5876
13.242,-16.133,-1.5895
13.245,-16.171,-1.585
13.251,-16.213,-1.5843
13.247,-16.253,-1.5664
13.244,-16.32,-1.5672
13.251,-16.373,-1.5729
13.254,-16.42,-1.5689
13.247,-16.459,-1.5618
13.248,-16.478,-1.5658
13.251,-16.556,-1.5721
13.254,-16.578,-1.5756
13.253,-16.619,-1.568
13.252,-16.655,-1.5621
13.249,-16.708,-1.5295
13.246,-16.754,-1.5291
13.246,-16.788,-1.534
13.251,-16.862,-1.5261
13.255,-16.918,-1.5251
13.248,-16.968,-1.5004
13.245,-16.991,-1.4997
13.256,-17.065,-1.5002
13.253,-17.113,-1.5268
13.247,-17.132,-1.5279
13.248,-17.155,-1.5635
13.238,-17.189,-1.5951
13.233,-17.209,-1.6026
13.228,-17.24,-1.6745
13.202,-17.265,-1.6898
13.177,-17.286,-1.7289
13.178,-17.33,-1.7523
13.165,-17.352,-1.7847
13.148,-17.388,-1.8323
13.124,-17.427,-1.854
13.114,-17.451,-1.8445
13.096,-17.465,-1.8526
13.09,-17.498,-1.8531
13.066,-17.528,-1.8486
13.06,-17.558,-1.8517
13.06,-17.565,-1.8346
13.062,-17.57,-1.8326
13.082,-17.566,-1.8288
13.092,-17.567,-1.8308
13.088,-17.579,-1.801
13.071,-17.585,-1.8279
13.059,-17.611,-1.7858
13.051,-17.622,-1.7774
13.047,-17.625,-1.7744
13.056,-17.635,-1.7778
13.054,-17.657,-1.7584
13.056,-17.679,-1.721
13.059,-17.694,-1.7166
13.061,-17.703,-1.7093
13.074,-17.716,-1.7197
13.076,-17.719,-1.7115
13.056,-17.761,-1.6783
13.064,-17.785,-1.6784
13.067,-17.799,-1.669
13.062,-17.818,-1.6623
13.058,-17.85,-1.6706
13.047,-17.87,-1.6621
13.046,-17.908,-1.66
13.051,-17.946,-1.6352
13.062,-17.993,-1.6476
13.099,-18.025,-1.6634
13.106,-18.06,-1.6723
13.113,-18.085,-1.6685
13.114,-18.109,-1.6703
13.108,-18.139,-1.6867
13.1,-18.153,-1.6804
13.111,-18.177,-1.6503
13.114,-18.209,-1.6631
13.103,-18.235,-1.6941
13.102,-18.264,-1.6633
13.102,-18.286,-1.6711
13.106,-18.291,-1.6667
13.102,-18.295,-1.6622
13.101,-18.301,-1.66
13.102,-18.305,-1.6584
13.099,-18.31,-1.6569
13.095,-18.318,-1.6503
13.11,-18.328,-1.6259
13.107,-18.354,-1.622
13.112,-18.373,-1.6303
13.112,-18.373,-1.6272
13.114,-18.381,-1.6224
13.111,-18.397,-1.6185
13.109,-18.409,-1.6189
13.107,-18.421,-1.6172
13.104,-18.433,-1.5906
13.102,-18.464,-1.5928
13.107,-18.476,-1.5944
13.108,-18.509,-1.6
13.113,-18.54,-1.6031
13.103,-18.567,-1.611
13.104,-18.588,-1.6181
13.099,-18.607,-1.6386
13.099,-18.655,-1.6471
13.091,-18.692,-1.6503
13.083,-18.714,-1.6609
13.078,-18.735,-1.6602
13.075,-18.749,-1.6648
13.07,-18.785,-1.637
13.073,-18.806,-1.6422
13.078,-18.813,-1.6582
13.084,-18.834,-1.6614
13.084,-18.856,-1.6637
13.081,-18.87,-1.6671
13.075,-18.882,-1.6608
13.074,-18.887,-1.6649
13.071,-18.906,-1.6728
13.067,-18.914,-1.6869
13.064,-18.932,-1.7028
13.066,-18.954,-1.711
13.058,-18.986,-1.7116
13.052,-19,-1.7204
13.044,-19.026,-1.729
13.04,-19.037,-1.7475
13.037,-19.064,-1.7625
13.029,-19.082,-1.8031
13.017,-19.1,-1.8077
13.009,-19.099,-1.8074
13.001,-19.11,-1.7813
12.998,-19.126,-1.7838
12.997,-19.145,-1.794
12.991,-19.164,-1.812
12.98,-19.188,-1.8532
12.972,-19.19,-1.8603
12.96,-19.212,-1.8277
12.954,-19.235,-1.8341
12.952,-19.257,-1.8383
12.946,-19.266,-1.8607
12.936,-19.295,-1.8747
12.934,-19.317,-1.9062
12.921,-19.31,-1.9137
12.906,-19.331,-1.8638
12.901,-19.346,-1.8425
12.901,-19.376,-1.8767
12.887,-19.431,-1.9083
12.875,-19.437,-1.9235
12.86,-19.453,-1.9451
12.843,-19.47,-1.9707
12.833,-19.492,-2.0189
12.808,-19.504,-1.9115
12.808,-19.52,-1.9146
12.809,-19.521,-1.9148
12.807,-19.529,-1.9185
12.807,-19.531,-1.924
12.808,-19.537,-1.9274
12.813,-19.536,-1.9336
12.808,-19.546,-1.9421
12.799,-19.558,-1.9473
12.791,-19.569,-1.9563
12.79,-19.58,-1.9635
12.788,-19.59,-1.9791
12.78,-19.613,-1.9964
12.767,-19.645,-2.006
12.755,-19.661,-2.0142
12.741,-19.674,-2.0276
12.729,-19.693,-2.0523
12.716,-19.691,-2.0382
12.716,-19.697,-2.0422
12.711,-19.706,-2.0499
12.703,-19.722,-2.08
12.689,-19.729,-2.0705
12.681,-19.756,-2.0729
12.672,-19.772,-2.0818
12.661,-19.79,-2.0872
12.649,-19.806,-2.0939
12.64,-19.813,-2.1059
12.624,-19.842,-2.1059
12.61,-19.843,-2.1116
12.601,-19.854,-2.1185
12.587,-19.875,-2.1294
12.571,-19.892,-2.1394
12.564,-19.901,-2.1594
12.549,-19.925,-2.1755
12.539,-19.943,-2.0961
12.521,-19.966,-2.0937
12.505,-19.996,-2.0914
12.493,-20.011,-2.1127
12.472,-20.03,-2.2473
12.444,-20.042,-2.2243
12.436,-20.058,-2.2052
12.407,-20.075,-2.1705
12.39,-20.103,-2.159
12.374,-20.126,-2.1558
12.366,-20.141,-2.1705
12.331,-20.183,-2.178
12.315,-20.199,-2.2065
12.293,-20.222,-2.2222
12.268,-20.252,-2.2314
12.242,-20.279,-2.2012
12.222,-20.314,-2.2053
12.21,-20.325,-2.223
12.177,-20.362,-2.2262
12.161,-20.387,-2.2387
12.134,-20.413,-2.2402
12.121,-20.426,-2.2653
12.077,-20.464,-2.2498
12.053,-20.496,-2.2979
12.022,-20.522,-2.2766
11.998,-20.539,-2.2878
11.967,-20.57,-2.3028
11.933,-20.602,-2.315
11.9,-20.63,-2.3289
11.889,-20.642,-2.3313
11.883,-20.642,-2.3435
11.867,-20.652,-2.3522
11.843,-20.665,-2.3641
11.823,-20.679,-2.3721
11.811,-20.689,-2.38
11.793,-20.695,-2.3957
11.763,-20.716,-2.4081
11.747,-20.727,-2.4164
11.734,-20.737,-2.4219
11.724,-20.745,-2.4481
11.677,-20.772,-2.4586
11.652,-20.787,-2.4646
11.645,-20.792,-2.4735
11.625,-20.806,-2.4809
11.61,-20.815,-2.492
11.594,-20.83,-2.5043
11.581,-20.842,-2.5422
11.569,-20.842,-2.5617
11.535,-20.856,-2.574
11.514,-20.856,-2.5954
11.48,-20.866,-2.6233
11.451,-20.874,-2.6797
11.399,-20.883,-2.5242
11.397,-20.895,-2.5089
11.355,-20.921,-2.521
11.34,-20.933,-2.5828
11.295,-20.945,-2.5924
11.27,-20.952,-2.8437
11.234,-20.94,-2.8544
11.208,-20.938,-2.8382
11.223,-20.93,-2.8382
11.204,-20.927,-2.7067
11.176,-20.937,-2.7875
11.122,-20.951,-2.8248
11.073,-20.951,-2.859
11.016,-20.952,-2.9058
10.975,-20.946,-2.9236
10.938,-20.936,-2.9439
10.884,-20.938,-2.964
10.844,-20.933,-2.9972
10.832,-20.944,-2.9919
10.807,-20.938,-3.0058
10.744,-20.934,-3.0197
10.699,-20.932,-3.0359
10.655,-20.929,-3.0577
10.614,-20.921,-3.0804
10.571,-20.917,-3.0895
10.53,-20.914,-3.1092
10.469,-20.913,-3.1224
10.439,-20.91,3.1414
10.406,-20.903,3.138
10.387,-20.896,3.1199
10.351,-20.889,3.1201
10.349,-20.888,3.11
10.33,-20.884,3.1009
10.302,-20.879,3.0943
10.288,-20.877,3.0874
10.27,-20.874,3.0898
10.269,-20.873,3.0751
10.239,-20.869,3.0712
10.232,-20.867,3.0645
10.205,-20.858,3.0569
10.187,-20.858,3.0525
10.163,-20.853,3.047
10.139,-20.849,3.0389
10.112,-20.847,3.0266
10.103,-20.845,3.0187
10.076,-20.842,3.0108
10.047,-20.832,3.0086
10.042,-20.829,3.0012
10.017,-20.822,3.0059
10.004,-20.816,2.9965
9.973,-20.806,2.8571
9.9368,-20.803,2.8179
9.926,-20.788,2.8197
9.9212,-20.778,2.8389
9.9088,-20.775,2.8323
9.8916,-20.773,2.8296
9.8791,-20.774,2.826
9.8594,-20.769,2.8239
9.8455,-20.765,2.8177
9.8311,-20.763,2.8114
9.8087,-20.755,2.8311
9.8092,-20.74,2.829
9.7914,-20.724,2.8336
9.7992,-20.714,2.827
9.7815,-20.704,2.824
9.7701,-20.693,2.817
9.7571,-20.688,2.8119
9.742,-20.682,2.813
9.7348,-20.678,2.8144
9.7172,-20.669,2.8107
9.7165,-20.669,2.7953
9.6874,-20.655,2.7881
9.6682,-20.644,2.7857
9.652,-20.637,2.7772
9.6334,-20.626,2.7781
9.6281,-20.622,2.7727
9.6061,-20.613,2.7711
9.6068,-20.606,2.754
9.5815,-20.59,2.7603
9.56,-20.579,2.7578
9.5369,-20.57,2.7452
9.5129,-20.557,2.7436
9.4902,-20.542,2.7415
9.4764,-20.535,2.6995
9.4467,-20.519,2.7037
9.4258,-20.504,2.7052
9.4179,-20.5,2.7044
9.3896,-20.485,2.7173
9.3489,-20.468,2.7089
9.3134,-20.45,2.6978
9.2718,-20.427,2.6991
9.2569,-20.418,2.6509
9.2245,-20.392,2.6567
9.1983,-20.378,2.6462
9.1553,-20.353,2.6365
9.1106,-20.323,2.6318
9.0792,-20.304,2.6434
9.0587,-20.285,2.6484
9.0535,-20.281,2.644
8.9955,-20.257,2.6424
8.9637,-20.24,2.6383
8.9329,-20.224,2.6295
8.9163,-20.208,2.6017
8.8958,-20.19,2.5757
8.8456,-20.159,2.5713
8.8267,-20.14,2.5549
8.7853,-20.101,2.5483
8.7686,-20.074,2.5437
8.7688,-20.064,2.4868
8.7323,-20.034,2.4999
8.6955,-20.004,2.4796
8.6691,-19.977,2.4587
8.6455,-19.951,2.4588
8.6414,-19.94,2.4523
8.607,-19.9,2.4417
8.5957,-19.882,2.4376
8.5752,-19.866,2.4097
8.5446,-19.837,2.3743
8.5108,-19.798,2.3572
8.4891,-19.765,2.3537
8.4581,-19.728,2.3516
8.4375,-19.704,2.3437
8.4023,-19.654,2.3362
8.3921,-19.635,2.2852
8.3362,-19.578,2.2755
8.3104,-19.542,2.2543
8.2789,-19.484,2.2552
8.2752,-19.459,2.2467
8.2452,-19.413,2.2414
8.2319,-19.383,2.2369
8.2183,-19.352,2.2295
8.2071,-19.34,2.2098
8.1742,-19.301,2.1824
8.1614,-19.259,2.1753
8.1538,-19.217,2.174
8.1329,-19.168,2.1534
8.1232,-19.149,2.1198
8.0862,-19.093,2.123
8.0809,-19.076,2.0916
8.0176,-19.012,2.0685
7.983,-18.955,2.0571
7.9774,-18.933,2.0555
7.971,-18.912,2.0468
7.9797,-18.894,2.0458
7.9782,-18.885,2.0418
7.9707,-18.85,2.0378
7.9654,-18.829,2.025
7.9613,-18.796,2.0028
7.9436,-18.767,2.0275
7.9392,-18.743,2.0346
7.9429,-18.738,2.0109
7.9335,-18.697,2.0206
7.9342,-18.676,2.0346
7.9159,-18.645,2.0317
7.8902,-18.604,1.8763
7.8913,-18.572,1.8884
7.8963,-18.555,1.9004
7.8807,-18.483,1.8948
7.8761,-18.444,1.8878
7.8524,-18.387,1.8855
7.8529,-18.361,1.882
7.8548,-18.314,1.879
7.8607,-18.283,1.8782
7.8572,-18.265,1.8718
7.8457,-18.22,1.8506
7.8237,-18.191,1.8225
7.7853,-18.155,1.8153
7.7853,-18.127,1.7934
7.7725,-18.09,1.7779
7.773,-18.036,1.7749
7.7618,-17.986,1.7614
7.7804,-17.984,1.7138
7.7646,-17.926,1.7149
7.7513,-17.902,1.7107
7.7425,-17.847,1.7068
7.7412,-17.831,1.6939
7.7527,-17.782,1.6898
7.7638,-17.759,1.684
7.7663,-17.702,1.6804
7.7782,-17.695,1.6789
7.787,-17.676,1.6775
7.8006,-17.669,1.6775
7.8075,-17.662,1.6596
7.7989,-17.642,1.6341
7.7686,-17.609,1.6252
7.7616,-17.578,1.6184
7.768,-17.562,1.6126
7.7808,-17.52,1.6106
7.7909,-17.497,1.6066
7.7977,-17.49,1.6018
7.8114,-17.458,1.5551
7.7885,-17.423,1.5524
7.7748,-17.394,1.5441
7.7772,-17.377,1.54
7.7886,-17.328,1.5355
7.7977,-17.321,1.5292
7.8142,-17.28,1.5142
7.8355,-17.273,1.4677
7.838,-17.223,1.4758
7.8332,-17.201,1.4682
7.8382,-17.16,1.4637
7.8484,-17.134,1.4576
7.8575,-17.127,1.4452
7.8746,-17.083,1.4446
7.8866,-17.057,1.4421
7.8967,-17.045,1.3989
7.8996,-16.988,1.3973
7.9112,-16.953,1.3918
7.9227,-16.918,1.381
7.9313,-16.903,1.3616
7.9705,-16.846,1.3364
7.9772,-16.792,1.3326
7.9819,-16.761,1.3256
7.9937,-16.705,1.3271
8.0006,-16.685,1.3307
8.0131,-16.629,1.3279
8.0169,-16.615,1.3136
8.0415,-16.56,1.2953
8.0419,-16.542,1.2929
8.0617,-16.485,1.2888
8.0727,-16.446,1.2711
8.0791,-16.434,1.271
8.0906,-16.421,1.2594
8.1032,-16.396,1.2582
8.1072,-16.377,1.2548
8.1064,-16.375,1.2521
8.1199,-16.341,1.2326
8.1298,-16.338,1.2275
8.1456,-16.311,1.2133
8.1667,-16.285,1.2141
8.1885,-16.257,1.2147
8.2064,-16.226,1.2068
8.2116,-16.214,1.1993
8.2284,-16.172,1.1843
8.2349,-16.161,1.1823
8.2485,-16.139,1.1753
8.2591,-16.11,1.1389
8.2802,-16.084,1.1372
8.2911,-16.066,1.1154
8.2913,-16.043,1.1129
8.2892,-16.034,1.1128
8.3097,-16.001,1.1379
8.322,-15.974,1.1515
8.3068,-15.956,1.1529
8.2973,-15.962,1.1471
8.3015,-15.951,1.1454
8.3095,-15.956,1.1472
8.3162,-15.944,1.1438
8.317,-15.937,1.1451
8.3257,-15.927,1.1254
8.3455,-15.907,1.1238
8.3624,-15.883,1.1219
8.3744,-15.863,1.1278
8.3986,-15.836,1.1258
8.4179,-15.811,1.1247
8.4222,-15.804,1.1244
8.4288,-15.784,1.1069
8.4473,-15.749,1.1267
8.4491,-15.732,1.1301
8.4675,-15.703,1.1147
8.4804,-15.688,1.1112
8.4946,-15.66,1.0953
8.5075,-15.642,1.092
8.5205,-15.616,1.0957
8.5323,-15.588,1.1059
8.5438,-15.563,1.0994
8.5529,-15.543,1.0965
8.565,-15.518,1.1013
8.5721,-15.501,1.0983
8.6009,-15.456,1.1012
8.6165,-15.426,1.1035
8.6217,-15.402,1.1048
8.6246,-15.39,1.1746
8.6354,-15.345,1.1791
8.6339,-15.317,1.1357
8.6479,-15.299,1.1262
8.6572,-15.285,1.1225
8.6801,-15.248,1.1166
8.691,-15.227,1.1286
8.7294,-15.173,1.1395
8.7679,-15.123,1.1528
8.805,-15.072,1.1544
8.7779,-15.072,1.1555
8.8221,-14.986,1.1361
8.8327,-14.972,1.1645
8.8587,-14.919,1.1649
8.861,-14.905,1.1494
8.8879,-14.864,1.1175
8.8754,-14.855,1.1159
8.857,-14.858,1.1545
8.8932,-14.793,1.1599
8.8996,-14.769,1.1627
8.9108,-14.74,1.1292
8.9222,-14.727,1.1631
8.9423,-14.689,1.1317
8.9427,-14.687,1.136
8.9628,-14.643,1.1345
8.9698,-14.624,1.1219
8.9925,-14.593,1.1112
9.0232,-14.546,1.1288
9.0355,-14.515,1.1329
9.0504,-14.481,1.1428
9.0591,-14.46,1.1547
9.0841,-14.398,1.164
9.0954,-14.363,1.1576
9.1048,-14.321,1.1687
9.1127,-14.304,1.1849
9.1374,-14.243,1.1805
9.1491,-14.181,1.1839
9.1531,-14.155,1.1974
9.176,-14.096,1.2057
9.1893,-14.031,1.2152
9.1923,-14.001,1.2204
9.1954,-13.972,1.2317
9.1985,-13.943,1.2396
9.2015,-13.914,1.2444
9.2046,-13.884,1.2969
9.2077,-13.855,1.303
9.2107,-13.826,1.328
9.2138,-13.796,1.3356
9.2168,-13.767,1.3366
9.2199,-13.738,1.3477
9.223,-13.709,1.3538
9.226,-13.679,1.3817
9.2291,-13.65,1.3868
9.2322,-13.621,1.3986
9.2352,-13.591,1.4109
9.2383,-13.562,1.4223
9.2414,-13.533,1.4331
9.2444,-13.504,1.4358
9.2475,-13.474,1.4525
9.2505,-13.445,1.4634
9.2536,-13.416,1.4714
9.2567,-13.387,1.4838
9.2597,-13.357,1.4674
9.2628,-13.328,1.4666
9.2659,-13.299,1.4659
9.2689,-13.269,1.482
9.272,-13.24,1.5011
9.275,-13.211,1.5168
9.2781,-13.182,1.5269
9.2812,-13.152,1.5319
9.2842,-13.123,1.5448
9.2873,-13.094,1.5536
9.2904,-13.064,1.5607
9.2934,-13.035,1.5381
9.2965,-13.006,1.5341
9.2995,-12.977,1.5424
9.3026,-12.947,1.5467
9.3057,-12.918,1.5651
9.3087,-12.889,1.5686
9.3118,-12.859,1.5793
9.3149,-12.83,1.5309
9.3179,-12.801,1.522
9.321,-12.772,1.5259
9.324,-12.742,1.5128
9.3271,-12.713,1.4777
9.3302,-12.684,1.4719
9.3332,-12.654,1.4696
9.3363,-12.625,1.4667
9.3394,-12.596,1.4664
9.3424,-12.567,1.4538
9.3455,-12.537,1.4547
9.3486,-12.508,1.4544
9.3516,-12.479,1.4335
9.3547,-12.449,1.4421
9.3577,-12.42,1.4412
9.3608,-12.391,1.4445
9.3639,-12.362,1.4448
9.3669,-12.332,1.4268
9.37,-12.303,1.397
9.3731,-12.274,1.394
9.3761,-12.244,1.3989
9.3792,-12.215,1.3904
9.3822,-12.186,1.3597
9.3853,-12.157,1.3566
9.3884,-12.127,1.3525
9.3914,-12.098,1.3382
9.3945,-12.069,1.3344
9.3976,-12.039,1.2993
9.4006,-12.01,1.2955
9.4037,-11.981,1.2984
9.4067,-11.952,1.3037
9.4098,-11.922,1.2731
9.4129,-11.893,1.2687
9.4159,-11.864,1.2731
9.419,-11.834,1.2865
9.4221,-11.805,1.3102
9.4251,-11.776,1.3278
9.4262,-11.746,1.3529
9.436,-11.733,1.3713
9.4467,-11.727,1.4219
9.4345,-11.704,1.4232
9.4257,-11.695,1.4002
9.4342,-11.668,1.408
9.4334,-11.639,1.4012
9.4312,-11.623,1.3977
9.4242,-11.599,1.4113
9.4207,-11.584,1.4547
9.4271,-11.55,1.4842
9.4305,-11.523,1.5073
9.4328,-11.501,1.546
9.4144,-11.487,1.5818
9.4046,-11.441,1.5991
9.398,-11.419,1.6028
9.3977,-11.408,1.5816
9.4069,-11.389,1.5615
9.4004,-11.367,1.5389
9.4132,-11.35,1.5357
9.412,-11.326,1.5386
9.4086,-11.323,1.5626
9.4131,-11.289,1.584
9.4009,-11.254,1.6021
9.3941,-11.234,1.6304
9.3902,-11.201,1.6532
9.381,-11.172,1.6643
9.3742,-11.15,1.6906
9.3671,-11.127,1.6989
9.3661,-11.114,1.6984
9.3594,-11.062,1.7056
9.3577,-11.045,1.7159
9.3356,-11.011,1.7352
9.3206,-10.981,1.7559
9.3084,-10.957,1.7425
9.3037,-10.918,1.7597
9.2904,-10.894,1.795
9.2738,-10.852,1.7941
9.2775,-10.825,1.7944
9.2634,-10.795,1.7997
9.2612,-10.761,1.7842
9.2409,-10.732,1.7906
9.2422,-10.696,1.7794
9.226,-10.682,1.7668
9.224,-10.634,1.8007
9.2181,-10.61,1.8033
9.2196,-10.592,1.8164
9.1723,-10.535,1.8453
9.1452,-10.497,1.854
9.1137,-10.464,1.8676
9.0875,-10.421,1.8894
9.0679,-10.398,1.9071
9.0443,-10.376,1.9209
9.026,-10.36,1.9406
9.0175,-10.34,1.9728
9.0142,-10.328,1.9868
8.9996,-10.315,2.0077
8.9971,-10.313,2.0138
8.9944,-10.313,2.0173
8.9925,-10.312,2.0173
8.9749,-10.298,2.0336
8.9656,-10.283,2.0707
8.9482,-10.269,2.0864
8.9296,-10.247,2.1042
8.9189,-10.229,2.1299
8.9057,-10.212,2.1492
8.8917,-10.191,2.1809
8.8828,-10.189,2.2095
8.8573,-10.17,2.231
8.8418,-10.159,2.2601
8.8339,-10.164,2.2742
8.8161,-10.155,2.2896
8.7979,-10.148,2.3111
8.7812,-10.142,2.3398
8.7714,-10.141,2.3632
8.7403,-10.118,2.3811
8.7146,-10.108,2.3931
8.6987,-10.103,2.4024
8.6857,-10.105,2.4236
8.6538,-10.083,2.4521
8.6356,-10.075,2.4744
8.6165,-10.069,2.4828
8.6067,-10.065,2.5052
8.579,-10.042,2.5228
8.555,-10.024,2.5295
8.5259,-10.007,2.5552
8.507,-9.9958,2.5338
8.4809,-9.9811,2.5304
8.4603,-9.9713,2.5203
8.4368,-9.9625,2.514
8.4085,-9.9433,2.6272
8.3774,-9.9405,2.6492
8.3225,-9.9096,2.6261
8.3168,-9.9059,2.6229
8.3227,-9.9073,2.6196
8.3083,-9.9046,2.6269
8.2885,-9.8953,2.6226
8.2814,-9.8932,2.6308
8.2723,-9.8897,2.6311
8.2697,-9.8877,2.6404
8.2549,-9.8829,2.6357
8.2498,-9.878,2.6404
8.2482,-9.8743,2.6517
8.2081,-9.8611,2.6507
8.1899,-9.8543,2.6508
8.185,-9.8578,2.6487
8.1631,-9.8502,2.6528
8.1316,-9.8493,2.6621
8.1092,-9.8398,2.6649
8.0945,-9.8349,2.6663
8.0836,-9.8219,2.6713
8.071,-9.8134,2.6812
8.0553,-9.7978,2.6844
8.0012,-9.7803,2.6969
7.9644,-9.7635,2.7087
7.932,-9.7512,2.7172
7.9129,-9.7396,2.7215
7.9075,-9.7393,2.759
7.8572,-9.7273,2.6794
7.8427,-9.7198,2.677
7.8187,-9.7031,2.6693
7.809,-9.6807,2.6512
7.7978,-9.6679,2.6935
7.7173,-9.6349,2.7887
7.6723,-9.6267,2.7798
7.6331,-9.6105,2.794
7.5704,-9.6095,2.7742
7.5376,-9.5942,2.7668
7.5195,-9.573,2.7834
7.501,-9.5544,2.7974
7.4804,-9.5512,2.8087
7.4484,-9.5423,2.8058
7.3929,-9.535,2.8258
7.3307,-9.5227,2.8363
7.2909,-9.5133,2.8494
7.2432,-9.4979,2.8703
7.2373,-9.5116,2.8619
7.1689,-9.5062,2.8609
7.1434,-9.4988,2.8688
7.1227,-9.4982,2.888
7.073,-9.487,2.9056
7.0284,-9.4743,2.9288
6.9764,-9.4695,2.9353
6.9539,-9.4716,2.947
6.9231,-9.466,2.9532
6.8986,-9.465,2.9497
6.8267,-9.4616,2.9438
6.7835,-9.46,2.957
6.7267,-9.4536,2.9818
6.6339,-9.4435,2.9893
6.6021,-9.4423,2.993
6.5169,-9.431,3.0105
6.4964,-9.4327,3.0301
6.4141,-9.4286,3.0488
6.3405,-9.4241,3.0513
6.2881,-9.4221,3.0509
6.2168,-9.4156,3.0624
6.1779,-9.4141,3.0721
6.1494,-9.4143,3.0909
6.114,-9.4174,3.1019
6.0675,-9.4176,3.1338
6.0124,-9.4267,3.1195
5.9854,-9.4278,3.1279
5.9225,-9.4268,-3.1335
5.881,-9.4341,3.1364
5.8692,-9.4367,-3.1264
5.8174,-9.4424,-3.1379
5.7913,-9.4451,-3.1405
5.7275,-9.4398,-3.1284
5.6918,-9.4436,-3.1207
5.6366,-9.4481,-3.1312
5.5819,-9.4472,-3.1025
5.5614,-9.4492,-3.087
5.5386,-9.4517,-3.0845
5.5343,-9.454,-3.0772
5.497,-9.4602,-3.0759
5.4931,-9.4589,-3.0617
5.4757,-9.4628,-3.0507
5.4438,-9.469,-3.0428
5.4254,-9.4746,-3.0385
5.4017,-9.4845,-3.0157
5.3583,-9.4918,-3.015
5.3247,-9.4944,-3.0132
5.2796,-9.5051,-2.9914
5.2503,-9.5177,-2.9616
5.2178,-9.5281,-2.9425
5.155,-9.547,-2.9388
5.1328,-9.5567,-2.9284
5.0966,-9.5691,-2.9374
5.0802,-9.5758,-2.9268
5.0519,-9.5824,-2.9426
5.0303,-9.59,-2.938
5.0011,-9.6029,-2.9328
4.9858,-9.6098,-2.9285
4.9446,-9.6228,-2.8712
4.8993,-9.6375,-2.8854
4.8704,-9.6487,-2.9075
4.8803,-9.6564,-2.8817
4.8074,-9.6747,-2.8774
4.7709,-9.6847,-2.8667
4.7324,-9.6952,-2.8522
4.6555,-9.7128,-2.8549
4.6179,-9.7263,-2.8751
4.5813,-9.7354,-2.8488
4.5524,-9.7537,-2.8263
4.5112,-9.7674,-2.8349
4.4818,-9.7831,-2.8473
4.4635,-9.7984,-2.8438
4.4596,-9.8117,-2.8249
4.4651,-9.8199,-2.8105
4.4348,-9.8242,-2.7902
4.3658,-9.8489,-2.7649
4.3339,-9.862,-2.7756
4.3019,-9.8773,-2.7787
4.2641,-9.9076,-2.7609
4.2263,-9.9379,-2.7471
4.1886,-9.9682,-2.7551
4.1508,-9.9985,-2.7579
4.1131,-10.029,-2.74
4.0753,-10.059,-2.725
4.0375,-10.089,-2.7007
3.9998,-10.12,-2.684
3.962,-10.15,-2.6931
3.9243,-10.18,-2.7001
3.8865,-10.211,-2.693
3.8487,-10.241,-2.6782
3.811,-10.271,-2.6676
3.7732,-10.302,-2.645
3.7355,-10.332,-2.6547
3.6977,-10.362,-2.6156
3.6599,-10.392,-2.6243
3.6222,-10.423,-2.6241
3.5844,-10.453,-2.628
3.5467,-10.483,-2.6158
3.5089,-10.514,-2.6007
3.4711,-10.544,-2.5997
3.4334,-10.574,-2.6007
3.3956,-10.605,-2.6
3.3578,-10.635,-2.6106
3.3201,-10.665,-2.6069
3.2823,-10.696,-2.6098
3.2446,-10.726,-2.6087
3.2068,-10.756,-2.581
3.169,-10.786,-2.5783
3.1313,-10.817,-2.5763
3.0935,-10.847,-2.5757
3.0558,-10.877,-2.5785
3.018,-10.908,-2.557
2.9802,-10.938,-2.5386
2.9425,-10.968,-2.5446
2.9047,-10.999,-2.5412
2.867,-11.029,-2.5333
2.8292,-11.059,-2.5296
2.7914,-11.09,-2.5544
2.7537,-11.12,-2.5659
2.7159,-11.15,-2.5397
2.6782,-11.18,-2.5462
2.6404,-11.211,-2.5602
2.6026,-11.241,-2.5581
2.5649,-11.271,-2.5465
2.5271,-11.302,-2.5426
2.4893,-11.332,-2.5409
2.4516,-11.362,-2.538
2.4138,-11.393,-2.5386
2.3761,-11.423,-2.5463
2.3383,-11.453,-2.5414
2.3005,-11.484,-2.5466
2.2628,-11.514,-2.5118
2.225,-11.544,-2.4894
2.1873,-11.574,-2.4861
2.1495,-11.605,-2.4824
2.1117,-11.635,-2.5012
2.074,-11.665,-2.5016
2.0362,-11.696,-2.4957
1.9985,-11.726,-2.4859
1.9607,-11.756,-2.4692
1.9229,-11.787,-2.4666
1.8852,-11.817,-2.4828
1.8474,-11.847,-2.4732
1.8096,-11.878,-2.495
1.7719,-11.908,-2.4833
1.7341,-11.938,-2.4932
1.6964,-11.968,-2.4855
1.6586,-11.999,-2.4753
1.6208,-12.029,-2.4739
1.5831,-12.059,-2.4682
1.5453,-12.09,-2.4593
1.5076,-12.12,-2.4517
1.4698,-12.15,-2.4688
1.432,-12.181,-2.4861
1.3943,-12.211,-2.4865
1.3565,-12.241,-2.4759
1.3188,-12.272,-2.4692
1.281,-12.302,-2.4606
1.2432,-12.332,-2.4481
1.2055,-12.363,-2.4706
1.1677,-12.393,-2.4931
1.13,-12.423,-2.4857
1.0922,-12.453,-2.4738
1.0544,-12.484,-2.4839
1.0167,-12.514,-2.4756
0.97891,-12.544,-2.4734
0.94115,-12.575,-2.4832
0.90339,-12.605,-2.4711
0.86563,-12.635,-2.4643
0.82787,-12.666,-2.4629
0.7901,-12.696,-2.4596
0.75234,-12.726,-2.4694
0.71458,-12.757,-2.4702
0.67682,-12.787,-2.4926
0.63906,-12.817,-2.4877
0.6013,-12.847,-2.4891
0.56354,-12.878,-2.4757
0.52578,-12.908,-2.4887
0.48802,-12.938,-2.4903
0.45026,-12.969,-2.4891
0.4125,-12.999,-2.4963
0.37473,-13.029,-2.4933
0.33697,-13.06,-2.49
0.29921,-13.09,-2.4814
0.26145,-13.12,-2.479
0.22369,-13.151,-2.4731
0.18593,-13.181,-2.4609
0.14817,-13.211,-2.4528
0.11041,-13.241,-2.4473
0.072647,-13.272,-2.4683
0.034886,-13.302,-2.4671
-0.0028747,-13.332,-2.4663
-0.040636,-13.363,-2.4615
-0.078397,-13.393,-2.4707
-0.11616,-13.423,-2.4621
-0.15392,-13.454,-2.4799
-0.19168,-13.484,-2.4671
-0.22944,-13.514,-2.4636
-0.2672,-13.545,-2.4505
-0.30496,-13.575,-2.4602
-0.34272,-13.605,-2.4586
-0.38048,-13.635,-2.4632
-0.41824,-13.666,-2.4634
-0.45601,-13.696,-2.468
-0.49377,-13.726,-2.4856
-0.53153,-13.757,-2.491
-0.56929,-13.787,-2.467
-0.60705,-13.817,-2.4532
-0.64481,-13.848,-2.4904
-0.68257,-13.878,-2.4888
-0.72033,-13.908,-2.4684
-0.75809,-13.939,-2.4833
-0.79585,-13.969,-2.4918
-0.83361,-13.999,-2.4912
-0.87138,-14.029,-2.4701
-0.90914,-14.06,-2.4536
-0.9469,-14.09,-2.435
-0.98466,-14.12,-2.4349
-1.0224,-14.151,-2.4412
-1.0602,-14.181,-2.4728
-1.0979,-14.211,-2.4723
-1.1357,-14.242,-2.4584
-1.1735,-14.272,-2.4697
-1.2112,-14.302,-2.4713
-1.249,-14.333,-2.4806
-1.2867,-14.363,-2.4685
-1.3245,-14.393,-2.4804
-1.3623,-14.423,-2.45
-1.4,-14.454,-2.4633
-1.4378,-14.484,-2.4431
-1.4756,-14.514,-2.4245
-1.5133,-14.545,-2.4331
-1.5511,-14.575,-2.4647
-1.5888,-14.605,-2.4632
-1.6266,-14.636,-2.4679
-1.6644,-14.666,-2.4668
-1.7021,-14.696,-2.4685
-1.7399,-14.727,-2.4541
-1.7776,-14.757,-2.4396
-1.8154,-14.787,-2.454
-1.8532,-14.817,-2.4834
-1.8909,-14.848,-2.4948
-1.9287,-14.878,-2.4709
-1.9664,-14.908,-2.4765
-2.0042,-14.939,-2.4627
-2.042,-14.969,-2.4676
-2.0797,-14.999,-2.4702
-2.1175,-15.03,-2.4629
-2.1552,-15.06,-2.4495
-2.193,-15.09,-2.4295
-2.2308,-15.121,-2.4471
-2.2685,-15.151,-2.4281
-2.3063,-15.181,-2.4378
-2.3441,-15.211,-2.4454
-2.3818,-15.242,-2.4375
-2.4196,-15.272,-2.4242
-2.4573,-15.302,-2.4327
-2.4951,-15.333,-2.4453
-2.5329,-15.363,-2.455
-2.5706,-15.393,-2.4576
-2.6084,-15.424,-2.4603
-2.6461,-15.454,-2.4674
-2.6839,-15.484,-2.4764
-2.7217,-15.515,-2.4893
-2.7594,-15.545,-2.4646
-2.7972,-15.575,-2.4725
-2.8349,-15.605,-2.4817
-2.8727,-15.636,-2.4755
-2.9105,-15.666,-2.4635
-2.9482,-15.696,-2.4732
-2.986,-15.727,-2.4589
-3.0237,-15.757,-2.4658
-3.0615,-15.787,-2.4549
-3.0993,-15.818,-2.4659
-3.137,-15.848,-2.432
-3.1748,-15.878,-2.4201
-3.2126,-15.909,-2.4222
-3.2503,-15.939,-2.4364
-3.2881,-15.969,-2.4259
-3.3258,-15.999,-2.4342
-3.3636,-16.03,-2.44
-3.4014,-16.06,-2.452
-3.4391,-16.09,-2.4296
-3.4769,-16.121,-2.4125
-3.5146,-16.151,-2.4231
-3.5524,-16.181,-2.427
-3.5902,-16.212,-2.4348
-3.6279,-16.242,-2.4435
-3.6657,-16.272,-2.4526
-3.7034,-16.303,-2.4366
-3.7412,-16.333,-2.4512
-3.779,-16.363,-2.4303
-3.8167,-16.393,-2.4102
-3.8545,-16.424,-2.4164
-3.8922,-16.454,-2.4296
-3.93,-16.484,-2.4395
-3.9678,-16.515,-2.4507
-4.0055,-16.545,-2.4342
-4.0433,-16.575,-2.4476
-4.0811,-16.606,-2.4561
-4.1188,-16.636,-2.4618
-4.1566,-16.666,-2.4728
-4.1943,-16.697,-2.4774
-4.2321,-16.727,-2.461
-4.2699,-16.757,-2.4532
-4.3076,-16.787,-2.4672
-4.3454,-16.818,-2.4508
-4.3831,-16.848,-2.4594
-4.4209,-16.878,-2.4712
-4.4587,-16.909,-2.4552
-4.4964,-16.939,-2.4215
-4.5342,-16.969,-2.432
-4.5719,-17,-2.4295
-4.6097,-17.03,-2.4415
-4.6475,-17.06,-2.445
-4.6852,-17.091,-2.4577
-4.723,-17.121,-2.4503
-4.7607,-17.151,-2.4441
-4.7985,-17.181,-2.4479
-4.8363,-17.212,-2.4533
-4.874,-17.242,-2.462
-4.9118,-17.272,-2.4488
-4.9496,-17.303,-2.4599
-4.9873,-17.333,-2.4649
-5.0251,-17.363,-2.4695
-5.0628,-17.394,-2.4549
-5.1006,-17.424,-2.4531
-5.1384,-17.454,-2.4683
-5.1761,-17.485,-2.4532
-5.2139,-17.515,-2.4344
-5.2516,-17.545,-2.4139
-5.2894,-17.575,-2.4289
-5.3272,-17.606,-2.4386
-5.3649,-17.636,-2.4208
-5.4027,-17.666,-2.418
-5.4404,-17.697,-2.4333
-5.4782,-17.727,-2.4422
-5.516,-17.757,-2.4553
-5.5537,-17.788,-2.4441
-5.5915,-17.818,-2.4285
-5.6293,-17.848,-2.4244
-5.667,-17.879,-2.4355
-5.7048,-17.909,-2.4596
-5.7425,-17.939,-2.4632
-5.7803,-17.969,-2.4704
-5.8181,-18,-2.4604
-5.8558,-18.03,-2.4484
-5.8936,-18.06,-2.431
-5.9313,-18.091,-2.4425
-5.9691,-18.121,-2.4541
-6.0069,-18.151,-2.4616
-6.0446,-18.182,-2.4684
-6.0824,-18.212,-2.4642
-6.1201,-18.242,-2.4864
-6.1579,-18.273,-2.4707
-6.1957,-18.303,-2.4533
-6.2334,-18.333,-2.4688
-6.2712,-18.363,-2.475
-6.3089,-18.394,-2.4591
-6.3467,-18.424,-2.4661
-6.3845,-18.454,-2.4547
-6.4222,-18.485,-2.4442
-6.46,-18.515,-2.4533
-6.4978,-18.545,-2.4408
-6.5355,-18.576,-2.4259
-6.5733,-18.606,-2.4629
-6.611,-18.636,-2.4771
-6.6488,-18.667,-2.4634
-6.6866,-18.697,-2.452
-6.7243,-18.727,-2.445
-6.7621,-18.757,-2.4482
-6.7998,-18.788,-2.4704
-6.8376,-18.818,-2.4372
-6.8754,-18.848,-2.431
-6.9131,-18.879,-2.4442
-6.9509,-18.909,-2.4616
-6.9886,-18.939,-2.4744
-7.0264,-18.97,-2.4603
-7.0642,-19,-2.4646
-7.1019,-19.03,-2.4549
-7.1397,-19.061,-2.453
-7.1774,-19.091,-2.4663
-7.2152,-19.121,-2.46
-7.253,-19.151,-2.4497
-7.2907,-19.182,-2.4425
-7.3285,-19.212,-2.4476
-7.3663,-19.242,-2.4397
-7.404,-19.273,-2.4327
-7.4418,-19.303,-2.461
-7.4795,-19.333,-2.4517
-7.5173,-19.364,-2.4468
-7.5551,-19.394,-2.4434
-7.5928,-19.424,-2.4467
-7.6306,-19.455,-2.4606
-7.6683,-19.485,-2.4593
-7.7061,-19.515,-2.4458
-7.7439,-19.545,-2.463
-7.7816,-19.576,-2.449
-7.8194,-19.606,-2.4439
-7.8571,-19.636,-2.4389
-7.8949,-19.667,-2.4376
-7.9327,-19.697,-2.4325
-7.9704,-19.727,-2.4487
-8.0082,-19.758,-2.4397
-8.0459,-19.788,-2.4286
-8.0837,-19.818,-2.426
-8.1215,-19.849,-2.4219
-8.1592,-19.879,-2.4302
-8.197,-19.909,-2.4251
-8.2348,-19.939,-2.4512
-8.2725,-19.97,-2.4478
-8.3103,-20,-2.4662
-8.348,-20.03,-2.4612
-8.3858,-20.061,-2.455
-8.4236,-20.091,-2.4531
-8.4613,-20.121,-2.474
-8.4991,-20.152,-2.4758
-8.5368,-20.182,-2.448
-8.5746,-20.212,-2.4513
-8.6124,-20.243,-2.4484
-8.6501,-20.273,-2.4356
-8.6879,-20.303,-2.4277
-8.7256,-20.333,-2.4319
-8.7634,-20.364,-2.4318
-8.8012,-20.394,-2.4443
-8.8389,-20.424,-2.4646
-8.8767,-20.455,-2.4441
-8.9145,-20.485,-2.4487
-8.9522,-20.515,-2.4387
-8.99,-20.546,-2.4363
-9.0277,-20.576,-2.455
-9.0655,-20.606,-2.4501
-9.1033,-20.637,-2.461
-9.141,-20.667,-2.4344
-9.1788,-20.697,-2.4362
-9.2165,-20.727,-2.4534
-9.2543,-20.758,-2.4468
-9.2921,-20.788,-2.4438
-9.3298,-20.818,-2.4383
-9.3676,-20.849,-2.4391
-9.4053,-20.879,-2.4025
-9.4431,-20.909,-2.4155
-9.4809,-20.94,-2.4221
-9.5186,-20.97,-2.4379
-9.5564,-21,-2.4594
-9.5941,-21.031,-2.4442
-9.6319,-21.061,-2.4371
-9.6697,-21.091,-2.4409
-9.7074,-21.121,-2.431
-9.7452,-21.152,-2.4242
-9.783,-21.182,-2.4184
-9.8207,-21.212,-2.438
-9.8585,-21.243,-2.426
-9.8962,-21.273,-2.4121
-9.934,-21.303,-2.4375
-9.9718,-21.334,-2.4544
-10.01,-21.364,-2.4655
-10.047,-21.394,-2.4683
-10.085,-21.425,-2.4596
-10.123,-21.455,-2.4486
-10.161,-21.485,-2.4633
-10.198,-21.515,-2.4748
-10.236,-21.546,-2.4613
-10.274,-21.576,-2.444
-10.312,-21.606,-2.4432
-10.349,-21.637,-2.4394
-10.387,-21.667,-2.4305
-10.425,-21.697,-2.4178
-10.463,-21.728,-2.4375
-10.5,-21.758,-2.4515
-10.538,-21.788,-2.4473
-10.576,-21.819,-2.4339
-10.614,-21.849,-2.4545
-10.651,-21.879,-2.4693
-10.689,-21.909,-2.477
-10.727,-21.94,-2.4802
-10.765,-21.97,-2.4943
-10.802,-22,-2.4918
-10.84,-22.031,-2.4887
-10.878,-22.061,-2.4753
-10.916,-22.091,-2.4584
-10.954,-22.122,-2.4457
-10.991,-22.152,-2.4611
-11.029,-22.182,-2.453
-11.067,-22.213,-2.4509
-11.105,-22.243,-2.4622
-11.142,-22.273,-2.4686
-11.18,-22.303,-2.4758
-11.218,-22.334,-2.465
-11.256,-22.364,-2.4527
-11.293,-22.394,-2.4693
-11.331,-22.425,-2.4766
-11.369,-22.455,-2.4907
-11.407,-22.485,-2.4927
-11.444,-22.516,-2.4805
-11.482,-22.546,-2.4714
-11.52,-22.576,-2.4655
-11.558,-22.607,-2.4595
-11.595,-22.637,-2.4751
-11.633,-22.667,-2.4603
-11.671,-22.697,-2.431
-11.709,-22.728,-2.4567
-11.747,-22.758,-2.4414
-11.784,-22.788,-2.4323
-11.822,-22.819,-2.4242
-11.86,-22.849,-2.4541
-11.898,-22.879,-2.4756
-11.935,-22.91,-2.4475
-11.973,-22.94,-2.4546
-12.011,-22.97,-2.4456
-12.049,-23.001,-2.4412
-12.086,-23.031,-2.4365
-12.124,-23.061,-2.4473
-12.162,-23.091,-2.4451
-12.2,-23.122,-2.4442
-12.237,-23.152,-2.4394
-12.275,-23.182,-2.4599
-12.313,-23.213,-2.4528
-12.351,-23.243,-2.4491
-12.388,-23.273,-2.4448
-12.426,-23.304,-2.4385
-12.464,-23.334,-2.4335
-12.502,-23.364,-2.4594
-12.539,-23.395,-2.4651
-12.577,-23.425,-2.4661
-12.615,-23.455,-2.441
-12.653,-23.485,-2.4521
-12.691,-23.516,-2.454
-12.728,-23.546,-2.4778
-12.766,-23.576,-2.4769
-12.804,-23.607,-2.4609
-12.842,-23.637,-2.4725
-12.879,-23.667,-2.4796
-12.917,-23.698,-2.4576
-12.955,-23.728,-2.4399
-12.993,-23.758,-2.4233
-13.03,-23.789,-2.4161
-13.068,-23.819,-2.4023
-13.106,-23.849,-2.4052
-13.144,-23.879,-2.4079
-13.181,-23.91,-2.4095
-13.219,-23.94,-2.4017
-13.257,-23.97,-2.4094
-13.295,-24.001,-2.4505
-13.332,-24.031,-2.4481
-13.37,-24.061,-2.4523
-13.408,-24.092,-2.4551
-13.446,-24.122,-2.461
-13.484,-24.152,-2.4653
-13.521,-24.183,-2.4682
-13.559,-24.213,-2.4698
-13.597,-24.243,-2.4711
-13.635,-24.273,-2.4507
-13.672,-24.304,-2.4502
-13.71,-24.334,-2.4245
-13.748,-24.364,-2.42
-13.786,-24.395,-2.4171
-13.823,-24.425,-2.4222
-13.861,-24.455,-2.4175
-13.899,-24.486,-2.4334
-13.937,-24.516,-2.4547
-13.974,-24.546,-2.4847
-14.012,-24.577,-2.4815
-14.05,-24.607,-2.4632
-14.088,-24.637,-2.4625
-14.125,-24.667,-2.4543
-14.163,-24.698,-2.4542
-14.201,-24.728,-2.4538
-14.239,-24.758,-2.4529
-14.277,-24.789,-2.4546
-14.314,-24.819,-2.4557
-14.352,-24.849,-2.4623
-14.39,-24.88,-2.462
-14.428,-24.91,-2.4644
-14.465,-24.94,-2.4622
-14.503,-24.971,-2.4394
-14.541,-25.001,-2.4478
-14.579,-25.031,-2.4373
-14.616,-25.061,-2.4432
-14.654,-25.092,-2.4392
-14.692,-25.122,-2.4617
-14.73,-25.152,-2.4595
-14.767,-25.183,-2.4597
-14.805,-25.213,-2.4715
-14.843,-25.243,-2.4691
-14.881,-25.274,-2.4682
-14.918,-25.304,-2.4582
-14.956,-25.334,-2.4592
-14.994,-25.365,-2.458
-15.032,-25.395,-2.4602
-15.069,-25.425,-2.4596
-15.107,-25.455,-2.4366
-15.145,-25.486,-2.4367
-15.183,-25.516,-2.4718
-15.221,-25.546,-2.4666
-15.258,-25.577,-2.464
-15.296,-25.607,-2.4622
-15.334,-25.637,-2.4705
-15.372,-25.668,-2.4505
-15.409,-25.698,-2.4556
-15.447,-25.728,-2.4663
-15.485,-25.759,-2.4872
-15.523,-25.789,-2.4961
-15.56,-25.819,-2.49
-15.598,-25.85,-2.4943
-15.636,-25.88,-2.4925
-15.674,-25.91,-2.4903
-15.711,-25.94,-2.4622
-15.749,-25.971,-2.4653
-15.787,-26.001,-2.4581
-15.825,-26.031,-2.4588
-15.862,-26.062,-2.4551
-15.9,-26.092,-2.4816
-15.938,-26.122,-2.4771
-15.976,-26.153,-2.4761
-16.014,-26.183,-2.469
-16.051,-26.213,-2.4623
-16.089,-26.244,-2.4602
-16.127,-26.274,-2.4544
-16.165,-26.304,-2.4524
-16.202,-26.334,-2.4528
-16.24,-26.365,-2.448
-16.278,-26.395,-2.4589
-16.316,-26.425,-2.4694
-16.353,-26.456,-2.4671
-16.391,-26.486,-2.4644
-16.429,-26.516,-2.4598
-16.467,-26.547,-2.4305
-16.504,-26.577,-2.423
-16.542,-26.607,-2.4132
-16.58,-26.638,-2.4501
-16.618,-26.668,-2.4516
-16.655,-26.698,-2.4606
-16.693,-26.728,-2.4621
-16.731,-26.759,-2.4607
-16.769,-26.789,-2.4607
-16.806,-26.819,-2.4636
-16.844,-26.85,-2.4549
-16.882,-26.88,-2.4613
-16.92,-26.91,-2.4613
-16.958,-26.941,-2.4838
-16.995,-26.971,-2.48
-17.033,-27.001,-2.4622
-17.071,-27.032,-2.4672
-17.109,-27.062,-2.4721
-17.146,-27.092,-2.4661
-17.184,-27.122,-2.4717
-17.222,-27.153,-2.4526
-17.26,-27.183,-2.4759
-17.297,-27.213,-2.4777
-17.335,-27.244,-2.4608
-17.373,-27.274,-2.4623
-17.411,-27.304,-2.4642
-17.448,-27.335,-2.4631
-17.486,-27.365,-2.461
-17.524,-27.395,-2.4614
-17.562,-27.426,-2.4476
-17.599,-27.456,-2.4437
-17.637,-27.486,-2.4497
-17.675,-27.516,-2.4579
-17.713,-27.547,-2.4822
-17.751,-27.577,-2.5002
-17.788,-27.607,-2.4731
-17.826,-27.638,-2.4576
-17.864,-27.668,-2.4568
-17.902,-27.698,-2.475
-17.939,-27.729,-2.4701
-17.977,-27.759,-2.4702
-18.015,-27.789,-2.4724
-18.053,-27.82,-2.4768
-18.09,-27.85,-2.4775
-18.128,-27.88,-2.4628
-18.166,-27.91,-2.4722
-18.204,-27.941,-2.4665
-18.241,-27.971,-2.4492
-18.279,-28.001,-2.4539
-18.317,-28.032,-2.4663
-18.355,-28.062,-2.4699
-18.392,-28.092,-2.4611
-18.43,-28.123,-2.4514
-18.468,-28.153,-2.4647
-18.506,-28.183,-2.4724
-18.543,-28.214,-2.4725
-18.581,-28.244,-2.4623
-18.619,-28.274,-2.4514
-18.657,-28.304,-2.469
-18.695,-28.335,-2.478
-18.732,-28.365,-2.4589
-18.77,-28.395,-2.446
-18.808,-28.426,-2.4685
-18.846,-28.456,-2.4616
-18.883,-28.486,-2.446
-18.921,-28.517,-2.4368
-18.959,-28.547,-2.4403
-18.997,-28.577,-2.4496
-19.034,-28.608,-2.4378
-19.072,-28.638,-2.4414
-19.11,-28.668,-2.4564
-19.148,-28.698,-2.4539
-19.185,-28.729,-2.4585
-19.223,-28.759,-2.4625
-19.261,-28.789,-2.455
-19.299,-28.82,-2.4398
-19.336,-28.85,-2.4451
-19.374,-28.88,-2.454
-19.412,-28.911,-2.4548
-19.45,-28.941,-2.4516
-19.488,-28.971,-2.4785
-19.525,-29.002,-2.4785
-19.563,-29.032,-2.4769
-19.601,-29.062,-2.459
-19.639,-29.092,-2.4442
-19.676,-29.123,-2.4597
-19.714,-29.153,-2.4627
-19.752,-29.183,-2.4676
-19.79,-29.214,-2.4632
-19.827,-29.244,-2.4636
-19.865,-29.274,-2.4639
-19.903,-29.305,-2.4507
-19.941,-29.335,-2.4161
-19.978,-29.365,-2.4195
-20.016,-29.396,-2.4249
-20.054,-29.426,-2.4399
-20.092,-29.456,-2.4493
-20.129,-29.486,-2.4446
-20.167,-29.517,-2.4395
-20.205,-29.547,-2.4422
-20.243,-29.577,-2.4438
-20.28,-29.608,-2.4433
-20.318,-29.638,-2.4592
-20.356,-29.668,-2.4638
-20.394,-29.699,-2.4643
-20.432,-29.729,-2.4669
-20.469,-29.759,-2.4528
-20.507,-29.79,-2.4573
-20.545,-29.82,-2.4555
-20.583,-29.85,-2.4478
-20.62,-29.88,-2.4355
-20.658,-29.911,-2.4182
-20.696,-29.941,-2.4552
-20.734,-29.971,-2.4314
-20.771,-30.002,-2.4379
-20.809,-30.032,-2.44
-20.847,-30.062,-2.4422
-20.885,-30.093,-2.4698
-20.922,-30.123,-2.4764
-20.96,-30.153,-2.4788
-20.998,-30.184,-2.4937
-21.036,-30.214,-2.4897
-21.073,-30.244,-2.4977
-21.111,-30.274,-2.5182
-21.149,-30.305,-2.5139
-21.187,-30.335,-2.5225
-21.225,-30.365,-2.5019
-21.262,-30.396,-2.4994
-21.3,-30.426,-2.5102
-21.338,-30.456,-2.5207
-21.376,-30.487,-2.5407
-21.413,-30.517,-2.5606
-21.451,-30.547,-2.563
-21.489,-30.578,-2.5779
-21.527,-30.608,-2.5759
-21.564,-30.638,-2.5619
-21.602,-30.668,-2.5687
-21.64,-30.699,-2.5735
-21.678,-30.729,-2.5737
-21.715,-30.759,-2.6013
-21.753,-30.79,-2.6199
-21.791,-30.82,-2.6233
-21.829,-30.85,-2.6148
-21.866,-30.881,-2.6021
-21.904,-30.911,-2.6021
-21.942,-30.941,-2.6457
-21.98,-30.972,-2.6723
-22.017,-31.002,-2.6749
-22.03,-31.002,-2.6777
-22.07,-31.017,-2.6826
-22.089,-31.025,-2.6886
-22.114,-31.031,-2.6921
-22.12,-31.037,-2.7004
-22.162,-31.054,-2.711
-22.189,-31.061,-2.722
-22.215,-31.066,-2.6763
-22.221,-31.072,-2.6789
-22.243,-31.084,-2.6852
-22.27,-31.096,-2.6907
-22.269,-31.095,-2.6945
-22.271,-31.094,-2.7014
-22.281,-31.098,-2.7032
-22.284,-31.095,-2.711
-22.296,-31.098,-2.7335
-22.31,-31.103,-2.7349
-22.323,-31.111,-2.7417
-22.329,-31.11,-2.7467
-22.335,-31.11,-2.7485
-22.35,-31.117,-2.7491
-22.357,-31.118,-2.7557
-22.379,-31.129,-2.7615
-22.39,-31.136,-2.7648
-22.412,-31.141,-2.7785
-22.434,-31.147,-2.7833
-22.449,-31.152,-2.7894
-22.472,-31.156,-2.8002
-22.504,-31.167,-2.8048
-22.509,-31.169,-2.8124
-22.521,-31.173,-2.8206
-22.55,-31.177,-2.8322
-22.584,-31.186,-2.8367
-22.61,-31.193,-2.8466
-22.641,-31.201,-2.8468
-22.648,-31.203,-2.8189
-22.658,-31.21,-2.8472
-22.674,-31.211,-2.8592
-22.703,-31.213,-2.8741
-22.733,-31.217,-2.8909
-22.773,-31.225,-2.8505
-22.81,-31.236,-2.8504
-22.829,-31.242,-2.9083
-22.837,-31.241,-2.909
-22.846,-31.24,-2.9142
-22.849,-31.24,-2.9117
-22.849,-31.237,-2.9083
-22.845,-31.235,-2.9123
-22.854,-31.235,-2.9114
-22.861,-31.234,-2.9127
-22.866,-31.232,-2.9131
-22.874,-31.234,-2.9109
-22.887,-31.236,-2.9179
-22.912,-31.237,-2.918
-22.929,-31.24,-2.9266
-22.955,-31.247,-2.9337
-22.976,-31.253,-2.9411
-22.991,-31.261,-2.9438
-23.015,-31.262,-2.9494
-23.03,-31.262,-2.9565
-23.051,-31.264,-2.9622
-23.069,-31.267,-2.9723
-23.092,-31.271,-2.9694
-23.118,-31.27,-2.9786
-23.142,-31.271,-2.9798
-23.16,-31.274,-2.9943
-23.2,-31.276,-2.9898
-23.198,-31.276,-3.0021
-23.22,-31.28,-3.0142
-23.241,-31.28,-3.0277
-23.263,-31.283,-3.0209
-23.299,-31.284,-2.9735
-23.315,-31.287,-3.0375
-23.338,-31.283,-3.0389
-23.339,-31.282,-3.0399
-23.342,-31.281,-3.0442
-23.347,-31.281,-3.041
-23.341,-31.28,-3.0426
-23.351,-31.28,-3.0448
-23.355,-31.28,-3.0425
-23.354,-31.277,-3.0467
-23.365,-31.273,-3.0539
-23.392,-31.272,-3.0522
-23.419,-31.271,-3.0663
-23.446,-31.274,-3.0676
-23.461,-31.275,-3.0675
-23.473,-31.274,-3.0704
-23.489,-31.276,-3.0885
-23.536,-31.278,-3.0863
-23.548,-31.277,-3.0818
-23.562,-31.277,-3.0864
-23.572,-31.277,-3.0878
-23.588,-31.273,-3.0972
-23.608,-31.273,-3.1027
-23.625,-31.272,-3.1101
-23.644,-31.272,-3.1174
-23.661,-31.27,-3.1176
-23.687,-31.267,-3.1226
-23.707,-31.266,-3.1195
-23.722,-31.263,-3.1033
-23.749,-31.267,3.1073
-23.764,-31.267,3.0572
-23.818,-31.261,3.096
-23.821,-31.255,3.1056
-23.87,-31.255,-3.1336
-23.894,-31.257,-3.1361
-23.896,-31.258,-3.1326
-23.888,-31.259,-3.1387
-23.888,-31.263,-3.1414
-23.895,-31.263,3.1414
-23.912,-31.263,3.1319
-23.936,-31.265,3.1302
-23.942,-31.266,3.1198
-23.966,-31.265,3.123
-23.961,-31.267,3.1136
-23.977,-31.266,3.1147
-23.976,-31.265,3.0787
-24.008,-31.257,3.0735
-24.025,-31.249,3.0699
-24.047,-31.243,3.0632
-24.065,-31.24,3.0488
-24.109,-31.233,3.0494
-24.136,-31.227,3.0423
-24.149,-31.221,3.0325
-24.182,-31.214,3.0226
-24.207,-31.21,3.0107
-24.225,-31.207,3.003
-24.25,-31.203,3.0012
-24.271,-31.195,2.9946
-24.287,-31.188,3.0178
-24.325,-31.184,3.0211
-24.352,-31.179,2.9766
-24.362,-31.178,2.9633
-24.383,-31.172,2.9643
-24.383,-31.171,2.9597
-24.396,-31.166,2.9631
-24.392,-31.168,2.9607
-24.393,-31.165,2.9593
-24.403,-31.161,2.9508
-24.427,-31.151,2.948
-24.44,-31.146,2.9438
-24.463,-31.14,2.9339
-24.498,-31.13,2.9328
-24.512,-31.124,2.9219
-24.536,-31.12,2.919
-24.566,-31.111,2.9113
-24.58,-31.104,2.9004
-24.604,-31.097,2.8946
-24.628,-31.092,2.8874
-24.64,-31.086,2.8857
-24.661,-31.074,2.8759
-24.677,-31.07,2.8753
-24.699,-31.064,2.8697
-24.718,-31.057,2.8683
-24.727,-31.055,2.8619
-24.751,-31.05,2.8572
-24.774,-31.041,2.8451
-24.799,-31.033,2.8317
-24.813,-31.027,2.8173
-24.825,-31.019,2.8735
-24.879,-31.008,2.9037
-24.874,-31.015,2.9105
-24.906,-31.013,2.8918
-24.899,-31.017,2.8869
-24.898,-31.016,2.8845
-24.905,-31.015,2.882
-24.902,-31.016,2.8747
-24.911,-31.015,2.866
-24.933,-31.008,2.8575
-24.941,-31.004,2.8477
-24.96,-30.997,2.8381
-24.973,-30.989,2.8284
-24.984,-30.98,2.8122
-25.008,-30.973,2.8017
-25.028,-30.963,2.7957
-25.048,-30.954,2.7889
-25.076,-30.943,2.7864
-25.086,-30.936,2.7836
-25.096,-30.93,2.7732
-25.118,-30.918,2.7444
-25.116,-30.915,2.7478
-25.117,-30.909,2.7452
-25.121,-30.9,2.7602
-25.135,-30.898,2.7536
-25.156,-30.89,2.7465
-25.182,-30.881,2.7318
-25.232,-30.861,2.7269
-25.248,-30.853,2.7251
-25.264,-30.844,2.7117
-25.285,-30.83,2.6755
-25.299,-30.812,2.6611
-25.305,-30.794,2.6552
-25.324,-30.78,2.6553
-25.331,-30.776,2.6602
-25.343,-30.766,2.6628
-25.397,-30.747,2.659
-25.417,-30.734,2.676
-25.427,-30.733,2.6746
-25.43,-30.729,2.6727
-25.429,-30.731,2.6672
-25.441,-30.723,2.6598
-25.452,-30.716,2.6517
-25.466,-30.712,2.6428
-25.475,-30.705,2.6412
-25.48,-30.703,2.6336
-25.486,-30.701,2.626
-25.504,-30.692,2.6242
-25.509,-30.684,2.6216
-25.522,-30.675,2.6188
-25.529,-30.668,2.6055
-25.554,-30.652,2.5936
-25.569,-30.642,2.5884
-25.593,-30.622,2.5815
-25.62,-30.604,2.5748
-25.641,-30.588,2.5548
-25.67,-30.566,2.5461
-25.689,-30.556,2.5411
-25.71,-30.531,2.5396
-25.716,-30.522,2.5281
-25.732,-30.506,2.5236
-25.745,-30.495,2.5217
-25.76,-30.483,2.5287
-25.767,-30.478,2.5149
-25.781,-30.463,2.5018
-25.79,-30.455,2.4853
-25.826,-30.419,2.4838
-25.849,-30.402,2.4865
-25.846,-30.403,2.4894
-25.842,-30.404,2.4792
-25.853,-30.393,2.4749
-25.856,-30.388,2.4755
-25.865,-30.373,2.4707
-25.873,-30.364,2.4731
-25.873,-30.364,2.46
-25.895,-30.347,2.4563
-25.902,-30.334,2.4515
-25.916,-30.327,2.4499
-25.919,-30.322,2.4502
-25.92,-30.318,2.4461
-25.926,-30.309,2.4481
-25.925,-30.31,2.4435
-25.926,-30.313,2.4372
-25.94,-30.296,2.4372
-25.936,-30.292,2.4363
-25.947,-30.28,2.4264
-25.948,-30.278,2.4026
-25.961,-30.261,2.4002
-25.964,-30.254,2.4034
-25.985,-30.238,2.3959
-26,-30.221,2.389
-26.011,-30.212,2.3808
-26.031,-30.187,2.3924
-26.042,-30.176,2.3902
-26.053,-30.165,2.3617
-26.087,-30.133,2.3576
-26.099,-30.12,2.3579
-26.131,-30.091,2.3449
-26.129,-30.085,2.3343
-26.135,-30.069,2.3368
-26.151,-30.049,2.3423
-26.171,-30.029,2.3408
-26.194,-30.004,2.2993
-26.18,-30.004,2.2905
-26.175,-30.001,2.2928
-26.174,-29.997,2.2944
-26.183,-29.986,2.2954
-26.189,-29.981,2.2953
-26.194,-29.971,2.2905
-26.198,-29.968,2.2916
-26.209,-29.96,2.2896
-26.22,-29.951,2.2913
-26.226,-29.939,2.2853
-26.238,-29.919,2.2833
-26.244,-29.908,2.2782
-26.257,-29.892,2.272
-26.263,-29.878,2.2636
-26.279,-29.856,2.2601
-26.291,-29.843,2.2568
-26.3,-29.834,2.2543
-26.3,-29.828,2.2472
-26.314,-29.807,2.2372
-26.323,-29.789,2.2295
-26.336,-29.782,2.2252
-26.342,-29.767,2.2164
-26.361,-29.743,2.2129
-26.375,-29.719,2.2182
-26.389,-29.705,2.1927
-26.387,-29.701,2.1768
-26.399,-29.672,2.15
-26.417,-29.639,2.1519
-26.449,-29.601,2.2432
-26.451,-29.607,2.1699
-26.443,-29.618,2.1714
-26.428,-29.631,2.176
-26.426,-29.636,2.1773
-26.419,-29.634,2.1727
-26.422,-29.628,2.1718
-26.428,-29.624,2.1715
-26.428,-29.627,2.1674
-26.423,-29.627,2.1649
-26.431,-29.616,2.1516
-26.452,-29.593,2.1483
-26.471,-29.568,2.1502
-26.479,-29.555,2.1463
-26.49,-29.541,2.1294
-26.508,-29.51,2.1149
-26.521,-29.495,2.1058
-26.535,-29.46,2.1018
-26.55,-29.433,2.0933
-26.559,-29.406,2.0875
-26.57,-29.38,2.0731
-26.595,-29.335,2.072
-26.602,-29.308,2.0665
-26.606,-29.284,2.0526
-26.618,-29.258,2.0433
-26.625,-29.247,2.0248
-26.645,-29.199,2.0554
-26.648,-29.183,2.0598
-26.66,-29.16,2.0497
-26.667,-29.133,2.0411
-26.673,-29.108,1.8897
-26.673,-29.091,2.0177
-26.678,-29.076,2.0169
-26.682,-29.067,2.0146
-26.69,-29.05,2.0125
-26.695,-29.045,2.0059
-26.699,-29.036,2.0021
-26.702,-29.022,1.9964
-26.698,-29.011,1.9931
-26.701,-28.998,1.9871
-26.708,-28.979,1.9849
-26.708,-28.967,1.9712
-26.708,-28.953,1.9709
-26.71,-28.939,1.9641
-26.717,-28.924,1.9545
-26.734,-28.901,1.9476
-26.747,-28.879,1.9464
-26.756,-28.857,1.9435
-26.76,-28.847,1.9315
-26.756,-28.833,1.9346
-26.752,-28.826,1.9264
-26.758,-28.807,1.9282
-26.754,-28.786,1.9229
-26.762,-28.769,1.913
-26.765,-28.766,1.9103
-26.771,-28.746,1.9073
-26.774,-28.737,1.9045
-26.783,-28.707,1.9098
-26.793,-28.677,1.891
-26.797,-28.664,1.8879
-26.818,-28.602,1.8428
-26.818,-28.567,1.8315
-26.812,-28.55,1.8173
-26.815,-28.503,1.8345
-26.825,-28.487,1.8477
-26.83,-28.467,1.9016
-26.844,-28.452,1.9011
-26.859,-28.42,1.8629
-26.87,-28.374,1.8464
-26.873,-28.363,1.8319
-26.867,-28.351,1.8164
-26.872,-28.308,1.8072
-26.882,-28.277,1.7903
-26.879,-28.247,1.782
-26.875,-28.218,1.7715
-26.875,-28.183,1.7867
-26.877,-28.176,1.7817
-26.878,-28.149,1.7688
-26.889,-28.12,1.7628
-26.894,-28.094,1.7498
-26.901,-28.065,1.7481
-26.896,-28.051,1.7191
-26.902,-27.988,1.7135
-26.905,-27.972,1.7249
-26.913,-27.901,1.7342
-26.927,-27.874,1.7186
-26.922,-27.863,1.7029
-26.918,-27.807,1.7135
-26.922,-27.772,1.6937
-26.926,-27.756,1.6816
-26.927,-27.704,1.6686
-26.922,-27.659,1.6565
-26.922,-27.623,1.6586
-26.926,-27.581,1.6599
-26.928,-27.553,1.6645
-26.934,-27.466,1.6436
-26.935,-27.437,1.6282
-26.928,-27.41,1.6418
-26.936,-27.38,1.6309
-26.938,-27.345,1.6328
-26.941,-27.31,1.6277
-26.948,-27.241,1.6217
-26.948,-27.204,1.6106
-26.947,-27.179,1.6171
-26.949,-27.174,1.601
-26.948,-27.138,1.5845
-26.947,-27.079,1.5995
-26.946,-27.055,1.5867
-26.951,-27.008,1.5847
-26.946,-26.958,1.5697
-26.945,-26.94,1.5427
-26.936,-26.859,1.53
-26.933,-26.831,1.5238
-26.922,-26.723,1.5253
-26.917,-26.66,1.5275
-26.92,-26.619,1.5223
-26.919,-26.582,1.5112
-26.907,-26.541,1.5073
-26.901,-26.501,1.5115
-26.895,-26.46,1.5175
-26.9,-26.424,1.5105
-26.893,-26.335,1.5114
-26.883,-26.292,1.4917
-26.876,-26.246,1.4968
-26.867,-26.203,1.4917
-26.867,-26.189,1.4943
-26.863,-26.147,1.4903
-26.857,-26.09,1.4889
-26.85,-26.049,1.4845
-26.842,-25.986,1.471
-26.839,-25.961,1.4405
-26.821,-25.89,1.414
-26.807,-25.81,1.4315
-26.796,-25.779,1.4126
-26.795,-25.719,1.4146
-26.784,-25.669,1.3914
-26.776,-25.635,1.3905
-26.773,-25.613,1.3887
-26.764,-25.561,1.3927
-26.759,-25.531,1.3807
-26.753,-25.518,1.3786
-26.74,-25.476,1.3824
-26.731,-25.442,1.3853
-26.724,-25.422,1.3683
-26.71,-25.366,1.3702
-26.703,-25.36,1.3674
-26.707,-25.373,1.3684
-26.706,-25.353,1.3671
-26.701,-25.33,1.3603
-26.691,-25.306,1.36
-26.689,-25.289,1.3612
-26.688,-25.294,1.3761
-26.688,-25.251,1.352
-26.689,-25.249,1.3251
-26.672,-25.15,1.3336
-26.652,-25.112,1.3164
-26.644,-25.098,1.3133
-26.628,-25.074,1.3126
-26.618,-25.051,1.3108
-26.6,-25.026,1.3086
-26.597,-25.008,1.3635
-26.607,-24.987,1.3638
-26.607,-24.935,1.3292
-26.596,-24.891,1.3016
-26.572,-24.867,1.2968
-26.562,-24.844,1.2972
-26.552,-24.83,1.298
-26.542,-24.813,1.2987
-26.522,-24.753,1.318
-26.514,-24.747,1.3312
-26.527,-24.736,1.3209
-26.516,-24.701,1.3284
-26.524,-24.683,1.3131
-26.509,-24.656,1.3081
-26.503,-24.677,1.2886
-26.499,-24.64,1.3056
-26.492,-24.56,1.2913
-26.477,-24.462,1.3003
-26.458,-24.41,1.2804
-26.436,-24.328,1.2736
-26.427,-24.285,1.2683
-26.407,-24.23,1.2572
-26.381,-24.197,1.2441
-26.366,-24.166,1.2599
-26.332,-24.097,1.2767
-26.323,-24.067,1.2773
-26.324,-24.05,1.2646
-26.314,-24.014,1.258
-26.296,-23.974,1.2276
-26.284,-23.899,1.249
-26.256,-23.87,1.257
-26.241,-23.851,1.2306
-26.246,-23.821,1.247
-26.215,-23.779,1.2414
-26.195,-23.745,1.2443
-26.186,-23.716,1.2219
-26.163,-23.622,1.2136
-26.143,-23.621,1.2034
-26.119,-23.611,1.2195
-26.128,-23.625,1.213
-26.115,-23.527,1.2005
-26.098,-23.507,1.1784
-26.071,-23.463,1.1759
-26.047,-23.415,1.165
-26.029,-23.398,1.143
-26.011,-23.378,1.1166
-25.993,-23.358,1.1006
-25.975,-23.338,1.1038
-25.957,-23.318,1.103
-25.939,-23.298,1.0983
-25.921,-23.278,1.0933
-25.903,-23.258,1.0869
-25.884,-23.238,1.0814
-25.866,-23.218,1.0756
-25.848,-23.198,1.0726
-25.83,-23.178,1.0706
-25.812,-23.158,1.0543
-25.794,-23.138,1.0392
-25.776,-23.118,1.0914
-25.758,-23.097,1.0856
-25.74,-23.077,1.0897
-25.721,-23.057,0.97368
-25.703,-23.037,0.96792
-25.685,-23.017,0.96999
-25.667,-22.997,0.96595
-25.649,-22.977,0.96259
-25.631,-22.957,0.95991
-25.613,-22.937,0.96017
-25.595,-22.917,0.96262
-25.576,-22.897,0.9599
-25.558,-22.877,0.95743
-25.54,-22.857,0.95467
-25.522,-22.837,0.95055
-25.504,-22.817,0.94937
-25.486,-22.797,0.95423
-25.468,-22.776,0.95001
-25.45,-22.756,0.94887
-25.432,-22.736,0.9492
-25.413,-22.716,0.94858
-25.395,-22.696,0.94692
-25.377,-22.676,0.94911
-25.359,-22.656,0.94364
-25.341,-22.636,0.9412
-25.323,-22.616,0.94842
-25.305,-22.596,0.94233
-25.287,-22.576,0.938
-25.268,-22.556,0.90112
-25.25,-22.536,0.87952
-25.232,-22.516,0.86313
-25.214,-22.496,0.94226
-25.196,-22.476,0.92487
-25.178,-22.456,0.92813
-25.16,-22.435,0.93841
-25.142,-22.415,0.9461
-25.124,-22.395,0.94425
-25.105,-22.375,0.94768
-25.087,-22.355,0.94333
-25.069,-22.335,0.9419
-25.051,-22.315,0.94273
-25.033,-22.295,0.94017
-25.015,-22.275,0.9366
-24.997,-22.255,0.91586
-24.979,-22.235,0.90195
-24.96,-22.215,0.89171
-24.942,-22.195,0.88797
-24.924,-22.175,0.88316
-24.906,-22.155,0.87998
-24.888,-22.135,0.86913
-24.87,-22.114,0.87429
-24.852,-22.094,0.87446
-24.834,-22.074,0.86652
-24.815,-22.054,0.86308
-24.797,-22.034,0.86815
-24.779,-22.014,0.8641
-24.761,-21.994,0.8682
-24.743,-21.974,0.86558
-24.725,-21.954,0.86706
-24.707,-21.934,0.86764
-24.689,-21.914,0.86551
-24.671,-21.894,0.85408
-24.652,-21.874,0.83515
-24.634,-21.854,0.83852
-24.616,-21.834,0.81259
-24.598,-21.814,0.82646
-24.58,-21.793,0.82397
-24.562,-21.773,0.81664
-24.544,-21.753,0.79895
-24.526,-21.733,0.7972
-24.507,-21.713,0.81047
-24.489,-21.693,0.81519
-24.471,-21.673,0.81669
-24.453,-21.653,0.81674
-24.435,-21.633,0.8116
-24.417,-21.613,0.81129
-24.399,-21.593,0.81145
-24.381,-21.573,0.80904
-24.363,-21.553,0.7924
-24.344,-21.533,0.80967
-24.326,-21.513,0.80198
-24.308,-21.493,0.80734
-24.29,-21.473,0.78621
-24.272,-21.452,0.80138
-24.254,-21.432,0.79553
-24.236,-21.412,0.76351
-24.218,-21.392,0.78542
-24.199,-21.372,0.79978
-24.181,-21.352,0.7646
-24.163,-21.332,0.77397
-24.145,-21.312,0.80614
-24.127,-21.292,0.80313
-24.109,-21.272,0.78765
-24.091,-21.252,0.77954
-24.073,-21.232,0.74473
-24.055,-21.212,0.73989
-24.036,-21.192,0.75535
-24.018,-21.172,0.76877
-24,-21.152,0.75849
-23.982,-21.131,0.74831
-23.964,-21.111,0.7598
-23.946,-21.091,0.76149
-23.928,-21.071,0.77081
-23.91,-21.051,0.79051
-23.891,-21.031,0.79334
-23.873,-21.011,0.77266
-23.855,-20.991,0.7511
-23.837,-20.971,0.76934
-23.819,-20.951,0.78414
-23.801,-20.931,0.7734
-23.783,-20.911,0.75683
-23.765,-20.891,0.75536
-23.747,-20.871,0.76638
-23.728,-20.851,0.78368
-23.71,-20.831,0.79937
-23.692,-20.811,0.76784
-23.674,-20.79,0.74755
-23.656,-20.77,0.77276
-23.638,-20.75,0.74367
-23.62,-20.73,0.7315
-23.602,-20.71,0.72518
-23.583,-20.69,0.72398
-23.565,-20.67,0.72511
-23.547,-20.65,0.76594
-23.529,-20.63,0.76911
-23.511,-20.61,0.74935
-23.493,-20.59,0.76771
-23.475,-20.57,0.77708
-23.457,-20.55,0.74762
-23.439,-20.53,0.73863
-23.42,-20.51,0.73575
-23.402,-20.49,0.73884
-23.384,-20.469,0.74181
-23.366,-20.449,0.7261
-23.348,-20.429,0.71979
-23.33,-20.409,0.72128
-23.312,-20.389,0.72586
-23.294,-20.369,0.74472
-23.275,-20.349,0.75073
-23.257,-20.329,0.74139
-23.239,-20.309,0.7177
-23.221,-20.289,0.71066
-23.203,-20.269,0.71047
-23.185,-20.249,0.71624
-23.167,-20.229,0.71285
-23.149,-20.209,0.77797
-23.13,-20.189,0.77861
-23.112,-20.169,0.77978
-23.094,-20.148,0.77877
-23.076,-20.128,0.77921
-23.058,-20.108,0.7786
-23.04,-20.088,0.77957
-23.022,-20.068,0.78024
-23.004,-20.048,0.77823
-22.986,-20.028,0.78697
-22.967,-20.008,0.7854
-22.949,-19.988,0.78721
-22.931,-19.968,0.78892
-22.913,-19.948,0.78752
-22.895,-19.928,0.78759
-22.877,-19.908,0.7906
-22.859,-19.888,0.78957
-22.841,-19.868,0.78726
-22.822,-19.848,0.78538
-22.804,-19.828,0.78595
-22.786,-19.807,0.78526
-22.768,-19.787,0.78343
-22.75,-19.767,0.78129
-22.732,-19.747,0.78726
-22.714,-19.727,0.80691
-22.696,-19.707,0.81653
-22.678,-19.687,0.8191
-22.659,-19.667,0.82846
-22.641,-19.647,0.8683
-22.623,-19.627,0.87857
-22.605,-19.607,0.88639
-22.587,-19.587,0.89659
-22.569,-19.567,0.92385
-22.551,-19.547,0.94125
-22.533,-19.527,0.9507
-22.514,-19.507,0.96308
-22.496,-19.486,0.96973
-22.478,-19.466,0.99186
-22.46,-19.446,1.0146
-22.442,-19.426,1.0278
-22.424,-19.406,1.0407
-22.406,-19.386,1.0538
-22.388,-19.366,1.0862
-22.37,-19.346,1.0984
-22.351,-19.326,1.1197
-22.333,-19.306,1.1763
-22.315,-19.286,1.1881
-22.297,-19.266,1.1926
-22.279,-19.246,1.2186
-22.261,-19.226,1.2416
-22.243,-19.206,1.2715
-22.225,-19.186,1.2979
-22.206,-19.165,1.3029
-22.188,-19.145,1.2879
-22.17,-19.125,1.2534
-22.152,-19.105,1.2356
-22.134,-19.085,1.2235
-22.116,-19.065,1.1737
-22.098,-19.045,1.1195
-22.08,-19.025,1.0751
-22.062,-19.005,1.062
-22.043,-18.985,1.0375
-22.025,-18.965,1.024
-22.007,-18.945,1.006
-21.989,-18.925,0.98809
-21.971,-18.905,0.98132
-21.953,-18.885,0.96122
-21.935,-18.865,0.94029
-21.917,-18.845,0.88213
-21.898,-18.824,0.84931
-21.88,-18.804,0.82079
-21.862,-18.784,0.78833
-21.844,-18.764,0.76932
-21.826,-18.744,0.73952
-21.808,-18.724,0.72391
-21.79,-18.704,0.70836
-21.772,-18.684,0.67087
-21.753,-18.664,0.65626
-21.735,-18.644,0.6434
-21.717,-18.624,0.64616
-21.699,-18.604,0.65479
-21.681,-18.584,0.68084
-21.663,-18.564,0.69774
-21.645,-18.544,0.73645
-21.627,-18.524,0.762
-21.609,-18.503,0.76664
-21.59,-18.483,0.80687
-21.572,-18.463,0.83091
-21.554,-18.443,0.84598
-21.536,-18.423,0.84965
-21.518,-18.403,0.8803
-21.5,-18.383,0.92307
-21.482,-18.363,0.91437
-21.464,-18.343,0.86004
-21.445,-18.323,0.8391
-21.427,-18.303,0.78027
-21.409,-18.283,0.77811
-21.391,-18.263,0.72711
-21.373,-18.243,0.69202
-21.355,-18.223,0.66991
-21.337,-18.203,0.61271
-21.319,-18.183,0.57284
-21.301,-18.162,0.51874
-21.282,-18.142,0.51039
-21.264,-18.122,0.48064
-21.246,-18.102,0.45659
-21.228,-18.082,0.4273
-21.21,-18.062,0.41155
-21.192,-18.042,0.39939
-21.174,-18.022,0.37527
-21.156,-18.002,0.33475
-21.137,-17.982,0.32278
-21.119,-17.962,0.2983
-21.101,-17.942,0.25393
-21.083,-17.922,0.23455
-21.065,-17.902,0.22431
-21.047,-17.882,0.25912
-21.029,-17.862,0.28283
-21.011,-17.841,0.30468
-20.993,-17.821,0.32746
-20.974,-17.801,0.36236
-20.956,-17.781,0.382
-20.938,-17.761,0.39779
-20.92,-17.741,0.42242
-20.902,-17.721,0.44865
-20.884,-17.701,0.49888
-20.866,-17.681,0.52992
-20.848,-17.661,0.5455
-20.829,-17.641,0.56663
-20.811,-17.621,0.58599
-20.793,-17.601,0.61111
-20.775,-17.581,0.62525
-20.757,-17.561,0.63677
-20.739,-17.541,0.68171
-20.721,-17.52,0.70298
-20.703,-17.5,0.7095
-20.685,-17.48,0.7333
-20.666,-17.46,0.75072
-20.648,-17.44,0.8242
-20.63,-17.42,0.84867
-20.612,-17.4,0.8368
-20.594,-17.38,0.83199
-20.576,-17.36,0.84112
-20.558,-17.34,0.84618
-20.54,-17.32,0.82444
-20.521,-17.3,0.83013
-20.503,-17.28,0.83787
-20.485,-17.26,0.83297
-20.467,-17.24,0.83392
-20.449,-17.22,0.8323
-20.431,-17.2,0.85103
-20.413,-17.179,0.86433
-20.395,-17.159,0.85818
-20.376,-17.139,0.83922
-20.358,-17.119,0.83862
-20.34,-17.099,0.84826
-20.322,-17.079,0.83887
-20.304,-17.059,0.84119
-20.286,-17.039,0.86108
-20.268,-17.019,0.87064
-20.25,-16.999,0.86271
-20.232,-16.979,0.85913
-20.213,-16.959,0.85823
-20.195,-16.939,0.86276
-20.177,-16.919,0.86103
-20.159,-16.899,0.83554
-20.141,-16.879,0.85666
-20.123,-16.858,0.87744
-20.105,-16.838,0.86598
-20.087,-16.818,0.87763
-20.068,-16.798,0.87379
-20.05,-16.778,0.87342
-20.032,-16.758,0.88121
-20.014,-16.738,0.90231
-19.996,-16.718,0.92448
-19.978,-16.698,0.92587
-19.96,-16.678,0.94563
-19.942,-16.658,0.95724
-19.924,-16.638,0.97196
-19.905,-16.618,0.98147
-19.887,-16.598,0.99089
-19.869,-16.578,1.0268
-19.851,-16.558,1.0457
-19.833,-16.538,1.0568
-19.815,-16.517,1.0547
-19.797,-16.497,1.0652
-19.779,-16.477,1.0763
-19.76,-16.457,1.0907
-19.742,-16.437,1.0919
-19.724,-16.417,1.0863
-19.706,-16.397,1.1734
-19.688,-16.377,1.1736
-19.67,-16.357,1.178
-19.652,-16.337,1.1761
-19.634,-16.317,1.1786
-19.616,-16.297,1.1838
-19.597,-16.277,1.1893
-19.579,-16.257,1.1915
-19.561,-16.237,1.1985
-19.543,-16.217,1.1992
-19.525,-16.196,1.1977
-19.507,-16.176,1.2044
-19.489,-16.156,1.2102
-19.471,-16.136,1.2071
-19.452,-16.116,1.2076
-19.434,-16.096,1.2051
-19.416,-16.076,1.2076
-19.398,-16.056,1.2185
-19.38,-16.036,1.2153
-19.362,-16.016,1.2223
-19.344,-15.996,1.2206
-19.326,-15.976,1.2211
-19.308,-15.956,1.2327
-19.289,-15.936,1.2264
-19.271,-15.916,1.2571
-19.253,-15.896,1.2391
-19.235,-15.875,1.231
-19.217,-15.855,1.2781
-19.199,-15.835,1.3094
-19.181,-15.815,1.3486
-19.18,-15.762,1.2858
-19.184,-15.729,1.3026
-19.178,-15.702,1.274
-19.173,-15.646,1.3212
-19.156,-15.589,1.3062
-19.142,-15.585,1.3057
-19.13,-15.543,1.2969
-19.128,-15.527,1.3019
-19.102,-15.459,1.3307
-19.099,-15.427,1.3477
-19.097,-15.388,1.3475
-19.087,-15.351,1.3554
-19.08,-15.322,1.358
-19.078,-15.296,1.3452
-19.057,-15.217,1.3671
-19.065,-15.176,1.3958
-19.063,-15.117,1.3749
-19.065,-15.083,1.3768
-19.068,-15.044,1.3946
-19.054,-14.997,1.4107
-19.032,-14.947,1.406
-19.023,-14.9,1.4099
-19.019,-14.835,1.4186
-19.012,-14.798,1.4318
-19.015,-14.759,1.4314
-19.016,-14.718,1.4166
-19.009,-14.705,1.4163
-18.997,-14.626,1.4207
-18.99,-14.6,1.4276
-18.991,-14.521,1.4783
-18.988,-14.489,1.4834
-18.981,-14.419,1.493
-18.987,-14.357,1.4949
-18.994,-14.318,1.4639
-18.973,-14.272,1.4791
-18.949,-14.208,1.4987
-18.974,-14.169,1.5015
-18.988,-14.129,1.5039
-18.991,-14.065,1.4974
-18.99,-14.012,1.5087
-18.991,-13.958,1.5203
-18.984,-13.868,1.5265
-18.988,-13.812,1.5356
-18.982,-13.776,1.5409
-18.983,-13.709,1.5496
-18.983,-13.662,1.5837
-18.986,-13.615,1.5903
-18.987,-13.555,1.5915
-18.983,-13.514,1.574
-18.995,-13.415,1.5888
-18.998,-13.388,1.5943
-19.015,-13.318,1.5953
-19.029,-13.228,1.581
-19.02,-13.213,1.5822
-19.018,-13.151,1.5812
-19.012,-13.109,1.5759
-19.01,-13.052,1.5943
-19.023,-13.03,1.5908
-19.034,-12.965,1.6055
-19.04,-12.944,1.634
-19.03,-12.878,1.6356
-19.021,-12.853,1.6476
-19.023,-12.831,1.6537
-19.033,-12.815,1.6605
-19.049,-12.773,1.6581
-19.051,-12.751,1.6563
-19.053,-12.743,1.6626
-19.063,-12.705,1.6665
-19.077,-12.691,1.6699
-19.083,-12.663,1.6452
-19.07,-12.634,1.639
-19.057,-12.607,1.6571
-19.063,-12.576,1.6616
-19.077,-12.545,1.7885
-19.077,-12.531,1.6532
-19.08,-12.494,1.6511
-19.081,-12.49,1.6521
-19.079,-12.485,1.6518
-19.078,-12.485,1.652
-19.079,-12.476,1.6561
-19.081,-12.468,1.6589
-19.093,-12.449,1.6592
-19.097,-12.426,1.6601
-19.106,-12.41,1.6619
-19.101,-12.393,1.6655
-19.106,-12.378,1.664
-19.109,-12.363,1.6668
-19.113,-12.342,1.6655
-19.122,-12.329,1.6633
-19.117,-12.318,1.6672
-19.122,-12.287,1.6723
-19.13,-12.279,1.6969
-19.108,-12.258,1.7041
-19.1,-12.23,1.7084
-19.098,-12.204,1.7088
-19.104,-12.185,1.7101
-19.102,-12.163,1.7157
-19.107,-12.154,1.7342
-19.117,-12.129,1.7192
-19.128,-12.105,1.7132
-19.138,-12.074,1.711
-19.145,-12.054,1.7094
-19.146,-12.036,1.7104
-19.153,-11.994,1.7911
-19.171,-11.97,1.7927
-19.194,-11.918,1.8063
-19.202,-11.903,1.7884
-19.213,-11.874,1.7722
-19.226,-11.838,1.6891
-19.223,-11.798,1.6924
-19.224,-11.778,1.7059
-19.231,-11.742,1.7508
-19.241,-11.717,1.7746
-19.255,-11.692,1.7797
-19.268,-11.664,1.7917
-19.284,-11.633,1.7741
-19.287,-11.615,1.8044
-19.286,-11.58,1.7786
-19.297,-11.553,1.7978
-19.3,-11.519,1.7995
-19.306,-11.486,1.8057
-19.31,-11.463,1.8144
-19.315,-11.444,1.814
-19.32,-11.401,1.8021
-19.328,-11.379,1.796
-19.351,-11.298,1.7923
-19.361,-11.268,1.7892
-19.372,-11.226,1.7812
-19.388,-11.177,1.7916
-19.399,-11.144,1.796
-19.407,-11.109,1.8123
-19.413,-11.095,1.8117
-19.425,-11.058,1.8383
-19.427,-11.021,1.8375
-19.423,-10.994,1.8556
-19.437,-10.969,1.8593
-19.458,-10.951,1.8519
-19.476,-10.897,1.8402
-19.481,-10.871,1.8347
-19.49,-10.829,1.842
-19.509,-10.787,1.8394
-19.526,-10.75,1.8331
-19.535,-10.715,1.8294
-19.551,-10.674,1.8323
-19.554,-10.656,1.8578
-19.563,-10.611,1.8528
-19.57,-10.569,1.8511
-19.581,-10.526,1.8462
-19.596,-10.484,1.8539
-19.614,-10.441,1.8547
-19.62,-10.413,1.8472
-19.638,-10.376,1.8422
-19.651,-10.335,1.8374
-19.663,-10.29,1.8202
-19.667,-10.246,1.8111
-19.676,-10.204,1.8023
-19.686,-10.168,1.8517
-19.695,-10.134,1.8346
-19.714,-10.065,1.8357
-19.714,-10.048,1.8301
-19.724,-9.9869,1.8262
-19.73,-9.9605,1.8171
-19.743,-9.896,1.8195
-19.754,-9.8537,1.8265
-19.76,-9.8335,1.8351
-19.775,-9.7932,1.8619
-19.794,-9.75,1.8513
-19.81,-9.7116,1.8505
-19.814,-9.6683,1.8452
-19.82,-9.6252,1.8479
-19.827,-9.6031,1.8403
-19.847,-9.5366,1.8324
-19.856,-9.4903,1.8629
-19.875,-9.4499,1.8551
-19.891,-9.3937,1.8386
-19.913,-9.3397,1.8324
-19.921,-9.3068,1.8235
-19.935,-9.2359,1.8057
-19.952,-9.1632,1.8075
-19.956,-9.1398,1.793
-19.967,-9.0751,1.8093
-19.979,-9.0171,1.7573
-19.98,-8.9682,1.7433
-19.991,-8.8976,1.7742
-20.001,-8.8487,1.7678
-20.007,-8.8124,1.7521
-20.009,-8.765,1.7525
-20.008,-8.7413,1.7404
-20.013,-8.6758,1.7423
-20.021,-8.6339,1.7405
-20.02,-8.6193,1.7149
-20.027,-8.5538,1.7116
-20.024,-8.5343,1.7141
-20.034,-8.4662,1.6916
-20.043,-8.4405,1.6764
-20.04,-8.4057,1.676
-20.042,-8.3807,1.6559
-20.034,-8.3576,1.6431
-20.036,-8.3128,1.6356
-20.035,-8.2897,1.6241
-20.029,-8.2613,1.5989
-20.028,-8.2289,1.5552
-20.016,-8.2211,1.6147
-20.018,-8.1693,1.608
-20.016,-8.146,1.6021
-20.012,-8.1398,1.5956
-20.015,-8.1302,1.5995
-20.013,-8.1303,1.5988
-20.008,-8.1316,1.5968
-20.009,-8.1216,1.5944
-20.01,-8.1116,1.5928
-20.01,-8.1005,1.5923
-20.006,-8.0955,1.5881
-20.004,-8.0725,1.5927
-20.003,-8.0625,1.5861
-20.001,-8.0506,1.5807
-20.003,-8.0319,1.5746
-20.001,-8.0149,1.5728
-20.005,-7.9892,1.5763
-20.016,-7.9624,1.565
-20.011,-7.9536,1.5511
-20.006,-7.9221,1.5478
-19.999,-7.9074,1.5317
-19.993,-7.8848,1.5404
-19.996,-7.8809,1.5318
-19.985,-7.8431,1.5271
-19.981,-7.8211,1.5186
-19.982,-7.7995,1.5366
-19.982,-7.7683,1.5351
-19.984,-7.7472,1.5324
-19.987,-7.7478,1.5306
-19.987,-7.7473,1.5271
-19.984,-7.7445,1.5191
-19.983,-7.7394,1.5206
-19.982,-7.7438,1.5059
-19.983,-7.7369,1.497
-19.979,-7.7275,1.4812
-19.981,-7.7074,1.4686
-19.979,-7.6838,1.465
-19.977,-7.6692,1.4575
-19.971,-7.648,1.4569
-19.965,-7.6391,1.458
-19.961,-7.6272,1.4516
-19.954,-7.6136,1.4493
-19.959,-7.6005,1.4462
-19.955,-7.5886,1.4359
-19.95,-7.5845,1.4317
-19.94,-7.5625,1.4221
-19.941,-7.5465,1.4234
-19.934,-7.5378,1.4078
-19.934,-7.5072,1.4034
-19.932,-7.497,1.3994
-19.926,-7.4775,1.3947
-19.916,-7.4534,1.3882
-19.915,-7.4332,1.3759
-19.9,-7.4059,1.3734
-19.898,-7.4018,1.361
-19.892,-7.3818,1.3499
-19.889,-7.3535,1.3382
-19.884,-7.3284,1.3566
-19.886,-7.3057,1.3526
-19.877,-7.2603,1.2891
-19.86,-7.2423,1.2781
-19.852,-7.2125,1.2704
-19.847,-7.1991,1.2668
-19.839,-7.1859,1.2571
-19.828,-7.1644,1.261
-19.827,-7.1634,1.264
-19.831,-7.1619,1.2633
-19.825,-7.1492,1.2643
-19.813,-7.1391,1.2664
-19.811,-7.1287,1.2644
-19.805,-7.1175,1.2637
-19.803,-7.1099,1.2551
-19.791,-7.0891,1.2548
-19.788,-7.0797,1.2504
-19.783,-7.0669,1.2524
-19.782,-7.0546,1.2451
-19.771,-7.0355,1.239
-19.762,-7.0182,1.2313
-19.755,-7.0069,1.2271
-19.744,-6.9808,1.224
-19.737,-6.9664,1.2191
-19.73,-6.95,1.2029
-19.725,-6.9276,1.193
-19.71,-6.8876,1.1807
-19.699,-6.8624,1.1861
-19.685,-6.8173,1.1924
-19.661,-6.7812,1.1205
-19.631,-6.7397,1.1185
-19.617,-6.7169,1.1208
-19.615,-6.718,1.1217
-19.616,-6.7167,1.1199
-19.616,-6.7184,1.1207
-19.61,-6.7144,1.1138
-19.609,-6.7115,1.1142
-19.6,-6.6971,1.116
-19.602,-6.6943,1.1123
-19.595,-6.6798,1.1121
-19.587,-6.6751,1.1059
-19.583,-6.6682,1.1071
-19.578,-6.6533,1.1101
-19.565,-6.6306,1.1055
-19.56,-6.6121,1.0974
-19.544,-6.5784,1.0846
-19.523,-6.5407,1.0799
-19.503,-6.5137,1.0731
-19.493,-6.497,1.0757
-19.49,-6.4912,1.0774
-19.477,-6.4876,1.059
-19.476,-6.4775,1.0476
-19.474,-6.4507,1.0298
-19.458,-6.4226,1.0286
-19.453,-6.4117,1.0327
-19.44,-6.4024,1.0241
-19.404,-6.3723,1.0113
-19.381,-6.3591,0.96237
-19.358,-6.346,0.9529
-19.335,-6.3328,0.96176
-19.312,-6.3196,0.95897
-19.289,-6.3064,0.93988
-19.266,-6.2933,0.94163
-19.243,-6.2801,0.91663
-19.22,-6.2669,0.93221
-19.197,-6.2538,0.94319
-19.174,-6.2406,0.93966
-19.151,-6.2274,0.93168
-19.128,-6.2142,0.9335
-19.105,-6.2011,0.92139
-19.082,-6.1879,0.9123
-19.058,-6.1747,0.9086
-19.035,-6.1616,0.90342
-19.012,-6.1484,0.89593
-18.989,-6.1352,0.89503
-18.966,-6.1221,0.88248
-18.943,-6.1089,0.87327
-18.92,-6.0957,0.86714
-18.897,-6.0825,0.85659
-18.874,-6.0694,0.85205
-18.851,-6.0562,0.84462
-18.828,-6.043,0.84227
-18.805,-6.0299,0.84428
-18.782,-6.0167,0.84072
-18.759,-6.0035,0.8409
-18.736,-5.9903,0.83318
-18.713,-5.9772,0.82739
-18.69,-5.964,0.81473
-18.667,-5.9508,0.7948
-18.644,-5.9377,0.78797
-18.621,-5.9245,0.78154
-18.598,-5.9113,0.76857
-18.575,-5.8981,0.76916
-18.552,-5.885,0.73861
-18.529,-5.8718,0.71373
-18.505,-5.8586,0.76678
-18.482,-5.8455,0.78827
-18.459,-5.8323,0.71811
-18.436,-5.8191,0.715
-18.413,-5.806,0.71519
-18.39,-5.7928,0.71201
-18.367,-5.7796,0.70967
-18.344,-5.7664,0.7074
-18.321,-5.7533,0.70294
-18.298,-5.7401,0.70048
-18.275,-5.7269,0.69367
-18.252,-5.7138,0.69166
-18.229,-5.7006,0.68312
-18.206,-5.6874,0.67488
-18.183,-5.6742,0.66397
-18.16,-5.6611,0.65623
-18.137,-5.6479,0.64126
-18.114,-5.6347,0.63663
-18.091,-5.6216,0.63361
-18.068,-5.6084,0.63054
-18.045,-5.5952,0.61537
-18.022,-5.582,0.60997
-17.999,-5.5689,0.60491
-17.976,-5.5557,0.60453
-17.953,-5.5425,0.59655
-17.929,-5.5294,0.58774
-17.906,-5.5162,0.56585
-17.883,-5.503,0.55252
-17.86,-5.4899,0.58941
-17.837,-5.4767,0.59732
-17.814,-5.4635,0.56821
-17.791,-5.4503,0.54757
-17.768,-5.4372,0.53225
-17.745,-5.424,0.44918
-17.722,-5.4108,0.45664
-17.699,-5.3977,0.47903
-17.676,-5.3845,0.48296
-17.653,-5.3713,0.4976
-17.63,-5.3581,0.49099
-17.607,-5.345,0.48723
-17.584,-5.3318,0.48317
-17.561,-5.3186,0.4802
-17.538,-5.3055,0.47699
-17.515,-5.2923,0.47686
-17.492,-5.2791,0.4747
-17.469,-5.2659,0.46961
-17.446,-5.2528,0.46607
-17.423,-5.2396,0.46218
-17.4,-5.2264,0.46278
-17.377,-5.2133,0.45607
-17.353,-5.2001,0.45177
-17.33,-5.1869,0.45124
-17.307,-5.1738,0.44315
-17.284,-5.1606,0.44501
-17.261,-5.1474,0.44143
-17.238,-5.1342,0.43742
-17.215,-5.1211,0.42512
-17.192,-5.1079,0.41384
-17.169,-5.0947,0.40812
-17.146,-5.0816,0.40482
-17.123,-5.0684,0.4045
-17.1,-5.0552,0.40496
-17.077,-5.042,0.40251
-17.054,-5.0289,0.39372
-17.031,-5.0157,0.38076
-17.008,-5.0025,0.36571
-16.985,-4.9894,0.37039
-16.962,-4.9762,0.37394
-16.939,-4.963,0.38128
-16.916,-4.9498,0.41448
-16.893,-4.9367,0.40695
-16.87,-4.9235,0.39854
-16.847,-4.9103,0.38634
-16.824,-4.8972,0.32782
-16.801,-4.884,0.31899
-16.777,-4.8708,0.33632
-16.754,-4.8577,0.35257
-16.731,-4.8445,0.36601
-16.708,-4.8313,0.35828
-16.685,-4.8181,0.35214
-16.662,-4.805,0.34371
-16.639,-4.7918,0.32932
-16.616,-4.7786,0.32441
-16.593,-4.7655,0.29972
-16.57,-4.7523,0.29064
-16.547,-4.7391,0.3061
-16.524,-4.7259,0.30913
-16.501,-4.7128,0.31305
-16.478,-4.6996,0.29987
-16.455,-4.6864,0.29092
-16.432,-4.6733,0.28093
-16.409,-4.6601,0.26265
-16.386,-4.6469,0.25645
-16.363,-4.6337,0.26422
-16.34,-4.6206,0.26517
-16.317,-4.6074,0.27264
-16.294,-4.5942,0.2549
-16.271,-4.5811,0.25618
-16.248,-4.5679,0.27678
-16.224,-4.5547,0.27364
-16.201,-4.5416,0.2765
-16.178,-4.5284,0.28006
-16.155,-4.5152,0.25575
-16.132,-4.502,0.2448
-16.109,-4.4889,0.25349
-16.086,-4.4757,0.22688
-16.063,-4.4625,0.26632
-16.04,-4.4494,0.25779
-16.017,-4.4362,0.26401
-15.994,-4.423,0.27044
-15.971,-4.4098,0.27045
-15.948,-4.3967,0.25305
-15.925,-4.3835,0.2565
-15.902,-4.3703,0.2565
-15.879,-4.3572,0.25435
-15.856,-4.344,0.26074
-15.833,-4.3308,0.26574
-15.81,-4.3176,0.2725
-15.787,-4.3045,0.26988
-15.764,-4.2913,0.27522
-15.741,-4.2781,0.27391
-15.718,-4.265,0.25283
-15.695,-4.2518,0.25792
-15.672,-4.2386,0.26584
-15.648,-4.2255,0.28073
-15.625,-4.2123,0.29408
-15.602,-4.1991,0.28148
-15.579,-4.1859,0.27142
-15.556,-4.1728,0.28041
-15.533,-4.1596,0.28534
-15.51,-4.1464,0.27831
-15.487,-4.1333,0.27668
-15.464,-4.1201,0.31575
-15.441,-4.1069,0.32235
-15.418,-4.0937,0.33091
-15.395,-4.0806,0.3389
-15.372,-4.0674,0.31398
-15.349,-4.0542,0.30327
-15.326,-4.0411,0.28799
-15.303,-4.0279,0.29506
-15.28,-4.0147,0.2918
-15.257,-4.0015,0.29757
-15.234,-3.9884,0.29778
-15.211,-3.9752,0.30278
-15.188,-3.962,0.31184
-15.165,-3.9489,0.31164
-15.142,-3.9357,0.34318
-15.119,-3.9225,0.35167
-15.096,-3.9094,0.34146
-15.072,-3.8962,0.32749
-15.049,-3.883,0.3482
-15.026,-3.8698,0.35455
-15.003,-3.8567,0.36619
-14.98,-3.8435,0.37236
-14.957,-3.8303,0.38766
-14.934,-3.8172,0.37906
-14.911,-3.804,0.38572
-14.888,-3.7908,0.40169
-14.865,-3.7776,0.39482
-14.842,-3.7645,0.41244
-14.819,-3.7513,0.42797
-14.796,-3.7381,0.40317
-14.773,-3.725,0.41648
-14.75,-3.7118,0.42149
-14.727,-3.6986,0.42989
-14.704,-3.6854,0.46818
-14.681,-3.6723,0.4631
-14.658,-3.6591,0.46206
-14.635,-3.6459,0.45388
-14.612,-3.6328,0.47628
-14.589,-3.6196,0.47711
-14.566,-3.6064,0.47322
-14.543,-3.5933,0.47509
-14.52,-3.5801,0.47242
-14.496,-3.5669,0.45986
-14.473,-3.5537,0.48097
-14.45,-3.5406,0.49929
-14.427,-3.5274,0.51502
-14.404,-3.5142,0.50894
-14.381,-3.5011,0.52271
-14.358,-3.4879,0.53905
-14.335,-3.4747,0.55311
-14.312,-3.4615,0.55202
-14.289,-3.4484,0.56271
-14.266,-3.4352,0.57294
-14.243,-3.422,0.59153
-14.22,-3.4089,0.59519
-14.197,-3.3957,0.60254
-14.174,-3.3825,0.61856
-14.151,-3.3693,0.62522
-14.128,-3.3562,0.62791
-14.105,-3.343,0.63163
-14.082,-3.3298,0.63364
-14.059,-3.3167,0.6447
-14.036,-3.3035,0.64523
-14.013,-3.2903,0.65026
-13.99,-3.2772,0.65979
-13.967,-3.264,0.66567
-13.944,-3.2508,0.66661
-13.92,-3.2376,0.67795
-13.897,-3.2245,0.67963
-13.874,-3.2113,0.67054
-13.851,-3.1981,0.69871
-13.828,-3.185,0.71322
-13.805,-3.1718,0.71457
-13.782,-3.1586,0.69524
-13.759,-3.1454,0.69742
-13.736,-3.1323,0.70511
-13.713,-3.1191,0.71141
-13.69,-3.1059,0.73574
-13.667,-3.0928,0.72846
-13.644,-3.0796,0.72544
-13.621,-3.0664,0.76576
-13.598,-3.0532,0.75193
-13.575,-3.0401,0.75541
-13.552,-3.0269,0.75922
-13.529,-3.0137,0.77432
-13.506,-3.0006,0.78886
-13.483,-2.9874,0.8179
-13.46,-2.9742,0.82743
-13.437,-2.9611,0.83634
-13.414,-2.9479,0.82554
-13.391,-2.9347,0.82868
-13.367,-2.9215,0.83988
-13.344,-2.9084,0.85701
-13.321,-2.8952,0.87012
-13.298,-2.882,0.88053
-13.275,-2.8689,0.86865
-13.252,-2.8557,0.87143
-13.229,-2.8425,0.88219
-13.206,-2.8293,0.89048
-13.183,-2.8162,0.88909
-13.16,-2.803,0.88916
-13.137,-2.7898,0.89287
-13.114,-2.7767,0.90668
-13.091,-2.7635,0.90244
-13.068,-2.7503,0.9082
-13.045,-2.7371,0.91458
-13.022,-2.724,0.91843
-12.999,-2.7108,0.92241
-12.976,-2.6976,0.91914
-12.953,-2.6845,0.92624
-12.93,-2.6713,0.93435
-12.907,-2.6581,0.93043
-12.884,-2.645,0.9413
-12.861,-2.6318,0.95742
-12.838,-2.6186,0.92453
-12.815,-2.6054,0.9227
-12.791,-2.5923,0.91828
-12.768,-2.5791,0.91997
-12.745,-2.5659,0.93742
-12.722,-2.5528,1.0049
-12.699,-2.5396,0.99117
-12.676,-2.5264,0.95164
-12.653,-2.5132,0.92856
-12.63,-2.5001,0.85366
-12.607,-2.4869,0.83704
-12.584,-2.4737,0.84232
-12.561,-2.4606,0.87739
-12.538,-2.4474,0.92236
-12.515,-2.4342,0.93419
-12.492,-2.421,0.92014
-12.469,-2.4079,0.90193
-12.446,-2.3947,0.89583
-12.423,-2.3815,0.89354
-12.4,-2.3684,0.88956
-12.377,-2.3552,0.88657
-12.354,-2.342,0.88618
-12.331,-2.3289,0.86408
-12.308,-2.3157,0.85655
-12.285,-2.3025,0.85267
-12.262,-2.2893,0.86885
-12.239,-2.2762,0.89364
-12.215,-2.263,0.87949
-12.192,-2.2498,0.87489
-12.169,-2.2367,0.87073
-12.146,-2.2235,0.87243
-12.123,-2.2103,0.87033
-12.1,-2.1971,0.86571
-12.077,-2.184,0.86699
-12.054,-2.1708,0.85637
-12.031,-2.1576,0.85925
-12.008,-2.1445,0.85702
-11.985,-2.1313,0.85585
-11.962,-2.1181,0.85525
-11.939,-2.1049,0.85286
-11.916,-2.0918,0.84998
-11.893,-2.0786,0.85261
-11.87,-2.0654,0.84816
-11.847,-2.0523,0.84575
-11.824,-2.0391,0.84658
-11.801,-2.0259,0.8354
-11.778,-2.0128,0.85036
-11.755,-1.9996,0.84898
-11.732,-1.9864,0.86438
-11.709,-1.9732,0.87663
-11.686,-1.9601,0.76708
-11.663,-1.9469,0.7297
-11.639,-1.9337,0.7182
-11.616,-1.9206,0.86266
-11.593,-1.9074,0.86999
-11.57,-1.8942,0.87213
-11.547,-1.881,0.87251
-11.524,-1.8679,0.86157
-11.501,-1.8547,0.85383
-11.478,-1.8415,0.84292
-11.455,-1.8284,0.83931
-11.432,-1.8152,0.82817
-11.409,-1.802,0.82976
-11.386,-1.7888,0.82847
-11.363,-1.7757,0.81206
-11.34,-1.7625,0.80744
-11.317,-1.7493,0.80411
-11.294,-1.7362,0.79934
-11.271,-1.723,0.80034
-11.248,-1.7098,0.79738
-11.225,-1.6967,0.79595
-11.202,-1.6835,0.79403
-11.179,-1.6703,0.79357
-11.156,-1.6571,0.7777
-11.133,-1.644,0.76937
-11.11,-1.6308,0.76653
-11.086,-1.6176,0.76574
-11.063,-1.6045,0.76595
-11.04,-1.5913,0.77407
-11.017,-1.5781,0.78524
-10.994,-1.5649,0.79649
-10.971,-1.5518,0.71015
-10.948,-1.5386,0.73155
-10.925,-1.5254,0.82918
-10.902,-1.5123,0.83899
-10.879,-1.4991,0.82868
-10.856,-1.4859,0.82387
-10.833,-1.4727,0.8019
-10.81,-1.4596,0.79186
-10.787,-1.4464,0.7964
-10.764,-1.4332,0.78626
-10.741,-1.4201,0.76376
-10.718,-1.4069,0.7585
-10.695,-1.3937,0.73181
-10.672,-1.3806,0.71967
-10.649,-1.3674,0.70991
-10.626,-1.3542,0.7091
-10.603,-1.341,0.70778
-10.58,-1.3279,0.70612
-10.557,-1.3147,0.70944
-10.534,-1.3015,0.7072
-10.51,-1.2884,0.69329
-10.487,-1.2752,0.67996
-10.464,-1.262,0.67095
-10.441,-1.2488,0.66829
-10.418,-1.2357,0.65854
-10.395,-1.2225,0.6511
-10.372,-1.2093,0.64638
-10.349,-1.1962,0.63737
-10.326,-1.183,0.62062
-10.303,-1.1698,0.61597
-10.28,-1.1566,0.60051
-10.257,-1.1435,0.58747
-10.234,-1.1303,0.583
-10.211,-1.1171,0.57739
-10.188,-1.104,0.56887
-10.165,-1.0908,0.54723
-10.142,-1.0776,0.54642
-10.119,-1.0645,0.55063
-10.096,-1.0513,0.5511
-10.073,-1.0381,0.5168
-10.05,-1.0249,0.5078
-10.027,-1.0118,0.50221
-10.004,-0.9986,0.4918
-9.9806,-0.98543,0.4789
-9.9575,-0.97225,0.49893
-9.9345,-0.95908,0.50385
-9.9114,-0.94591,0.5073
-9.8884,-0.93274,0.48141
-9.8654,-0.91957,0.49001
-9.8423,-0.9064,0.46339
-9.8193,-0.89323,0.46528
-9.7962,-0.88006,0.42248
-9.7732,-0.86689,0.41993
-9.7502,-0.85372,0.41729
-9.7271,-0.84055,0.42369
-9.7041,-0.82738,0.42161
-9.681,-0.8142,0.42641
-9.658,-0.80103,0.38953
-9.635,-0.78786,0.37434
-9.6119,-0.77469,0.34359
-9.5889,-0.76152,0.35058
-9.5658,-0.74835,0.3703
-9.5428,-0.73518,0.353
-9.5198,-0.72201,0.33861
-9.4967,-0.70884,0.33546
-9.4737,-0.69567,0.33963
-9.4506,-0.6825,0.3352
-9.4276,-0.66933,0.33279
-9.4045,-0.65615,0.30262
-9.3815,-0.64298,0.2831
-9.3585,-0.62981,0.27492
-9.3354,-0.61664,0.2755
-9.3124,-0.60347,0.26895
-9.2893,-0.5903,0.28003
-9.2663,-0.57713,0.27277
-9.2433,-0.56396,0.26481
-9.2202,-0.55079,0.23326
-9.1972,-0.53762,0.22973
-9.1741,-0.52445,0.22132
-9.1511,-0.51128,0.21856
-9.1281,-0.4981,0.21919
-9.105,-0.48493,0.21721
-9.082,-0.47176,0.21297
-9.0589,-0.45859,0.22126
-9.0359,-0.44542,0.22019
-9.0129,-0.43225,0.2206
-8.9898,-0.41908,0.21566
-8.9668,-0.40591,0.217
-8.9437,-0.39274,0.20304
-8.9207,-0.37957,0.20474
-8.8977,-0.3664,0.20217
-8.8746,-0.35323,0.20025
-8.8644,-0.35025,0.20616
-8.817,-0.3483,0.20318
-8.7696,-0.34636,0.17299
-8.7222,-0.34442,0.14808
-8.6749,-0.34247,0.14551
-8.6275,-0.34053,0.1421
-8.5801,-0.33858,0.13878
-8.5328,-0.33664,0.13913
-8.4854,-0.33469,0.1362
-8.438,-0.33275,0.13933
-8.3907,-0.33081,0.14366
-8.3433,-0.32886,0.14447
-8.2959,-0.32692,0.141
-8.2485,-0.32497,0.1424
-8.2012,-0.32303,0.13524
-8.1538,-0.32109,0.13554
-8.1064,-0.31914,0.13628
-8.0591,-0.3172,0.13796
-8.0117,-0.31525,0.14428
-7.9643,-0.31331,0.14305
-7.917,-0.31136,0.11853
-7.8696,-0.30942,0.088989
-7.8222,-0.30748,0.092184
-7.7748,-0.30553,0.088709
-7.7275,-0.30359,0.073927
-7.6801,-0.30164,0.074672
-7.6327,-0.2997,0.071414
-7.5854,-0.29775,0.071339
-7.538,-0.29581,0.086957
-7.4906,-0.29387,0.079062
-7.4433,-0.29192,0.082345
-7.3959,-0.28998,0.082176
-7.3485,-0.28803,0.064273
-7.3011,-0.28609,0.069362
-7.2538,-0.28415,0.059979
-7.2064,-0.2822,0.064601
-7.159,-0.28026,0.067379
-7.1117,-0.27831,0.079008
-7.0643,-0.27637,0.064273
-7.0169,-0.27442,0.069207
-6.9696,-0.27248,0.068748
-6.9222,-0.27054,0.05684
-6.8748,-0.26859,0.057501
-6.8274,-0.26665,0.06283
-6.7801,-0.2647,0.065733
-6.7327,-0.26276,0.07022
-6.6853,-0.26081,0.065603
-6.638,-0.25887,0.061025
-6.5906,-0.25693,0.053346
-6.5432,-0.25498,0.03375
-6.4959,-0.25304,0.056909
-6.4485,-0.25109,0.030241
-6.4011,-0.24915,0.032239
-6.3537,-0.24721,0.023217
-6.3064,-0.24526,0.019096
-6.259,-0.24332,0.022715
-6.2116,-0.24137,0.030024
-6.1643,-0.23943,0.050423
-6.1169,-0.23748,0.060382
-6.0695,-0.23554,0.065087
-6.0221,-0.2336,0.053978
-5.9748,-0.23165,0.053755
-5.9274,-0.22971,0.061377
-5.88,-0.22776,0.061496
-5.8327,-0.22582,0.048481
-5.7853,-0.22387,0.05592
-5.7379,-0.22193,0.062801
-5.6906,-0.21999,0.063528
-5.6432,-0.21804,0.060362
-5.5958,-0.2161,0.067154
-5.5484,-0.21415,0.069129
-5.5011,-0.21221,0.056588
-5.4537,-0.21026,0.057832
-5.4063,-0.20832,0.039338
-5.359,-0.20638,0.025049
-5.3116,-0.20443,0.026589
-5.2642,-0.20249,0.035298
-5.2169,-0.20054,0.050429
-5.1695,-0.1986,0.030773
-5.1221,-0.19666,0.0461
-5.0747,-0.19471,0.05841
-5.0274,-0.19277,0.056755
-4.98,-0.19082,0.060157
-4.9326,-0.18888,0.064363
-4.8853,-0.18693,0.057166
-4.8379,-0.18499,0.05324
-4.7905,-0.18305,0.059283
-4.7432,-0.1811,0.06134
-4.6958,-0.17916,0.060762
-4.6484,-0.17721,0.057961
-4.601,-0.17527,0.044765
-4.5537,-0.17332,0.020584
-4.5063,-0.17138,0.035646
-4.4589,-0.16944,0.052712
-4.4116,-0.16749,0.061147
-4.3642,-0.16555,0.067005
-4.3168,-0.1636,0.060809
-4.2695,-0.16166,0.037593
-4.2221,-0.15972,0.022683
-4.1747,-0.15777,0.024078
-4.1273,-0.15583,0.041418
-4.08,-0.15388,0.022636
-4.0326,-0.15194,0.0042409
-3.9852,-0.14999,0.013053
-3.9379,-0.14805,0.022814
-3.8905,-0.14611,0.0053898
-3.8431,-0.14416,0.012407
-3.7958,-0.14222,0.020864
-3.7484,-0.14027,0.021682
-3.701,-0.13833,0.02473
-3.6536,-0.13638,0.020724
-3.6063,-0.13444,-0.0027251
-3.5589,-0.1325,-0.023537
-3.5115,-0.13055,-0.023898
-3.4642,-0.12861,-0.012498
-3.4168,-0.12666,-0.0001049
-3.3694,-0.12472,0.015973
-3.3221,-0.12278,0.0049487
-3.2747,-0.12083,-0.0067102
-3.2273,-0.11889,0.006466
-3.1799,-0.11694,0.021984
-3.1326,-0.115,0.0029379
-3.0852,-0.11305,0.0085143
-3.0378,-0.11111,-0.0052251
-2.9905,-0.10917,-0.014777
-2.9431,-0.10722,-0.016838
-2.8957,-0.10528,0.0074277
-2.8484,-0.10333,0.016256
-2.801,-0.10139,-0.00014929
-2.7536,-0.099445,-0.020246
-2.7062,-0.0975,-0.018495
-2.6589,-0.095556,-0.010811
-2.6115,-0.093612,-0.014306
-2.5641,-0.091668,0.0050363
-2.5168,-0.089724,0.018613
-2.4694,-0.087779,0.010338
-2.422,-0.085835,-0.0037654
-2.3747,-0.083891,-0.023797
-2.3273,-0.081947,-0.018505
-2.2799,-0.080002,-0.01541
-2.2325,-0.078058,0.0072802
-2.1852,-0.076114,0.020444
-2.1378,-0.07417,0.017232
-2.0904,-0.072226,0.00736
-2.0431,-0.070281,-0.003061
-1.9957,-0.068337,-0.020838
-1.9483,-0.066393,-0.012041
-1.901,-0.064449,0.02111
-1.8536,-0.062504,-0.0011963
-1.8062,-0.06056,0.00044015
-1.7588,-0.058616,-0.01858
-1.7115,-0.056672,0.0069979
-1.6641,-0.054728,0.022835
-1.6167,-0.052783,0.022024
-1.5694,-0.050839,0.0193
-1.522,-0.048895,0.0097277
-1.4746,-0.046951,-0.0032617
-1.4272,-0.045007,-0.015087
-1.3799,-0.043062,-0.0164
-1.3325,-0.041118,-0.020927
-1.2851,-0.039174,-0.017569
-1.2378,-0.03723,-0.025859
-1.1904,-0.035285,-0.0099782
-1.143,-0.033341,0.0067579
-1.0957,-0.031397,0.00014879
-1.0483,-0.029453,0.014579
-1.0009,-0.027509,0.023946
-0.95355,-0.025564,0.015652
-0.90618,-0.02362,0.022621
-0.85881,-0.021676,0.016858
-0.81144,-0.019732,0.012625
-0.76407,-0.017788,0.0076864
-0.7167,-0.015843,0.016801
-0.66933,-0.013899,0.034699
-0.62196,-0.011955,0.018084
-0.57459,-0.010011,0.015954
-0.52722,-0.0080664,0.01212
-0.47985,-0.0061222,0.011295
-0.43248,-0.004178,0.0093012
-0.38511,-0.0022338,0.015732
-0.33774,-0.00028956,0.012604
-0.29037,0.0016547,0.027946
-0.243,0.0035989,0.016157
-0.19563,0.0055431,0.010811
-0.14826,0.0074873,0.0048592
-0.10089,0.0094315,0.0013724
