,x,y,theta
0,9.555090909617704,7.908571728312942,2.2390149722886696
1,9.519527598941659,7.963009281169724,2.2661699753001585
2,9.483437642532293,7.994741755162181,2.2913630215596044
3,9.466030902954596,8.00216947868404,2.302011805412972
4,9.418771595782315,8.04698839207045,2.31570787893609
5,9.38297006167478,8.11271279568991,2.3303488257545446
6,9.377451116410034,8.127789059869256,2.336979785472039
7,9.335296598918976,8.150351575433975,2.3414536227982867
8,9.320540288091626,8.152023424851985,2.3421733989635545
9,9.31481462848248,8.15787601544031,2.343839689217029
10,9.285404921400765,8.160495987911606,2.3410553224138777
11,9.230275371193448,8.211725994485223,2.3581753854525913
12,9.158118727473761,8.276213126040862,2.3678946783528527
13,9.112654174415686,8.32663040223589,2.380471500878382
14,9.091604323775636,8.356812649043,2.3879559125279943
15,9.046979977799499,8.382611714873468,2.394072099567154
16,8.967801937034451,8.404889627188625,2.4262110313211753
17,8.895450162366199,8.426372997153674,2.432701951396501
18,8.832258133969868,8.466397364127443,2.4523010434548738
19,8.812141829341753,8.462739670291345,2.480176120190226
20,8.790021503185192,8.458661477717436,2.4782507124774416
21,8.759440093659027,8.471705325024288,2.5075075133081928
22,8.710767617518792,8.508505178786134,2.549887318543819
23,8.651479192340043,8.54828451326061,2.5780448918329526
24,8.618232286602222,8.581472041055031,2.6161099032492134
25,8.576445278781064,8.608673272074553,2.624774816067541
26,8.554465204557642,8.62046548420631,2.6308981726065688
27,8.505819886981003,8.62217588263944,2.638481496296641
28,8.449418935227278,8.631169445378235,2.6504497043976
29,8.394204592155777,8.656685266906978,2.681053319126926
30,8.335786540026875,8.646773356531952,2.7127217939549744
31,8.298922316642605,8.656039642208409,2.7234302706948963
32,8.24327855263477,8.703196062601927,2.750828519696785
33,8.18102829934738,8.735232404593235,2.75300554701389
34,8.146915665895307,8.740410662450916,2.747318491299927
35,8.071908044290872,8.779028296982007,2.7800233121267506
36,8.040265967554868,8.770759859100812,2.790597356856924
37,8.009933511810184,8.779818723695753,2.804947312457042
38,7.966625165339666,8.79546187865201,2.811437676323448
39,7.8920232822528975,8.820879993802246,2.8311217319019075
40,7.819071868418803,8.83656655466238,2.847698076607855
41,7.761811428604163,8.837591343202677,2.8667551382682723
42,7.729226384497776,8.834475874952886,2.8772010570348456
43,7.710392761356343,8.830778296225073,2.877718866438421
44,7.6816958015076136,8.832282335929001,2.8797466070068736
45,7.611792731480555,8.865488091235177,2.9032919921526297
46,7.520598726437629,8.869816070927623,2.9183809361265687
47,7.47631710260709,8.87485219116409,2.9411437317991473
48,7.430134459867161,8.876112169176823,2.9404987894496712
49,7.392241369306543,8.889051166754962,2.9270070285359733
50,7.321946921957239,8.890035841800144,2.9474663048113903
51,7.257547651146101,8.909967674996773,2.97001799996932
52,7.2122862926431965,8.924787739671018,2.991170180335677
53,7.190412892134541,8.93600673083474,2.9952680050149314
54,7.150207564637865,8.931405114599821,3.0046753727157554
55,7.084234204087646,8.92525247814773,3.0186399345165493
56,7.027409892607854,8.916084589210572,3.0282425373600574
57,6.945798393733385,8.91207588882736,3.0295696849377527
58,6.8968082319019945,8.917123886838189,3.015737687193084
59,6.87197331049281,8.921021390161428,3.015633032156733
60,6.815427992593436,8.926126339255061,2.9993572363526666
61,6.748886043232972,8.93334638894149,3.011895609602716
62,6.686682374891908,8.943698601050974,2.9989465459637152
63,6.584586323895373,8.954911600425971,3.014282095310577
64,6.473988164231051,8.952435541239673,3.031580641676328
65,6.4322918779578435,8.968285539644619,3.046562371552884
66,6.390687102296903,8.998437573159656,3.0685821905161017
67,6.374116933142476,9.019271661055177,3.0748267037632235
68,6.337482492354804,9.00788696559742,3.082112412658988
69,6.2678305088666155,9.024647190302366,3.0759344536527187
70,6.207281582971938,9.042224996782364,3.0755997471992003
71,6.164154611959332,9.053006193116598,3.0634771501852938
72,6.114804111018523,9.066056427033043,3.067230087884393
73,6.0779791565505485,9.071017697288426,3.076963704536961
74,5.978963954605368,9.075669426669911,3.066753313521662
75,5.932371857385142,9.09027987875972,3.076914366920645
76,5.824287551721104,9.077343653698343,3.089046993317474
77,5.8046442556248765,9.086468402696843,3.080330140763292
78,5.776046579704945,9.09376809072996,3.0821602415814358
79,5.7292056446029775,9.10317142961949,3.068561835837602
80,5.653870617552095,9.120175835150837,3.0770221020698627
81,5.605212897146517,9.125599494848592,3.0792176411381997
82,5.565802285757327,9.108022516368454,3.0873525779597943
83,5.569892361310966,9.08653004705245,3.102645687623862
84,5.572415952984457,9.05041168135758,3.088604356246232
85,5.491867161328081,9.049325336664205,3.097755905022136
86,5.44196064262112,9.040204552049667,3.1063179780648205
87,5.349073459190085,9.037903712759812,3.1199713888502862
88,5.322108957919789,9.0328343461904,3.105815307853829
89,5.271591634191745,9.038887562599964,3.0946272991359147
90,5.175690528674831,9.046952555745904,3.0958520046784783
91,5.128757968020396,9.03971674682652,3.0914047200835095
92,5.052968076608138,9.04412007633354,3.0942663433884614
93,4.993846763415232,9.038170206456691,3.105847943166514
94,4.900971016342556,9.038220370755969,3.118711874429264
95,4.809406784720571,9.050260817068807,3.1324760073571087
96,4.730262763937502,9.072591227066235,3.1398109379383654
97,4.65672203754843,9.056584466013593,3.113247817953972
98,4.619855840061825,9.047629138726702,3.122018928641095
99,4.559633224389956,9.04330829454522,3.1212342117120104
100,4.494105476892861,9.07118021127681,-3.140850092067359
101,4.403287328794408,9.07650494352665,-3.125479402786911
102,4.293656901464765,9.09596619328015,-3.13427685834963
103,4.266274651259608,9.081156886296942,3.1197844487873723
104,4.249905807907733,9.070291134069427,3.1167875531936313
105,4.215742988992432,9.077059082958309,3.1051113588023482
106,4.152019719669194,9.080323387564377,3.110609518519323
107,4.040201947805557,9.08403287105281,3.1123984166553362
108,3.9951144588283283,9.073183388139181,3.1083754334828764
109,3.9545964105999487,9.06302181780746,3.108177203449752
110,3.946679635237104,9.05958417560348,3.123194877915093
111,3.88820282499617,9.058488091927956,3.1035504101449116
112,3.8174850128049487,9.053519347680565,3.1141334438658688
113,3.733815945732924,9.063942126567763,3.1321438768349874
114,3.6979717702139587,9.059181269245391,3.1146002523301024
115,3.6544519312688313,9.055986964823674,3.114427743909624
116,3.613521752171679,9.067576208902434,3.1286657563948626
117,3.5157646849743434,9.09292938141135,-3.136409582142673
118,3.4298853493783446,9.11082954436725,-3.127378428609671
119,3.4288279961577715,9.09546822982894,-3.123727827801013
120,3.371708033439164,9.107483591940921,-3.1332192953027893
121,3.34966508491366,9.093269582536518,3.1254589527062353
122,3.271189763452827,9.078968247659608,3.1202427775101724
123,3.2250747043694425,9.081322721622437,3.101119088396542
124,3.141375711864577,9.077186838379081,3.1044213567123076
125,3.0573735665702424,9.069423040918071,3.115398700410512
126,2.9832658764101048,9.08320055353791,3.129247245265453
127,2.969464942932231,9.10604676288118,-3.135556781586059
128,2.938995829498172,9.121238695676878,-3.130398842992018
129,2.8849442017053772,9.133778182416862,-3.1263250270693077
130,2.7936347716850736,9.118470805857667,-3.121548625387567
131,2.6508020666937817,9.094934701007489,-3.116119646770753
132,2.5671037411163486,9.111845082271458,-3.1333642471770404
133,2.499184051636261,9.106355919704896,3.129702869948902
134,2.395727375769808,9.090763832494627,3.106280774044231
135,2.3587411695944613,9.076598975917948,3.1118885211974088
136,2.3000355420892924,9.071540098265428,3.1090078119931195
137,2.2518551594146996,9.065134474571234,3.118167145468838
138,2.1369553899662614,9.067459904017015,3.1038307020747182
139,2.1302560442710385,9.072896555902664,3.102607312483508
140,2.057411828376019,9.071151068498919,3.1134077082226876
141,2.007376470392035,9.08378117434278,3.1342215226105057
142,1.9630784873267937,9.101440105504238,3.1366336701789
143,1.8733709034462982,9.115819075501559,-3.1273748562953316
144,1.794832100571853,9.12646123830036,-3.1405080806644166
145,1.7812013228054608,9.109196087131856,3.1174358709311583
146,1.743892450956955,9.105163753338315,3.126669306530379
147,1.7214251938748655,9.101420515372256,3.1261533975132187
148,1.6707009797703,9.086832928891791,3.108214793487091
149,1.5708784139785354,9.081348788707883,3.089677033491659
150,1.490824496208391,9.089409475101784,3.0955436836422243
151,1.4725872620040523,9.097524159604221,3.0998359454203874
152,1.3709550918562292,9.095243415376277,3.1042553447182377
153,1.2690625340124073,9.10063960395308,3.1253149850084596
154,1.1489044295979893,9.123591383487662,-3.1363631561652277
155,1.0979606551294228,9.104754574156727,-3.124544722461585
156,1.0826514338096294,9.115228556925716,-3.1338144314977736
157,1.0475377119107543,9.125347750021298,3.140360692608018
158,0.947818482840403,9.13915542814564,-3.1392525814558447
159,0.907832655743462,9.149815006668819,-3.127968236662671
160,0.8317299441072284,9.118656083127412,-3.1200343583532315
161,0.7755810243939095,9.104994877479125,-3.123692950330394
162,0.7257347277148262,9.085730874657465,-3.113636638058674
163,0.6552459881841981,9.084715547562913,-3.129608695630644
164,0.5781312825175582,9.100153373018767,-3.1372365943196527
165,0.5617415372691684,9.11961349511626,-3.1333131314702807
166,0.5349491638172537,9.136782426703412,-3.130527675592694
167,0.45607566242229247,9.135811412983989,3.1349546416621545
168,0.3828084859673478,9.147317272361807,-3.129034513908309
169,0.2907848723215698,9.153444217275892,-3.1394155174129748
170,0.2454184460165955,9.153824061575236,-3.1251918383340644
171,0.19263988392331238,9.13094841914794,-3.115867828350524
172,0.06690813447679082,9.119967926803668,-3.121097912637343
173,0.03958284217103853,9.123377640640527,-3.128147241204209
174,0.019843068531851683,9.138264267706077,-3.1325846215949977
175,-0.0029787669777095005,9.147228775802567,-3.1305696687761277
176,-0.06765937188813224,9.158486631768534,-3.1379163961621495
177,-0.15604817145584776,9.130979574861074,3.121778062432204
178,-0.25763922320008625,9.10309510410266,3.115299093808806
179,-0.2732409333134213,9.093572289747476,3.1041960159282787
180,-0.3449727661036417,9.104414471534264,3.135682271673344
181,-0.3984543550994907,9.11473874826625,3.1374772994240305
182,-0.4961187642570048,9.13172620206911,3.1394437041887406
183,-0.558702255630698,9.130110676043216,3.1299678971678584
184,-0.6100919137793084,9.105040703005269,3.110219437666483
185,-0.6471042872923091,9.109101823305767,3.111066172451556
186,-0.6829551118082248,9.110534092425766,3.1118124260627265
187,-0.7450446734155051,9.113077480563962,3.1015637644173846
188,-0.8097127196770213,9.099064127040434,3.088301691492498
189,-0.9177379745206895,9.08401217882779,3.0828351227919017
190,-1.0281309106064818,9.118156853292751,3.135423178269791
191,-1.1003261727825324,9.109481119519657,-3.125197667790573
192,-1.1901043248314453,9.12484095833108,-3.130043350791428
193,-1.2587263833061129,9.139214165729934,-3.1309558787629257
194,-1.2863817690832235,9.140989013800466,-3.126750748146377
195,-1.3450099365291248,9.147121850806574,-3.125535578722984
196,-1.4099780591398696,9.156802141707923,-3.1317039089760823
197,-1.4873043213987434,9.166632031682333,-3.1339149100264767
198,-1.5407821171672371,9.17890623888672,-3.129159693385676
199,-1.5701214596982305,9.1836127988672,-3.128075229294755
200,-1.6293755431080235,9.1920950424537,-3.125097831923164
201,-1.6713067405868156,9.19029532653187,-3.1268285768918576
202,-1.7448674332580723,9.176733814409854,-3.1216970985729326
203,-1.8276361648718962,9.161920245730911,-3.1216811771491355
204,-1.8515090498156617,9.155731529803216,-3.123389848104847
205,-1.9086426413238422,9.140916708638514,-3.1217310047812057
206,-1.950164327454225,9.135154884036671,-3.1252466633623817
207,-2.0171796742109382,9.133817043649174,-3.1256298543317484
208,-2.0841384524879234,9.115703788962229,-3.1104346086539665
209,-2.17928160926881,9.120401218676491,-3.0945791693936973
210,-2.2074831235129384,9.098142654982734,-3.1220274034694886
211,-2.2568008573849743,9.093951414521024,-3.1297427680007464
212,-2.256780768938655,9.09293196850606,-3.128582116787388
213,-2.318910072410151,9.095036289806856,-3.0995421002966412
214,-2.396022347540528,9.076189950533019,-3.1229114526264072
215,-2.4365875406585635,9.100813294374827,-3.1343264937692235
216,-2.476389700151494,9.11770214198597,-3.1373436737421785
217,-2.4737419295480594,9.11576099556495,3.12547343893984
218,-2.53234870201801,9.111105539224544,3.124945743527767
219,-2.6047006553661034,9.111487367898118,3.1290895827066794
220,-2.6998629384736685,9.113256215768432,3.1295998782779946
221,-2.765811710852374,9.126686088318342,-3.131267448405629
222,-2.8047169494546336,9.13510783020934,3.1358000564379878
223,-2.8394012598703497,9.12325557149587,3.128722761317046
224,-2.905967219539745,9.104864459227441,3.1219835875600324
225,-2.985108719911593,9.129199817530612,-3.1350097229119402
226,-3.032808542905309,9.143369987573,-3.128349948403802
227,-3.0934676234822547,9.139584647720037,-3.123963856733096
228,-3.159246889422095,9.127133598224196,-3.1213138565149032
229,-3.1950759712035897,9.10494545285588,-3.1196505117782207
230,-3.253871126900723,9.097146279515389,-3.125897278677411
231,-3.3425201917009852,9.08705458836898,-3.126084938814021
232,-3.4283143967949137,9.071319846521712,-3.125259328927446
233,-3.4888688858267476,9.061666142507939,-3.1283445862428314
234,-3.5862189737890824,9.042057189406965,-3.1260385349747444
235,-3.608343413830376,9.0412685232316,-3.132317362604089
236,-3.6655953433537074,9.044129433573557,-3.13176438753925
237,-3.743171481267771,9.028133357189681,-3.128351078927851
238,-3.8031243935134067,9.011343945180213,-3.131077813197533
239,-3.8548271779822474,9.005592277053438,-3.1330258757074394
240,-3.876775269441391,9.005960360865084,-3.1227251863988132
241,-3.9087146803732624,9.00913945062386,-3.122335525404462
242,-3.94940983934846,9.017084240557853,-3.119335870299998
243,-4.028917219071941,9.024195497047558,-3.115275600985353
244,-4.11472223000453,9.062199985634768,3.1305474379870772
245,-4.136447520852538,9.095035883433498,3.141430637372645
246,-4.1598607630144695,9.121596124232253,-3.1305562394697404
247,-4.201959971819358,9.121220237741467,-3.1236407916407103
248,-4.226212590035716,9.116592390735157,-3.12222624914293
249,-4.274447776438449,9.10626970657776,-3.119376255377741
250,-4.339730630106251,9.097503363749343,-3.1209846373864036
251,-4.367519272375499,9.09679193584751,-3.1256657871504387
252,-4.368854970550785,9.102444625342077,-3.1239466997103578
253,-4.38582615982925,9.104067538337283,-3.1248453816110806
254,-4.432868926702229,9.10505401030884,-3.124817741994784
255,-4.4388659387995775,9.10764051573836,-3.1243415795439855
256,-4.466921448766817,9.11702919444559,-3.1263679302601837
257,-4.498242984643284,9.122184638016401,-3.125797997157358
258,-4.559201878862274,9.12103117577162,-3.1232860039709607
259,-4.600589776638304,9.128060825584116,-3.124290592334421
260,-4.592661508811469,9.132881055079377,-3.127184480282207
261,-4.673211360063981,9.132909837867619,-3.136180593526172
262,-4.7242346133275195,9.126257475974365,3.1317005568291303
263,-4.741220011187742,9.112962472116955,3.1361019846883837
264,-4.784684436855871,9.10334408462771,3.126206767419672
265,-4.832971760213124,9.09905449461295,3.124954286992803
266,-4.9293191528667615,9.099902581320098,3.121461653494071
267,-5.028118842340493,9.103353611030162,3.1200128295300806
268,-5.095341314594494,9.112971381830203,3.120627680038955
269,-5.180893823257703,9.124173856137393,3.120759029284105
270,-5.239866225097963,9.133041782426115,3.124602727912135
271,-5.315933762954828,9.135134933112953,3.126472779076255
272,-5.398095370355846,9.142116356805726,3.1342340813063667
273,-5.428549808204383,9.139930266352668,3.1330551820506716
274,-5.459269862089155,9.134450451146925,3.1342277895206467
275,-5.485389417044401,9.132327164636227,3.13391855457365
276,-5.557898605289739,9.129336039034467,3.134977222530306
277,-5.636411859593773,9.127789502803324,3.1380867953051292
278,-5.666684270918798,9.127222789520475,3.136920170151354
279,-5.691916335897889,9.1213536364287,3.135639430101976
280,-5.7160781379099355,9.117836186970354,3.13526499021947
281,-5.773735057343499,9.11667214107742,3.139893795568152
282,-5.848672982611531,9.116840067452015,-3.140210032780683
283,-5.9186063809409175,9.1233431524977,-3.1308808159054076
284,-5.991464606840036,9.13052106095474,-3.1247394628306044
285,-6.044040428245445,9.122810233277631,-3.1257142676042218
286,-6.081977167621751,9.115630752979957,-3.125371768150196
287,-6.117356050192015,9.113949146263082,-3.126903108438836
288,-6.191360641335937,9.115188116421827,-3.1265345633017874
289,-6.255775280853889,9.121405038185216,-3.129113576253087
290,-6.290726767667425,9.117338169240053,3.129228333404297
291,-6.330503666226819,9.115405342152421,3.1272707244564457
292,-6.3715011087157105,9.113178320893633,3.1271234350919044
293,-6.448973372390864,9.10587319612688,3.123690794613825
294,-6.516172960791928,9.110779805999254,3.1238919853780316
295,-6.568666126506971,9.104819306060131,3.12581333229669
296,-6.600289939797607,9.096381965049897,3.1228133277442107
297,-6.636394593118996,9.090376576803122,3.12027873656061
298,-6.66767891989261,9.085736378148244,3.11864315207009
299,-6.739183829152868,9.085926158627146,3.117662506738927
300,-6.8253240385083025,9.084321824447,3.113999564353415
301,-6.906868621640851,9.079736683671666,3.11932017874577
302,-6.9786306640262055,9.074918212052298,3.1198129319738253
303,-7.023858552830412,9.068746632221371,3.1286803127929885
304,-7.0622174779080735,9.067770659248172,3.1256033829165193
305,-7.10199544293938,9.079914350501987,3.1373323607726187
306,-7.177103533024446,9.094169594558297,-3.13311217606519
307,-7.26657730418267,9.085946654417683,-3.120743077054228
308,-7.317131392154775,9.090135301233566,-3.1203746327100905
309,-7.362747903660957,9.082071611883737,-3.1144529789390316
310,-7.412212871497145,9.091637180302122,-3.1093437806387167
311,-7.488731749056957,9.091189263663562,-3.111163946593118
312,-7.550294668009417,9.105454451931054,-3.127707486173315
313,-7.588725229992114,9.123356029367667,-3.1168790966670277
314,-7.665314474016459,9.11837308296995,-3.1038602551836867
315,-7.743231030939501,9.10947909944701,-3.1043020235341214
316,-7.8092836731503095,9.104411718420646,-3.0991604670734136
317,-7.874201786817409,9.098061163205932,-3.096909073389079
318,-7.938295003223822,9.08899974245788,-3.095613979567782
319,-7.978530673405416,9.084453771890573,-3.095252213493119
320,-8.010593771317854,9.074515316862177,-3.0947338734857146
321,-8.052503917712215,9.068378104964738,-3.093776849870881
322,-8.134757241020425,9.081962652636827,-3.104061359680833
323,-8.203095249465528,9.080985270459886,-3.1363344477308623
324,-8.241536697012869,9.079076743031644,-3.130732521834364
325,-8.2983527246086,9.07965193427359,-3.127805983590648
326,-8.348475535945841,9.080961701254179,-3.1227255356457073
327,-8.42051197318124,9.08290610861791,-3.1220457779357726
328,-8.525041513144943,9.088211874073968,-3.1048266497668946
329,-8.62211347733127,9.084628698930278,-3.102685590790988
330,-8.681383995169556,9.088027442188425,-3.0972815243457634
331,-8.761452186897312,9.095986814794877,-3.113067986751148
332,-8.7988745884124,9.085810374019037,3.138848087803653
333,-8.87172423215285,9.10424871366649,-3.124805301907591
334,-8.89849729485948,9.112844316077137,-3.117288948749288
335,-8.924822287303419,9.119825934820875,-3.1153674857574676
336,-8.954203468394429,9.121203632140576,-3.108809971812548
337,-9.022795023743608,9.117772747104178,-3.1059188030278975
338,-9.08620360791272,9.116247877346593,-3.103370366828511
339,-9.112301445507242,9.114715803411562,-3.1051541184812392
340,-9.143203477830522,9.110402756029904,-3.1014885110776502
341,-9.172525725258286,9.10833926341641,-3.1038325325028024
342,-9.240656291134556,9.10210201111425,-3.1020018177801547
343,-9.287780888769856,9.09791075539811,-3.1011207057849233
344,-9.379495375764305,9.096600170969799,-3.1116528786658417
345,-9.409528656745518,9.091664076728012,-3.087572121099447
346,-9.463659902480133,9.084435662657844,-3.1085123608987955
347,-9.503377731062045,9.079498069613557,-3.110465932966638
348,-9.587887636889073,9.078960472625518,-3.115441411999991
349,-9.671171079459322,9.076016218046654,-3.1311108483111885
350,-9.74611053858998,9.079273120336573,-3.1305711384643
351,-9.78464048436165,9.07861129772325,-3.1320258920060415
352,-9.814428163786944,9.07628176771562,-3.1284512351158686
353,-9.875121957128975,9.06466751063732,3.1277171904071692
354,-9.956569959588204,9.062603000838013,3.1296165787446397
355,-10.03875416492097,9.062089511576264,3.13325158214595
356,-10.08031399703049,9.063318258943642,3.133380736554659
357,-10.124426084438648,9.062774292703773,3.1351636679873223
358,-10.15224042901948,9.061437939031652,3.1383362753833217
359,-10.218905153093694,9.05932749549725,3.1386301405952
360,-10.272225721886688,9.061074490658987,-3.1411376399061592
361,-10.302710106667341,9.061525382202023,3.1398399513862922
362,-10.323236956531405,9.059254855579855,-3.1397852277837877
363,-10.347295178605249,9.05757439555675,-3.140443930848346
364,-10.418109508104642,9.056712483805594,-3.1384927546049872
365,-10.529883729640137,9.052819487259212,-3.1338965823547684
366,-10.63228601657777,9.050950278547113,-3.130794633903444
367,-10.703130060509936,9.052325475395833,-3.126464033034201
368,-10.74847007797829,9.059574840196793,-3.121704513222084
369,-10.817420053420214,9.063729538429945,-3.112111633400341
370,-10.852292293777777,9.063973404460155,-3.109080509672724
371,-10.878443387389522,9.063734901146626,-3.1066761420259446
372,-10.909733719226587,9.060196182556387,-3.108555354453672
373,-10.974324178014943,9.056806100277488,-3.101394810717922
374,-11.021494521425078,9.055798945006474,-3.1010252253316906
375,-11.065301721231727,9.055913891251084,-3.137449519688807
376,-11.094351402346753,9.059084709971641,-3.132773390815627
377,-11.132974133375956,9.05851322964345,-3.1329865366372847
378,-11.233008605901738,9.05456400473785,-3.0971192426937777
379,-11.325624576992691,9.044502423767103,-3.124277878530493
380,-11.375558801362098,9.037368594787585,-3.1331519338735663
381,-11.409471452790328,9.038617041507718,-3.129029456580723
382,-11.441369772948534,9.039483057975525,3.089604800979231
383,-11.537919919022983,9.050618937554464,3.1354883717043847
384,-11.610061483879477,9.05450311813521,-3.13792842789548
385,-11.668893436384295,9.062033154517774,-3.126232734615629
386,-11.70898002206265,9.067788786518005,3.1303738914329204
387,-11.730611537380113,9.072297847590685,3.1349186177410817
388,-11.760444767222458,9.073894769207943,3.1301422421048257
389,-11.840540331812978,9.082335101943421,3.1098778944808454
390,-11.89824001546655,9.089645788800315,3.1199343797777543
391,-11.925803876261712,9.088572958142862,-3.1257675176650364
392,-11.94587493398915,9.085723034426827,-3.1246958282192048
393,-11.985873198672529,9.075946197634735,-3.089571858597742
394,-11.982050244273974,9.07039719777109,-3.054238782047161
395,-11.977290705622835,9.068141341221182,-3.0589671397587694
396,-11.968882911772312,9.071308265735274,-3.129391940282192
397,-11.97120748891874,9.07444491433105,-3.131322035170403
398,-11.995668204244229,9.062780214715218,-3.105403725329831
399,-12.015116688087344,9.058131590843752,-3.1034277837096718
400,-12.021578065806631,9.055401242063928,-3.10419398839372
401,-12.025944015045361,9.05543855109426,-3.1019012548829825
402,-12.031238405791155,9.05649649751854,-3.100103874152826
403,-12.040509377197521,9.057196340563715,-3.0959054583169316
404,-12.067321766094866,9.048026605234847,-3.0699318770479853
405,-12.085889936437962,9.04169538020981,-3.068611843373941
406,-12.1249687093047,9.039243265487809,-3.035808875483599
407,-12.14954916049358,9.042483443783096,-3.026283427765089
408,-12.157353373786197,9.040552320178493,-3.0218233682929134
409,-12.15845290057653,9.043158401760559,-3.0220702071430994
410,-12.174756861222452,9.037548758481577,-2.999471029780784
411,-12.186028016243403,9.029606712383385,-2.995063537543999
412,-12.190843668788897,9.026708412050803,-2.9938780569537826
413,-12.195386699514223,9.029215059993364,-2.994636541003659
414,-12.197723788263348,9.029841291639402,-2.9923418350578945
415,-12.20899607656809,9.018613541247772,-2.943568912065429
416,-12.237025958188845,9.014858588210052,-2.9691975609247496
417,-12.25421907426804,9.010532638829687,-2.974717286667865
418,-12.264463168764973,9.008779834200212,-2.971393005139804
419,-12.288984487380612,8.995814937957544,-2.955960587988138
420,-12.298451121230686,8.984516826491397,-2.9589253867398795
421,-12.298704208063008,8.974804641425921,-2.962123588606036
422,-12.336250272631792,8.972564335382753,-2.9178792111383505
423,-12.334520050784576,8.959470454667027,-2.884745813184947
424,-12.331879317637423,8.950370323697834,-2.884532651844602
425,-12.329434937752461,8.943525701189786,-2.8872359109877443
426,-12.328624863174456,8.936754117483748,-2.8912896793071554
427,-12.329791543398102,8.934565571824887,-2.889055414954414
428,-12.362516223921821,8.945099891856733,-2.8918788474754624
429,-12.386825797205061,8.952421619104472,-2.892200887075548
430,-12.39441030908293,8.961422918175542,-2.8894648090234636
431,-12.415462290518132,8.958442821015774,-2.872399361366203
432,-12.424017403883775,8.955099912365046,-2.8752640892702632
433,-12.432593161292282,8.950179930931725,-2.8722821024515675
434,-12.4584035460662,8.940446334118276,-2.8593939265137385
435,-12.468923845499694,8.932714835125275,-2.8598532455898122
436,-12.488402297863042,8.931090987465076,-2.8177184174799397
437,-12.49376045433337,8.909529070654672,-2.79257315135348
438,-12.493126805145245,8.893066169208495,-2.794700044335111
439,-12.510834630178534,8.880835393212415,-2.77778404620258
440,-12.514574837900547,8.872706188339727,-2.775415341521327
441,-12.515982604494182,8.866641696304242,-2.7779191731246695
442,-12.515465669748451,8.85828559526727,-2.7812237019015003
443,-12.537231885501123,8.857760086188026,-2.7992777229284656
444,-12.544497853899509,8.86219186043694,-2.798825438177648
445,-12.549018855845354,8.858102884428629,-2.8017586359418076
446,-12.555787044725458,8.854074988331027,-2.805466636306089
447,-12.571190552820669,8.842701111818084,-2.7984952922187816
448,-12.575785975781159,8.835227467867131,-2.7960622677151594
449,-12.577690413938303,8.828624187103014,-2.794857328895678
450,-12.597079346886417,8.815995144026404,-2.7937558451865208
451,-12.616832436714141,8.804194814527692,-2.77223349663001
452,-12.64343992339325,8.800747243655197,-2.7506491063620526
453,-12.633686510251,8.78202319581477,-2.733940444896156
454,-12.648198917881428,8.772235873117058,-2.724956728480487
455,-12.655375284072687,8.75408614308289,-2.7271846891634475
456,-12.660777460840743,8.740142219069963,-2.705611541040302
457,-12.679387565239674,8.724199490324718,-2.6982187998083362
458,-12.682206473085408,8.712250346289698,-2.6977632125240363
459,-12.686253884574464,8.718817053631648,-2.693610885903296
460,-12.68836457734039,8.720639321655218,-2.6929086589228257
461,-12.69179845034381,8.731007168349125,-2.6854267413231945
462,-12.720411270277616,8.739425148654492,-2.6583331270470314
463,-12.73653262578576,8.725924411574583,-2.650802507594715
464,-12.748185106227586,8.702370415345172,-2.6311092115869927
465,-12.766704304231215,8.695942421361408,-2.621941189651205
466,-12.776617090868124,8.68887578642664,-2.6106854597225673
467,-12.781681088355873,8.684906777230536,-2.6120128263717937
468,-12.804260730225161,8.667332525352014,-2.590380656281158
469,-12.801466873105383,8.665043388620344,-2.5821779955128887
470,-12.810956623073395,8.64492621963335,-2.5529192603177946
471,-12.814692420269948,8.633408906649876,-2.5524373901192217
472,-12.822052665670341,8.624869507958545,-2.569621304261243
473,-12.827512875386235,8.612951191450609,-2.566981983621268
474,-12.867053283736592,8.589035521639744,-2.542408418661239
475,-12.904704676780138,8.580693190020039,-2.5114111844782023
476,-12.907017412265365,8.566836456256649,-2.5091696051247556
477,-12.913794876650982,8.54407123409238,-2.4562457287572625
478,-12.924832879736458,8.512691576371633,-2.448993437093587
479,-12.919850071462813,8.500262508429822,-2.438059531576741
480,-12.919932211960106,8.497652220499997,-2.43705869408157
481,-12.922105430273689,8.498444735501328,-2.438464554896999
482,-12.935962738652348,8.482813485385511,-2.436769189614335
483,-12.978427139603214,8.447634893994117,-2.420422923803307
484,-13.039801146199949,8.405043807332914,-2.3860398447648903
485,-13.042325450478204,8.364504898935513,-2.3600498286825835
486,-13.049131434193741,8.341446133195774,-2.355249350094007
487,-13.062516412981884,8.315533334578673,-2.3593540752234268
488,-13.068414046698555,8.289672035009797,-2.3584683888232836
489,-13.103187612520152,8.235289788804742,-2.356156176401539
490,-13.132969804259268,8.18458813739287,-2.3522801320299216
491,-13.175382417001037,8.149910961379625,-2.3451566962729165
492,-13.240543045249275,8.131356532336493,-2.3243399974824284
493,-13.262307177012483,8.118483808916226,-2.322277438794958
494,-13.274993610779283,8.10833505721133,-2.315094986840398
495,-13.294391076678883,8.069728608566384,-2.3133137752331545
496,-13.317153027529317,8.028707812045344,-2.3145166489322886
497,-13.341203147461147,7.999087113617099,-2.3047263909180677
498,-13.357962032811203,7.971229005825934,-2.302405268511895
499,-13.394594164970618,7.946472949321846,-2.275837685998719
500,-13.398745614522218,7.885901180474608,-2.2370680316616576
501,-13.426953747042775,7.822169128387009,-2.215194435232725
502,-13.464182986234603,7.7786586665969075,-2.1835353279100214
503,-13.482762546875556,7.746216425462998,-2.1820747565637117
504,-13.510615151449148,7.703452305639609,-2.1593899742746143
505,-13.53537972748604,7.638359333780101,-2.1561557344707967
506,-13.532184282069611,7.592035978984249,-2.1471764158963134
507,-13.554430514578526,7.532274595979383,-2.128193873852085
508,-13.615425183200921,7.5064593694237,-2.0903577283746837
509,-13.63035550166985,7.48389728183346,-2.0896826998811258
510,-13.616287103517081,7.433519203292916,-2.062200887007514
511,-13.614152495315558,7.368460030080613,-2.0554609429153374
512,-13.651748029510895,7.323758958887296,-2.008829390275386
513,-13.659469848272007,7.258999256256461,-2.0031946747191944
514,-13.659424304450248,7.220152947854948,-2.0045416625115866
515,-13.657577259587653,7.185217819537008,-2.0039921682648654
516,-13.674770038638274,7.118205198883106,-1.9953142432235447
517,-13.724969257252136,7.042942492981805,-1.9782332716467417
518,-13.76734422275751,7.0005961973105455,-1.9611082551738621
519,-13.779096520355985,6.971990104999953,-1.9576611766533927
520,-13.792581969183114,6.942452508210813,-1.9484493971538241
521,-13.817519249751237,6.864964194787132,-1.9605280417630362
522,-13.83159913865239,6.782000779392726,-1.92709934539281
523,-13.80668722150789,6.74543947980081,-1.901035392849401
524,-13.815994389539917,6.716792708452277,-1.866107336488356
525,-13.821671756439315,6.680683852716628,-1.8627389208726275
526,-13.849251079320256,6.656779991868172,-1.8484170252753338
527,-13.860134563879527,6.613767421216312,-1.8420656842095344
528,-13.865664769390957,6.565555229944835,-1.841073262354943
529,-13.856913065665177,6.511928525187039,-1.8505291070074208
530,-13.868112404109477,6.491339903368205,-1.8621968128671587
531,-13.879810515153569,6.4730610200890215,-1.8604908148780699
532,-13.869515564172922,6.454999382834354,-1.842960299289628
533,-13.870949612316915,6.400274040573381,-1.8132440626865498
534,-13.88811934348055,6.356695547441791,-1.7925486664121464
535,-13.890538394462263,6.331995207039321,-1.7773107818549412
536,-13.861136230929196,6.294520457818657,-1.763909364426382
537,-13.84999446652933,6.260642017307412,-1.76851321387707
538,-13.87242077727309,6.250139464781477,-1.7777116785064042
539,-13.855160496034568,6.215721567145588,-1.7670706740200732
540,-13.873827514186287,6.183798863589824,-1.7481140870632093
541,-13.928416295155948,6.144904879575733,-1.7132645637192083
542,-13.91869271653621,6.116711159566123,-1.6886347341833248
543,-13.906120980917388,6.101102275143021,-1.6935897113771137
544,-13.885719260195897,6.091819229675352,-1.6835147597619018
545,-13.90448622500475,6.0469568794777855,-1.6508024971614135
546,-13.916051788671226,5.994326674557515,-1.6290168027387426
547,-13.902955529571496,5.952853560514303,-1.613463075450044
548,-13.855079853901072,5.9013437883953515,-1.6004933777266754
549,-13.831688108889638,5.887215161836599,-1.606252419730015
550,-13.870572689697179,5.869592427349099,-1.5760088895158748
551,-13.889045590134284,5.860453832105948,-1.5683958928052022
552,-13.890161063221685,5.830469554378284,-1.5538419373204884
553,-13.887691799581107,5.815643062568501,-1.53697817273791
554,-13.885702229454136,5.8166052989703685,-1.533117162897533
555,-13.883904020300193,5.820365354421906,-1.5336864919149609
556,-13.883373076731088,5.820731792823959,-1.535529127195255
557,-13.883371994333173,5.822413733424755,-1.534552992986733
558,-13.845516640122494,5.7987197018800245,-1.533579589918926
559,-13.823073251657956,5.77976189704294,-1.5349195444683101
560,-13.810197576001855,5.764531578413017,-1.5327553274539603
561,-13.810726105967321,5.7546479106093855,-1.5208472654031866
562,-13.802615885324888,5.734380132708725,-1.5155741893895294
563,-13.805398773138617,5.716537647018633,-1.5127557583350522
564,-13.829311669797184,5.691795709021781,-1.5005990212226268
565,-13.831979345226427,5.657567283254998,-1.4639692364678205
566,-13.83140687844644,5.633741044652788,-1.4542160351784
567,-13.792808908873837,5.616775088581437,-1.4462431581026138
568,-13.7545012768388,5.5751797073638665,-1.4420854378167456
569,-13.73976266358732,5.531370855376963,-1.4231563356436543
570,-13.710211389552247,5.505599732264377,-1.4177055210922334
571,-13.746320576489074,5.451574631635209,-1.377966351175336
572,-13.753966865826662,5.432626753201032,-1.3752426123013113
573,-13.747421274537848,5.403607662317952,-1.3510062569101484
574,-13.745449597693321,5.373584541890575,-1.329087337699486
575,-13.74861154255497,5.336698040952421,-1.329530643627653
576,-13.757980908153806,5.299181741215631,-1.3005357490781884
577,-13.69450732850794,5.253645398583561,-1.280223372714141
578,-13.627569485415215,5.199944876593872,-1.2905779904856118
579,-13.583283861114921,5.139441844884911,-1.2914414704841612
580,-13.56347085302374,5.1043546805060895,-1.2966303722614296
581,-13.552581457933737,5.069474150981246,-1.2966781434018793
582,-13.531186629042558,5.038382156083472,-1.29149633386873
583,-13.523037692659154,5.018715067861874,-1.2929261390556006
584,-13.510011877425875,4.978644275712928,-1.297686301260812
585,-13.497796832547706,4.928827315530656,-1.2923545811910953
586,-13.52242309174831,4.878063135331512,-1.2718940454971766
587,-13.52577330314159,4.845393622822056,-1.263283079406348
588,-13.500625123912874,4.805358961208886,-1.2615267354523927
589,-13.487002744665624,4.77667830221797,-1.2652279638555737
590,-13.463217041443684,4.717418763034785,-1.2604929550028763
591,-13.433391046489488,4.655786493876883,-1.2601143305356994
592,-13.432359597022769,4.602780812638558,-1.2439633322409474
593,-13.445128716714922,4.574755838425418,-1.2279648697094774
594,-13.40879889012199,4.536547012479626,-1.2491638117430033
595,-13.38948683499863,4.505647796728098,-1.2559111327007444
596,-13.355456070790568,4.441169130122632,-1.2739173627408058
597,-13.36624245000613,4.385872307659873,-1.2922196840983635
598,-13.40795946787612,4.351539587358451,-1.3033358077500607
599,-13.391449708910764,4.306950405692174,-1.3170036161007599
600,-13.38152554175776,4.279305971559819,-1.3216348416650328
601,-13.337167371675651,4.206661449566329,-1.3499878330219894
602,-13.348987225898686,4.147809256061893,-1.3582260348080006
603,-13.350917917633295,4.1204029076969615,-1.3649529412874177
604,-13.36579674018806,4.090323179778214,-1.3899289903914778
605,-13.373769785026614,4.070969482934364,-1.3879420597639263
606,-13.338575197997278,4.04204167946231,-1.4259209175612741
607,-13.356974242346778,4.0176681682446365,-1.448853073603153
608,-13.37513816711999,4.00949049052624,-1.460579141001806
609,-13.34519107848637,3.9969626957996667,-1.4989423797783108
610,-13.331854855092082,3.989700358099314,-1.5032091159919958
611,-13.359343615668362,3.971680683372078,-1.529444859665166
612,-13.374162839104281,3.951264403562715,-1.5481689186570462
613,-13.354621571856255,3.9334663919530404,-1.576200113937245
614,-13.370285981559315,3.9236280281481415,-1.6022954365409583
615,-13.394078359961727,3.9135288552743517,-1.6254474064995144
616,-13.4137689152008,3.904222817428059,-1.6214786494808966
617,-13.397710940979938,3.881909779971807,-1.6585515572246021
618,-13.401089341562411,3.858635815382915,-1.690410852929948
619,-13.429685540032686,3.8370937366439555,-1.699965977351474
620,-13.394640155902177,3.830776666294883,-1.7503929395785427
621,-13.423290847929943,3.814703375546153,-1.7687054689132247
622,-13.434902071062256,3.800025329502747,-1.7680881839957867
623,-13.43682835426725,3.7778046320966236,-1.811827631516913
624,-13.417232072358216,3.756804385497854,-1.8290918006258363
625,-13.452189423536135,3.753154901079464,-1.8476906538833986
626,-13.460152780304334,3.7386631390185694,-1.8915761438286232
627,-13.464247323219043,3.723790305419375,-1.8921641070222708
628,-13.506251220810995,3.702392015451083,-1.8983407973258466
629,-13.516300121086925,3.6789076184233003,-1.902653828918052
630,-13.501303623210585,3.6692326875125754,-1.9130148038345067
631,-13.512572990564928,3.646879783613455,-1.9340789027848746
632,-13.54215666468477,3.6208408941291244,-1.9384554499373194
633,-13.583752651234189,3.5884218595702064,-1.9404721490569483
634,-13.562625686626655,3.566907681706008,-1.9691180401544792
635,-13.56539095724491,3.5442946061933114,-1.9607156847691851
636,-13.59437816575209,3.51041137621634,-1.9487822086081867
637,-13.61416070151704,3.494453160402415,-1.944298155890227
638,-13.658802883982888,3.470403568194041,-1.932051820170931
639,-13.717024351716567,3.422829300006145,-1.9281655366078525
640,-13.718248294090545,3.384683541117481,-1.939616563555462
641,-13.730098357162278,3.3665629662838708,-1.9350304574858466
642,-13.746555042320717,3.326006094393972,-1.932569199690546
643,-13.753084978884461,3.2980746124844544,-1.9338109694991492
644,-13.752629618292302,3.2438254055331295,-1.9264960231450492
645,-13.762328063316682,3.191528297430911,-1.9204221905278342
646,-13.74583413821878,3.1578589992124697,-1.9170848689165685
647,-13.738641743231087,3.0994957732323964,-1.9313569757612103
648,-13.742211451358175,3.0605171887978884,-1.9284071824595521
649,-13.763116241834371,3.0163130397273887,-1.9299219386489865
650,-13.788206137497214,2.983095220094563,-1.9337204179019827
651,-13.798537713689736,2.90846105087901,-1.9307435866167153
652,-13.787857042166221,2.8355635572228577,-1.9301783695772938
653,-13.776721409289882,2.765727067207304,-1.9302648076459628
654,-13.79221659304503,2.7258123768959877,-1.9254516698042718
655,-13.78783851645646,2.6924904165205605,-1.9255196949346005
656,-13.820516643207425,2.6533703201978676,-1.9120339612555959
657,-13.892427572729034,2.5961892148201646,-1.900555033613704
658,-13.91798193602413,2.5420092224088804,-1.891886018729607
659,-13.901796598120864,2.5017086372332584,-1.882620282366383
660,-13.883586922077084,2.464783810240197,-1.885415713279403
661,-13.892361497388675,2.433120105687218,-1.842065364122231
662,-13.912324434642986,2.3403874025688127,-1.8434525753561235
663,-13.919320243260358,2.268003152220556,-1.8420406140621375
664,-13.936543352080456,2.1983591303979937,-1.8344605977896669
665,-13.966492053433914,2.171694337836311,-1.8210829702128382
666,-13.995084758497729,2.140546804009226,-1.8106355500476694
667,-13.987666414162002,2.1107535798963797,-1.7916456013187658
668,-13.99100896010467,2.032336131748132,-1.7626401291862233
669,-14.018372882343991,1.931838718084814,-1.7635082210537296
670,-14.018983994974967,1.8683616132818177,-1.7551789256506265
671,-14.015594916712972,1.8359652404199507,-1.7479785582990748
672,-14.053661440692224,1.8140370634842085,-1.7159495690184192
673,-14.061858285461309,1.7984157413559858,-1.7133366077940135
674,-14.026947743097475,1.7938475900403061,-1.6987550899056079
675,-14.021534921613762,1.7609594902481078,-1.7024586583713013
676,-14.020430892726605,1.7362212236710732,-1.694894123150513
677,-14.021947204001412,1.7234218671405503,-1.6888172221543123
678,-14.012550560900753,1.739048286607297,-1.6774230582416345
679,-14.011946112137196,1.7465716728206337,-1.6774603229567062
680,-14.000364543296758,1.7501899663372653,-1.6748717337757546
681,-13.99595947795754,1.719208279400802,-1.687667120342698
682,-13.99232153573335,1.6925996442895659,-1.685970596023251
683,-13.994904252912024,1.6618775833118913,-1.681343277864435
684,-14.017743812522156,1.6502037880260465,-1.6450020910587095
685,-14.037891131619034,1.6160244711401692,-1.6352987430295722
686,-14.042485285972715,1.5949986792358581,-1.6346906849568286
687,-14.050207643548097,1.5869116572614974,-1.632091744643804
688,-14.036044532571617,1.561141109906827,-1.6284573983843829
689,-14.0262739327509,1.5329949398344784,-1.620566572519817
690,-13.990964096874059,1.5195117745288782,-1.5924761346381335
691,-13.988563363213823,1.5053728590180067,-1.6001708769843426
692,-13.987463425777792,1.4950814123444245,-1.5975945404846965
693,-13.985002422730147,1.4831638102542681,-1.5974331904585932
694,-14.003353840004987,1.4642361308731036,-1.5833885156532301
695,-14.038569824550652,1.4480366548347208,-1.5593195347131572
696,-14.014878658224697,1.4427209171992965,-1.5503524070050232
697,-13.998770696944895,1.4437285668899968,-1.5448339945391276
698,-13.99383576679907,1.4158542947882813,-1.5497425307624544
699,-13.989226890830645,1.4018065803160438,-1.5520601934594587
700,-14.001427775220016,1.410089342347847,-1.5565953869658542
701,-13.996940591291352,1.4083989237695291,-1.5532736933081044
702,-13.99223278513437,1.4050836220514284,-1.5523720086906556
703,-13.989710860089854,1.4026922283736445,-1.5512260086804015
704,-13.97993527788613,1.3956115318848161,-1.5519545036208195
705,-13.979140604847274,1.3824786654285777,-1.5426722735046305
706,-13.983440097571789,1.3636162009010615,-1.5275944090004399
707,-13.969798481884727,1.348399611429179,-1.5176825681276847
708,-13.956537901159159,1.3399590629225078,-1.5196661436044567
709,-13.976027542230971,1.3211818102283652,-1.5013946147177777
710,-13.988289175051168,1.3127002033526372,-1.4852992074065026
711,-13.974318942537472,1.3078896789262464,-1.4717530795598954
712,-13.980057095199697,1.278536205981171,-1.4719371971227269
713,-13.99187296894744,1.2706340356226393,-1.4684681842555298
714,-13.988009400480749,1.267327010926527,-1.4698591766578228
715,-13.990690198316367,1.2655901019970475,-1.4682323352311024
716,-13.979995961055858,1.2559462522871272,-1.4692066380979711
717,-13.977918564129567,1.240520906900827,-1.4555353444746502
718,-13.976315433937305,1.2299365333406236,-1.4442713896405253
719,-13.972804332316207,1.2212818897147257,-1.44503532834122
720,-13.957074657763535,1.209639106683893,-1.4386713307292076
721,-13.942061192209056,1.1900300026658566,-1.4359726673089672
722,-13.945356027176114,1.181442436140969,-1.4172863072068336
723,-13.951749672814554,1.1800133435115745,-1.4001957843148924
724,-13.9661184881936,1.1664505848904003,-1.398908868535268
725,-13.979195498593635,1.1596625117596744,-1.3948506880587204
726,-13.982839150381034,1.1540291056607754,-1.4034204201626597
727,-13.976356404267197,1.1371251998684837,-1.3965002927971129
728,-13.939222347991986,1.1167030136221436,-1.3935451928379519
729,-13.923489047280107,1.107829762064892,-1.3907950028212472
730,-13.913756537161603,1.0980138028532151,-1.3920294274477834
731,-13.90419909583329,1.087421161877982,-1.3820684882483303
732,-13.889357103809639,1.0656339931182695,-1.3689904119252783
733,-13.855435338671997,1.0429019606551833,-1.3605012149322788
734,-13.860922854293806,1.0033677981183755,-1.2868338413931242
735,-13.847730515440016,0.989384705336625,-1.2846869059479205
736,-13.83796304989486,0.9799744061542219,-1.2855231682471007
737,-13.835621027347573,0.9703206758462507,-1.279602449220032
738,-13.84072366411723,0.9713224362820738,-1.2634613082316268
739,-13.853940113501238,0.9691730664774443,-1.2511394250909622
740,-13.855426291001967,0.9514413721391269,-1.2536893627552448
741,-13.848188373185964,0.9399136466919341,-1.2532236636357597
742,-13.845143414015357,0.9324301036352524,-1.2532786431755003
743,-13.832754533831427,0.9246221259776222,-1.2440375100847219
744,-13.833917631580391,0.8993894474853532,-1.2180140987192039
745,-13.830599195590375,0.8746042726194433,-1.2098487943285936
746,-13.795721227199573,0.8622517907453967,-1.2031972881178832
747,-13.77289555013929,0.8494291077949169,-1.207302195686974
748,-13.796530259507158,0.840340051062313,-1.1778894037523193
749,-13.786639910018618,0.8164146928744187,-1.147935949797875
750,-13.7787809185541,0.8012427679524391,-1.1680815266872469
751,-13.764391093576712,0.7932485580136124,-1.1577449833384288
752,-13.7575460895548,0.7917208511262316,-1.1574064607112384
753,-13.72953047222125,0.7991764084717354,-1.0955169839233585
754,-13.715832941552113,0.8012920869086941,-1.090996917022094
755,-13.712842719293803,0.7996918783205598,-1.0868619116246043
756,-13.704551096122394,0.7944757685490731,-1.0922175558559686
757,-13.706213903691973,0.7685997989982618,-1.0955658851299186
758,-13.725514067862994,0.7554800692497342,-1.0991625048259597
759,-13.72724025215874,0.7525796560219844,-1.1020597620636823
760,-13.72057567235379,0.7464213733230397,-1.1072060023694568
761,-13.71531266879634,0.7367341738897519,-1.1087727330112798
762,-13.710491706299095,0.7290656920556292,-1.0981629860703468
763,-13.691965630311714,0.7189091092083213,-1.092079178943481
764,-13.681266195351535,0.7162630999797238,-1.0913257995614105
765,-13.672391918581845,0.7087414451501216,-1.0927309027830119
766,-13.670893360537265,0.6955419745124682,-1.0615350391300702
767,-13.633105281955208,0.6703320378579729,-1.0466314374713055
768,-13.644299877078174,0.6711646221507678,-1.0735103812738378
769,-13.645242191257779,0.6677578247103182,-1.074033310584373
770,-13.61399754045819,0.6691894819507058,-1.0643475807591751
771,-13.574932789527615,0.6374986828622,-1.0481612730848087
772,-13.545899570922911,0.6130824133184559,-1.0171363218289522
773,-13.534985446696373,0.5711932682222576,-1.0023312231597112
774,-13.50390475171957,0.5291049148147826,-0.9808608082058944
775,-13.504427503953192,0.48485525822151776,-0.9759973199227212
776,-13.490418778524733,0.45562512371672437,-0.9513285264024457
777,-13.445935549711118,0.4252120865314218,-0.9360596864445949
778,-13.421052021295242,0.3911497162698438,-0.9185715541104893
779,-13.398882857883539,0.36869918449850425,-0.9160610393346729
780,-13.369157273345794,0.3223029661997733,-0.886511105934373
781,-13.360763818119953,0.30394997745515623,-0.8831286736945637
782,-13.310742055921716,0.30806721747259924,-0.8712543716198495
783,-13.27400024623185,0.2784260174070323,-0.8697806224022603
784,-13.234423392843954,0.25131513613073736,-0.8679293968411275
785,-13.211680014689733,0.20028601750583933,-0.8394157411770568
786,-13.189907847416487,0.17197466660749433,-0.8124706000182987
787,-13.190944354620827,0.14395768942357348,-0.8073691537487532
788,-13.138254497227535,0.1388387850344445,-0.7936700333681935
789,-13.074871385917527,0.08248239297394655,-0.760222535641287
790,-13.042304378713482,0.05509738887516917,-0.7333265685025332
791,-13.008636304198559,0.018616444198005535,-0.7197381565591976
792,-12.959923799333781,0.014459922525689195,-0.6998311939545324
793,-12.918407411200965,0.021240123480535077,-0.7040580744987761
794,-12.88392106073109,0.010867792783081164,-0.6946852525171886
795,-12.841496795213674,-0.024768044722755223,-0.6684854075714938
796,-12.790756284523555,-0.022184099153946694,-0.6563515044105179
797,-12.749098801731273,-0.04097942303472953,-0.6386427040318732
798,-12.710668266939688,-0.04391327473970975,-0.6228812372599192
799,-12.687548865211982,-0.042971457761580616,-0.6227210288653747
800,-12.681678139274965,-0.07804363867064938,-0.5936884135769973
801,-12.662725470454562,-0.09830526824079253,-0.5893023547562691
802,-12.640495370047034,-0.10227231270622789,-0.5732625430284427
803,-12.595861511477745,-0.10795712992781019,-0.5579894406028317
804,-12.582234358242355,-0.15283783593201564,-0.5264886672254615
805,-12.590689444001676,-0.18281058145148055,-0.5167813762364263
806,-12.542586343178856,-0.15801914683982107,-0.5000530167583287
807,-12.505295437101104,-0.18857663168254463,-0.4748547712760048
808,-12.429699615624738,-0.18301617843305107,-0.4681053717835229
809,-12.384212030744662,-0.2134532432609703,-0.43828776952075665
810,-12.344328128851513,-0.21533287009489202,-0.4134359873296706
811,-12.311569479509854,-0.19972955795705252,-0.4207635642544604
812,-12.278247976733,-0.2109452322925914,-0.39551623159392457
813,-12.185845976770885,-0.21108881427792348,-0.39890361483655246
814,-12.13665892512969,-0.2352324132765195,-0.36100749851672753
815,-12.085408945165353,-0.26041223259096297,-0.3308118637517723
816,-12.065548745077294,-0.27324263150299594,-0.33287304615928487
817,-12.062454697518488,-0.28409759714117644,-0.33011823531378265
818,-12.03549202092007,-0.30743108775362665,-0.32082714836667164
819,-11.989028942083129,-0.305679375757689,-0.31099184984407585
820,-11.922852286353066,-0.3120468355781664,-0.285191955680878
821,-11.874546823157283,-0.31980606404046635,-0.27648138992009513
822,-11.781180045449375,-0.34050029573242785,-0.27510366399538133
823,-11.692937371798278,-0.34453605321519015,-0.271904480788739
824,-11.625105599926005,-0.37129217917820184,-0.2410728744832265
825,-11.562235465440326,-0.38654076460233977,-0.2120432751741082
826,-11.533634187455453,-0.3853500810723539,-0.21668065730467342
827,-11.505842640723147,-0.3865076702287733,-0.22198081538357628
828,-11.466634349467208,-0.3908811757039967,-0.2197279452689636
829,-11.40415361980371,-0.39080820740325795,-0.19872873261550633
830,-11.340239023172156,-0.3949871509490945,-0.19871188933960082
831,-11.308650694072671,-0.39509399842926723,-0.1986738001693323
832,-11.283044661762235,-0.39323091791677545,-0.2006566342851779
833,-11.257717610384342,-0.39523416820567264,-0.2016013099069299
834,-11.181122821532089,-0.39801334102517033,-0.2000627240386888
835,-11.12309209261336,-0.4250789450713804,-0.16294375769647498
836,-11.090665047836975,-0.44381063545204624,-0.16013042013595796
837,-11.062458386562875,-0.46473741422451254,-0.16020794901568294
838,-11.040644140539136,-0.48568406618460463,-0.15051056721366263
839,-10.96405108968888,-0.5130227482898632,-0.14917045624929795
840,-10.918804766364868,-0.5381856454026394,-0.1437888418136455
841,-10.831278741109102,-0.5559720609085901,-0.1381357887307131
842,-10.74486886462109,-0.5709019144491411,-0.13635905031390053
843,-10.705437649237295,-0.5694960254184522,-0.134248768690511
844,-10.647636336167011,-0.5520262994257803,-0.13276239232121093
845,-10.595521368380693,-0.540560133742109,-0.13751640343090737
846,-10.524452305729683,-0.5375562226827355,-0.10982401537708444
847,-10.46815352688653,-0.5325326279861061,-0.1096119734781616
848,-10.40233065579513,-0.5256642203801675,-0.10449612368290967
849,-10.388256268846321,-0.5235409507537889,-0.10974352784214172
850,-10.379903050990304,-0.5173697361633538,-0.1075168224892818
851,-10.345580254434255,-0.5161056921057973,-0.10615796884779476
852,-10.240497468695404,-0.5197559816272939,-0.10274399907493441
853,-10.16771917299595,-0.5308974355852674,-0.09531801094397378
854,-10.097410873717267,-0.5614305101305734,-0.07855345554220275
855,-10.070733856693792,-0.5749863867398894,-0.06792296313918846
856,-9.963842643684549,-0.5760794107936346,-0.06173806669445917
857,-9.894602045585144,-0.56328820710655,-0.05507654223783234
858,-9.83624926578361,-0.5501397313050493,-0.05423012917962947
859,-9.806951805644086,-0.530310941520623,-0.0628661069339043
860,-9.7494514902902,-0.5200930315791635,-0.060753200886722675
861,-9.737069509965997,-0.5124940509107193,-0.06301139606420073
862,-9.67598890506003,-0.5252716248000601,-0.05394818590052201
863,-9.610125624105812,-0.5341154489092488,-0.04066152034450645
864,-9.567998819651907,-0.5354559023855137,-0.03615660449939842
865,-9.54219605364808,-0.5375422559859698,-0.022162851871255357
866,-9.50751343505705,-0.5493354819197289,-0.012372968419915224
867,-9.469867677573262,-0.5660317580194562,-0.006431964442757088
868,-9.36635845659473,-0.593877861373299,0.011730258687972148
869,-9.239971050097061,-0.5901703956657842,0.01940133490888372
870,-9.122884314489951,-0.5883356751065223,0.017649317588187094
871,-9.101310410901112,-0.5746789447192452,0.019462938285169186
872,-9.057044921236455,-0.5538809810801489,0.022394424398282743
873,-9.052158162364735,-0.5346377151172922,0.01638738542794347
874,-8.99581625115012,-0.5516935893880854,0.0036261550270013433
875,-8.931480732699338,-0.5514950025086962,-0.014483306371987824
876,-8.904522383294772,-0.5480188253538996,-0.01783523573766235
877,-8.87162851683066,-0.5434546237351154,-0.03988520241039798
878,-8.854532150347634,-0.544342632451655,-0.038930361620031634
879,-8.776930499131863,-0.5330041570121935,-0.058785026415706626
880,-8.707005509467246,-0.5521567610749206,-0.047249069911644605
881,-8.624382112281669,-0.5380969580999674,-0.05837687518819235
882,-8.645334950034842,-0.5551006787168961,-0.04821727645834553
883,-8.62549086380751,-0.5525906091408262,-0.03874954234892616
884,-8.623117922556974,-0.5519172819319286,-0.03883969594285766
885,-8.548018031632534,-0.5500534558034519,-0.024372475886878204
886,-8.452119186795183,-0.5639646528037626,-0.009478427516244524
887,-8.376293499511497,-0.5923729118987651,0.007983953342008056
888,-8.330483747307241,-0.6094677048662671,-0.0011286861187767238
889,-8.259344718624781,-0.6196880598676648,0.0031698874678675925
890,-8.174659600972513,-0.631526650905235,0.010067181100926283
891,-8.12247555804547,-0.6314051637613654,0.020138702109596205
892,-8.064191872661603,-0.6283897592825717,0.01841967595250325
893,-7.981911129192415,-0.6066872545928514,0.021739240392530702
894,-7.912186781896725,-0.5879771400925157,0.033359197537908364
895,-7.901716702320179,-0.5924008336364851,0.01779600668513546
896,-7.853068865070834,-0.610290022079828,0.007546469591248806
897,-7.761886672396517,-0.6263671280615252,0.012872175684902598
898,-7.709799713814786,-0.6323313180169134,0.01668053870094053
899,-7.6880452846228415,-0.6403989480624969,0.006723058777825065
900,-7.670244538156592,-0.6108742564698993,-0.03130359627545534
901,-7.632360298408719,-0.6087570438386483,-0.02823774312861652
902,-7.538909667815625,-0.5881044432280055,-0.03025584849664512
903,-7.425092411332913,-0.5793435238988425,-0.03388257971152989
904,-7.337398015551338,-0.5762973837622399,-0.019961912043657187
905,-7.334692946796362,-0.5888127156585816,-0.004067231308498865
906,-7.275432971611546,-0.6077720365752666,0.008555389073648924
907,-7.2286014496958595,-0.6201967876851048,0.010409620693063037
908,-7.153721467726786,-0.6210631492985463,0.01659556816281314
909,-7.099726572131728,-0.5990266968537663,0.02433255824504575
910,-7.038520035952922,-0.5773693659673705,0.020535563054817383
911,-7.013699803958132,-0.5601024170177009,0.024654244271938394
912,-6.956996475305911,-0.5418931662717597,0.022530027413220504
913,-6.8960999301811885,-0.516697340186112,0.015915263691053318
914,-6.818585498334737,-0.5080894982346517,0.010743776140402983
915,-6.719922719019114,-0.5269807630469495,-0.005551724307419261
916,-6.633893148030646,-0.5320604530292435,-0.03382342731032243
917,-6.499129388108829,-0.5373428507193962,-0.028543795463884327
918,-6.520862258525554,-0.5444167355818874,-0.020691748625347978
919,-6.47226662897753,-0.5520799642910011,-0.01884977419769143
920,-6.448038093173129,-0.5711448326920682,-0.010114440138889761
921,-6.4316959133368075,-0.6017726353124843,0.005048672382644815
922,-6.40898031788806,-0.6257528750771596,0.014774528515344202
923,-6.361888868941583,-0.6345443991091204,0.015588417906665633
924,-6.352440919751683,-0.6416821998346254,0.014867019511322722
925,-6.327598969544971,-0.645016891445124,0.016915036952310315
926,-6.267154505666664,-0.6466157705005608,0.01770304652102059
927,-6.198690775013608,-0.6509992708480862,0.014903892014728836
928,-6.1215795748180435,-0.6521897499765354,0.012361045281825446
929,-6.101456114059781,-0.6530463265144153,0.014630032621903525
930,-6.082486525107672,-0.6579215558656978,0.014935586983955786
931,-6.056679952017874,-0.6604312218187561,0.013868782315814988
932,-5.984373591687852,-0.6610272953398398,0.00970770740124991
933,-5.927589524877541,-0.6597934404260286,0.0064365963653496335
934,-5.823129322818918,-0.6341683563508026,-0.012520906084012821
935,-5.703944108437714,-0.6076801514637062,-0.026881587237683996
936,-5.6562270580430045,-0.5904648786852839,-0.035644408865077616
937,-5.603291247774403,-0.582416297936186,-0.03677872444143951
938,-5.559921804728948,-0.581740852786561,-0.041375097023874895
939,-5.478135917459724,-0.5915720512586735,-0.03914930126178298
940,-5.400833608280437,-0.5956990681747846,-0.033240003278476565
941,-5.340913714985936,-0.5954646088391292,-0.015060297501086308
942,-5.25803641154909,-0.582955979710282,-0.02796934962085221
943,-5.186312453537917,-0.5742778226816195,-0.030464525620136376
944,-5.126912028129031,-0.5716429948071646,-0.03919195325366712
945,-5.01493313251411,-0.582810751832563,-0.04244192203152534
946,-4.939509528822969,-0.6078300286945574,-0.03555192192385295
947,-4.8746849756155415,-0.5997840861171333,-0.05196186692852867
948,-4.824583028180452,-0.5760142730772169,-0.06250193828313957
949,-4.827350445720182,-0.5601865359370279,-0.06854390089400944
950,-4.775183839292399,-0.5464534676511956,-0.06965954959495614
951,-4.703407958438019,-0.5584318097903118,-0.04189291274225518
952,-4.667587058147111,-0.567773331179421,-0.03853490642745008
953,-4.608062551841845,-0.5703916643901594,-0.034796341793238456
954,-4.509843423403228,-0.5743756736030696,-0.03625825598266299
955,-4.48953088053483,-0.5779421430688736,-0.03899578281993612
956,-4.448476139871215,-0.5805925976466119,-0.03978036644064378
957,-4.42937903407713,-0.5796971075800265,-0.037687237498700094
958,-4.374367731216381,-0.5830204943172798,-0.0361074866242819
959,-4.314988260548903,-0.5801917956728391,-0.03158741231978038
960,-4.309300773168672,-0.5798992929424583,-0.02859384957377145
961,-4.298740483100464,-0.5927202992690974,-0.017663069342213754
962,-4.228990881820433,-0.6091257419093153,-0.012958550939672157
963,-4.15966269650861,-0.6379491127430114,-0.0007769553888865806
964,-4.066265910424434,-0.6623968492065796,0.01239675293806528
965,-4.017405782482825,-0.6752170056944082,0.016079292181388573
966,-4.016063272470359,-0.6800996361697011,0.013633215136402232
967,-3.95057824211226,-0.6821529039523123,0.01523588010227315
968,-3.89651957508271,-0.6834479627385661,0.014110596589485635
969,-3.8574799900155883,-0.6877488010601349,0.016134151619952887
970,-3.773694749409218,-0.6879931904427887,0.01635206833388623
971,-3.671379835007289,-0.6871388346027196,0.015236204235335761
972,-3.6086683086384497,-0.6799845043165629,0.018580727082310605
973,-3.6035098439223705,-0.6672937899750184,0.018674094751075045
974,-3.568140134237494,-0.6617349164809211,0.01904712008131402
975,-3.454006936694773,-0.6607860523828321,0.0187124341381135
976,-3.4016261149711546,-0.650689483334946,0.018889930438617173
977,-3.3991800753751598,-0.6455521306410493,0.017901008211154347
978,-3.318703790052354,-0.6528284325695066,0.012380408655719969
979,-3.2381132443314358,-0.6484684386568218,0.01820067030318804
980,-3.1550657515594085,-0.6524069700403997,0.013982538754943019
981,-3.0460400434365935,-0.6621897032139894,0.013192066900378422
982,-2.9763462821773516,-0.6713223782869369,0.01273869603820075
983,-2.924453659842619,-0.6821950117489216,0.007869485605105562
984,-2.9007421186691045,-0.6908076056922495,0.011455934469429366
985,-2.866343037576189,-0.6639756909633243,0.023071650322758794
986,-2.706987061654579,-0.6392574862679012,0.02279305378792149
987,-2.6034063837522994,-0.6376741793964558,0.015575226755988969
988,-2.5143410597074016,-0.6449348461142937,0.011611968986938705
989,-2.5275675317618616,-0.6571579827958384,0.007405945032939099
990,-2.4643176612830535,-0.6734907743036108,0.011982783087551609
991,-2.4230755264067736,-0.6759967956835854,-0.0006565694384373053
992,-2.3167317651870016,-0.6726949045862383,0.0151220304483892
993,-2.2466343909164843,-0.6776390996581686,0.01264632849022516
994,-2.1540422381856357,-0.6857435441899428,0.00522855380103835
995,-2.1433568611816503,-0.6764161387004344,0.019778100503390777
996,-2.0662239854677944,-0.6465651033490017,0.033684730988621445
997,-1.9934588856788027,-0.6160212220842698,0.028945663532218478
998,-1.8928903640685655,-0.5975896112852789,0.014261064181239937
999,-1.845580573369747,-0.6068686858310033,0.012003033910133997
1000,-1.8485366042058984,-0.6143185381206806,0.014721947616463041
1001,-1.8554983578215258,-0.6218712632348858,0.012636293025756837
1002,-1.7753027766277336,-0.6346618664395864,0.010196748685968626
1003,-1.6682047485554259,-0.6518198914750772,0.008367488966001459
1004,-1.624615964862659,-0.6654479970965649,0.008807008597970102
1005,-1.5477867045152542,-0.6760181097436443,0.011280751204395511
1006,-1.4967533648588784,-0.6837877205368257,0.013099030649628788
1007,-1.409351690178165,-0.6883352526010923,0.009927174357698056
1008,-1.3714859634983245,-0.6897620541183646,0.0011946414964094426
1009,-1.3508169117046298,-0.6894796041055393,0.002296657806890789
1010,-1.3135767477583946,-0.6817255053909442,0.001035829271475141
1011,-1.2967004221910952,-0.6518200316387245,-0.020524862732054033
1012,-1.2316256495899398,-0.6612014435432002,0.01245559629963886
1013,-1.1823622168810892,-0.672977394729532,0.010742176763063082
1014,-1.1209083695110424,-0.6572076491370603,0.020224046550519438
1015,-1.0914688318539683,-0.6490100846606751,0.047985390837864655
1016,-0.9726912614779766,-0.6383391961928889,0.044390080975085
1017,-0.9768239496356236,-0.6256318292439547,0.042702394071107284
1018,-0.9493964242127205,-0.5957063940484569,0.0263452977327636
1019,-0.9843052202994118,-0.5899403229218652,0.016489978462158137
1020,-1.0384458759656658,-0.5783548378621741,0.014684614789542505
1021,-1.071145651237365,-0.587738704466672,0.01337663602874415
1022,-1.081258137754236,-0.5842863509404734,0.013346457275597889
1023,-1.0469007983000476,-0.5808447405169999,0.012585000451639884
1024,-0.982392720936608,-0.5862395505574075,0.012950013332573928
1025,-0.9561166747605792,-0.5941716376869829,0.010662570066453303
1026,-0.8811414473296885,-0.6067325925848152,0.01068617249858115
1027,-0.8544870729386546,-0.6196442890733773,0.011239218825537668
1028,-0.8553400975246201,-0.6313563080964936,0.013846848661705137
1029,-0.7968904844071851,-0.6415493037095076,0.011658382906791089
1030,-0.7465742843441731,-0.6517588171537847,0.010622061880066737
1031,-0.7225871372154753,-0.660302174633353,0.010956626873664032
1032,-0.6344588788087123,-0.6706697778755182,0.013206431809556142
1033,-0.6221097250232624,-0.6746250510582593,0.012511284769133303
1034,-0.650096243689169,-0.6752445157162792,0.016721385408269042
1035,-0.6239815913808544,-0.677979846851841,0.015942228621009785
1036,-0.5896528884839648,-0.6687818864923023,0.018961072221987264
1037,-0.5570259401361233,-0.6606656114310555,0.019557455736071573
1038,-0.5171942754049651,-0.6496118981623422,0.019249785763129284
1039,-0.42395366951830354,-0.6394210374308207,0.017823459769678897
1040,-0.32940218287745887,-0.6346291391802413,0.018120004029000585
1041,-0.23230362623709677,-0.6233173668443425,0.018769978600323013
1042,-0.24385494794884516,-0.6147136907576758,0.016754768461651116
1043,-0.25301707678066243,-0.6239348019775349,0.013192949267921007
1044,-0.1481700136101818,-0.6282218235647588,0.013776532879829807
1045,-0.10888912956484026,-0.631583188438894,0.015331143773165338
1046,-0.04445026653179802,-0.6323622033581252,0.014978405120368278
1047,0.04775915296324188,-0.6374276209523948,0.015465562064216985
1048,0.23851922371281392,-0.6368022588762708,0.01396582838936287
1049,0.15631103995078732,-0.6422033788749212,0.016172508842323664
1050,0.2030673415543856,-0.6347251598406956,0.020430190643158076
1051,0.31828659507177587,-0.6294863829889528,0.01866622651399539
1052,0.43630512862254917,-0.629970284249007,0.014522389227604052
1053,0.45871738792389277,-0.6359827882553433,0.014292213105683273
1054,0.5159649805936196,-0.6417620529166738,0.02206801144701285
1055,0.5198070517230686,-0.6455190281291621,0.02448965626489461
1056,0.5415278055636124,-0.6536140981419702,0.020134362682024266
1057,0.5979359791464287,-0.6535149593243973,0.016959310120949957
1058,0.6668651401433633,-0.6483328710589534,0.012046841914134385
1059,0.7468904818315207,-0.645437921381964,0.008967271353961448
1060,0.86227856433072,-0.6393926183609231,0.011566197867454804
1061,0.971310697236588,-0.6400284599851022,0.011023946919909135
1062,1.060170335443636,-0.6426843355543104,0.0150470661343147
1063,1.169134893655867,-0.6455547212778298,0.016811615001935044
1064,1.2356031952898336,-0.6439666001536383,0.011565136386199028
1065,1.3112631127339458,-0.6408309376636193,0.010702419055710989
1066,1.4023344436770044,-0.637945300397881,0.001920328677406968
1067,1.5502271327759112,-0.6328569361586907,-0.006604416204463416
1068,1.6808003277309373,-0.6244081163667463,-0.008846657856097975
1069,1.7462169884985705,-0.6133761457140158,-0.012040035492035162
1070,1.8427048178908287,-0.600677956252509,-0.015250067775574722
1071,1.953754012817803,-0.5969044600338065,-0.010509316132457227
1072,2.097903220697434,-0.5913368574027565,-0.011611267732287515
1073,2.155231830353182,-0.5923908725980694,-0.007007294218629025
1074,2.253946434149364,-0.5952407134497112,-0.005068443878178531
1075,2.311204879152711,-0.6048025057154118,-0.001190408134311728
1076,2.393925367543549,-0.6069822146359245,-5.271292985333866e-05
1077,2.448998815023835,-0.6093305969284709,-0.0007339876225416439
1078,2.54551078684429,-0.6233676053928935,0.010847832577090634
1079,2.6122457260714866,-0.6349635002228857,0.019955604834612763
1080,2.6459886391931318,-0.6361214564722588,0.03163542516857795
1081,2.6533284735317877,-0.6360011351601175,0.03186713702868336
1082,2.7582343058119774,-0.6229642944114819,0.03776992483339001
1083,2.851880531387976,-0.6261647809760671,0.05856178438409175
1084,2.950511294855644,-0.6143221692528826,0.030787950387064042
1085,2.993303575950982,-0.619698736985301,0.00684072350578433
1086,3.0300142147481948,-0.629159244675744,0.014168327152907813
1087,3.0829667760683175,-0.6380105093473858,0.019164000224314498
1088,3.1113662712643775,-0.641885588434148,0.01858697800462814
1089,3.197981876437414,-0.6425981989722992,0.028886455362771214
1090,3.25929429199056,-0.6235576391552293,0.03254670657189138
1091,3.3347483789610313,-0.6267837994875978,0.05327567213494232
1092,3.382387555083943,-0.6264214099584812,0.05368681151991671
1093,3.4253132849010743,-0.619018409636089,0.025501898013518633
1094,3.4666620006085718,-0.6260716090952338,0.02196850104005208
1095,3.539771934255739,-0.6201761531126043,-0.003579135668055035
1096,3.589620698911612,-0.6275408539334864,0.011572092198837793
1097,3.624468278215439,-0.6221260281157278,0.02073285453520744
1098,3.6539090317311245,-0.6223020256670522,0.020980146657278743
1099,3.6955431339755194,-0.6247770087710909,0.022949441882203134
1100,3.769203014434409,-0.6123874925299778,0.03482139669151583
1101,3.838279095380425,-0.6182897470321831,0.021029967832583128
1102,3.85147047428276,-0.6089940966641182,-0.004601338450901406
1103,3.870553209402262,-0.5944632308624216,-0.011016909335841232
1104,3.9130262185697813,-0.5762780245319232,-0.022492111017786056
1105,3.979383834322819,-0.5489762474300195,-0.0269358941075393
1106,4.050347217348115,-0.5491790555970606,-0.0324189524709351
1107,4.09698733716877,-0.5448401673189245,-0.03196738803998869
1108,4.141306978077702,-0.53548451785648,-0.03256443837328262
1109,4.183661803553684,-0.5245815387867885,-0.035214709260159155
1110,4.230702370568896,-0.5187912777238969,-0.037758478997498984
1111,4.290433706028812,-0.5399969746571884,-0.016351666206834172
1112,4.385535303047893,-0.5567524166108424,-0.000856732927462712
1113,4.434119223812252,-0.5481901476593082,0.008921718683971604
1114,4.533930510259676,-0.5850017358080442,0.0007588667431208446
1115,4.601594369853372,-0.5742478413515875,-0.016181218623754462
1116,4.674245304479776,-0.5796669584778955,-0.019749024453336508
1117,4.776061930044279,-0.6237959022196785,0.00627175109116227
1118,4.798375360274324,-0.6351405880977018,0.020340508943473813
1119,4.8662095760657085,-0.6306998220110211,0.01927880775976185
1120,4.937660852372503,-0.6170054644427124,0.0387633058054264
1121,4.998751777685106,-0.6329319532694135,0.017114338708813934
1122,5.114103353179604,-0.6355259928604975,0.002925521447383094
1123,5.21994322575443,-0.6508586236050308,0.008810992948732312
1124,5.308414692398705,-0.6433008235396572,0.018711770012019825
1125,5.374001330014025,-0.6376578377878632,0.018789850458217332
1126,5.4197636545818675,-0.6289435305407555,0.04663306890597395
1127,5.497424130044659,-0.6378049454914934,0.017476389785566517
1128,5.531561265919266,-0.6274037949010316,0.018183628064193803
1129,5.592695986478671,-0.6254245176192303,0.017846773886492008
1130,5.653051399199675,-0.612011315865346,0.02214969941884502
1131,5.6903666407864035,-0.6220636417267013,0.008867241169412598
1132,5.721860592678766,-0.6316765740589967,0.01728277144821242
1133,5.776983755738457,-0.6377836589932577,0.02021116714206592
1134,5.80745319299352,-0.6162665143853662,0.02473052588541667
1135,5.83287751343475,-0.6054660518355984,0.029524834909492738
1136,5.853824130014852,-0.5983829637164602,0.026913422469662975
1137,5.913010641062004,-0.605204699227272,0.017456278174491337
1138,6.007296743410273,-0.5994787049912479,-0.01831970721425183
1139,6.056540750051643,-0.5916405583413538,-0.01614977554015098
1140,6.099246424393473,-0.5861570658952844,-0.017910076929905896
1141,6.13049658455408,-0.5813191619285791,-0.017291219265892083
1142,6.2151202181798855,-0.5913169067095746,0.0028945984231067753
1143,6.259051095452721,-0.5875631619736255,-0.022800116422941916
1144,6.3365358926004856,-0.5995843150476345,0.00710479495680858
1145,6.38841099408399,-0.6090423245201924,0.010085260745065418
1146,6.439876324748924,-0.5964739048097146,0.023162329851359447
1147,6.476288187320652,-0.593818667600496,0.024366333436301995
1148,6.608782487286088,-0.6151219572075205,0.01505603017443644
1149,6.659364688791966,-0.6141340923399349,-0.01068539965398532
1150,6.721033057313331,-0.619679838653122,0.02356616909582219
1151,6.774840699173398,-0.6219206852103014,0.02387900165998034
1152,6.795956003101564,-0.6202263925421877,0.02579926604393432
1153,6.855222683347564,-0.5980325605795317,0.02399793101905055
1154,6.916059174757503,-0.5800721241479581,0.025381197883538077
1155,6.968117166011515,-0.5728054280812438,0.02103202883046749
1156,7.036400381987837,-0.5733621282211323,0.017519515821954747
1157,7.075361282905985,-0.5930504071180264,0.012640319056718786
1158,7.1023922983922505,-0.6037316735571887,0.014601422364625562
1159,7.166044773880794,-0.589212296359413,-0.01019913504220884
1160,7.257441595987108,-0.5854844738542099,-0.031032003833738636
1161,7.303434326979231,-0.5839866713786704,-0.01868853873113465
1162,7.392261776086849,-0.5805344387895406,0.011034707421919454
1163,7.458577961343874,-0.567235492828201,-0.006986811133432161
1164,7.517600092446724,-0.579175607340679,-0.03363930084302449
1165,7.597787272105704,-0.5962060498889777,-0.05290477926625428
1166,7.635252822554986,-0.5999592580659309,-0.05349728777712252
1167,7.695238196281178,-0.5952769356464619,-0.034866459113751774
1168,7.732238207918205,-0.5922653101165357,-0.035616521192374934
1169,7.792206050631186,-0.5946630167676631,-0.022628833675095522
1170,7.859387662003687,-0.5823891145844708,-0.0018296173416774376
1171,7.90750243172667,-0.5830891555438852,0.00602384301339296
1172,7.955157183657022,-0.5820366575453849,-0.009240736070552445
1173,8.01401238694064,-0.5928310521282938,-0.03264891316122156
1174,8.049967170704416,-0.5957450716974289,-0.030130117188877287
1175,8.117489920106589,-0.5848007756786611,-0.008927569070045462
1176,8.151861933783673,-0.5859139937024409,0.011078747191093117
1177,8.159341196354154,-0.5767516943152355,0.06569590761472074
1178,8.203254948822815,-0.5430812918970759,0.11028538484563888
1179,8.221198717227814,-0.5213090693012987,0.10103222045680103
1180,8.272927592424539,-0.5103759085994919,0.14761902656912684
1181,8.298274659977144,-0.5163919086783362,0.21189184373466996
1182,8.327893159610209,-0.5075876031225903,0.22250964306937313
1183,8.343664940769976,-0.5017463147386974,0.22439381234977573
1184,8.373064880107627,-0.5057635396868264,0.21462986481092083
1185,8.378992477881788,-0.4958708101216418,0.19036191547588266
1186,8.376009102473521,-0.4820348951680897,0.18310187004538547
1187,8.373916559396054,-0.4739128499250867,0.1847530426038177
1188,8.385869104705336,-0.4859653468761928,0.19411601568518638
1189,8.390802252190582,-0.5026292669672028,0.20723811795741803
1190,8.413283803579654,-0.4944140730430062,0.21666889021120442
1191,8.425385202605785,-0.4912007422651212,0.2181416566014709
1192,8.432316722888352,-0.4852674533510418,0.22689267929555412
1193,8.454535810820136,-0.474791456779172,0.2445507743302169
1194,8.467229514432104,-0.4753218396956217,0.2648055222939625
1195,8.47200843365431,-0.4751779085085221,0.28811847397868
1196,8.498058638650061,-0.48743955733773936,0.28746761852880515
1197,8.506180632428821,-0.4928352042825381,0.2892763941757648
1198,8.537588241189487,-0.4809433388603852,0.30300535633234454
1199,8.524683230301646,-0.4509124414875968,0.3140630739126402
1200,8.555400975864003,-0.4453901705094702,0.3242134325782604
1201,8.564132926032803,-0.43486616969628894,0.3256803546001395
1202,8.567929086974804,-0.4226156413381071,0.3210455625695896
1203,8.582283123871875,-0.3957456217585205,0.3368934565549287
1204,8.601002440117698,-0.4065489630388468,0.37002161235792014
1205,8.596728631456873,-0.3835118952618129,0.38765545594119716
1206,8.61423000626497,-0.36623084915992354,0.39455015747018674
1207,8.620494150582168,-0.3540388276685943,0.3945492539764286
1208,8.623059674110928,-0.3549356924631941,0.3988023508425165
1209,8.623048118009203,-0.3496557024085388,0.39694234295380754
1210,8.637656303838272,-0.3426214321901417,0.38894863804324387
1211,8.647905493101089,-0.3400686588586781,0.38007330015278895
1212,8.655012493722245,-0.3420076804801445,0.374933002280973
1213,8.656227856338738,-0.33908915021669744,0.37353430290160244
1214,8.659234142072895,-0.3381523490663415,0.37741208582072955
1215,8.683484128812609,-0.32888449927613267,0.39026190754921664
1216,8.69308591377519,-0.3152288335527663,0.4065229361385466
1217,8.719609087243283,-0.2987149867180176,0.433072520266294
1218,8.720298093906985,-0.3078177191773736,0.4490683550974149
1219,8.755300669553415,-0.29966079820569946,0.45492140542071247
1220,8.774013166318557,-0.29668691411756176,0.4666447759627095
1221,8.794505883836674,-0.26684388345594307,0.488376384497929
1222,8.806543114919576,-0.2590298907625069,0.5522637397727931
1223,8.818372351362564,-0.2514687460073221,0.5143611064774525
1224,8.82208861044639,-0.24887107219645116,0.5168250368937083
1225,8.83139895890725,-0.24844583602128453,0.5248056550747949
1226,8.831722243253072,-0.24468837827140502,0.5237854440955089
1227,8.864352616423123,-0.23554988664043383,0.5325995825180445
1228,8.871833854065217,-0.23660063202789045,0.5401175451881427
1229,8.872059640540089,-0.21842038010995526,0.5521679484557118
1230,8.882766067267209,-0.18903078808009544,0.5693021056659658
1231,8.891286054113325,-0.17942544084830708,0.5919199629041241
1232,8.9217356588973,-0.15799496233756571,0.6036205101821767
1233,8.930576494047994,-0.14108918775292248,0.6039994089494998
1234,8.937061903717762,-0.11156241661567085,0.64389292927566
1235,8.973907821613146,-0.08738213823794874,0.6824224838984633
1236,8.97281713759706,-0.07857264078332388,0.6442183047826127
1237,8.980878054865144,-0.05921214642248563,0.6823535347681433
1238,8.98404334741889,-0.04820236212583101,0.6829800671245712
1239,8.976708190175923,-0.03394896466804532,0.6568191516183759
1240,9.005897130952485,-0.009861502793218374,0.6825351504305022
1241,9.010916234446475,-0.003630892463168693,0.7091209831591961
1242,9.018796404618852,0.04225799633822399,0.7376599795488026
1243,9.060572466339094,0.05666094589818251,0.7650093397617493
1244,9.077563067498868,0.07016583427985719,0.7671053190230618
1245,9.100590288926927,0.10229558510194398,0.7620931535173721
1246,9.10690385841979,0.11097074709980449,0.7701677903460716
1247,9.12881949898813,0.13174267988315846,0.7893828626300746
1248,9.142392703543512,0.1731793543977405,0.8008077350414877
1249,9.172606046925306,0.20247804263242117,0.8035527423629513
1250,9.188501194907266,0.21933915765729722,0.8027711224841425
1251,9.22548000928509,0.25800100051158564,0.8042469865641334
1252,9.267912588418136,0.29759489067466466,0.8282209226057027
1253,9.277563175888567,0.3299438634397102,0.8408814016686089
1254,9.313008154773728,0.3691042548219661,0.8367097525103917
1255,9.322908208425101,0.38698092409689544,0.8391684828637211
1256,9.347261561863347,0.43565733225343745,0.8388708952283002
1257,9.369085405332337,0.4749159840895261,0.8484386476555325
1258,9.371986967896921,0.5219407693958824,0.8548544340823446
1259,9.418704886750962,0.5382184190627737,0.8873835508330473
1260,9.464136645577534,0.5707076343668449,0.8884288166508092
1261,9.47604996890922,0.591871414430914,0.889966706211778
1262,9.528851596521827,0.6620402372729078,0.887165835663804
1263,9.501936102569946,0.7094515920405742,0.8958122749701125
1264,9.52594492045335,0.7614938355732166,0.9204089792963186
1265,9.556077755674437,0.7940955745666162,0.9489814457235601
1266,9.600023296185316,0.8463759563784815,0.9732274111333651
1267,9.605869855166798,0.8843403450768498,0.9710144019629785
1268,9.613812577515274,0.9204003639735125,0.9986147578977657
1269,9.639613095525473,0.9742507375812234,1.0063164539939846
1270,9.655378518216397,1.0052691340472477,1.0183197665556027
1271,9.70490993560872,1.057322705312964,1.0451313713278967
1272,9.734766977680554,1.088843106637282,1.048438940543625
1273,9.715918009275207,1.1530765403302556,1.0659553643526818
1274,9.7682970951069,1.2063715861329087,1.0981018660942699
1275,9.808688395194507,1.222715528836583,1.1173448574055136
1276,9.82336672025148,1.2841452011446197,1.1391534059646933
1277,9.830265167883221,1.3482332947446913,1.1646364602927095
1278,9.84801666623033,1.4019961124458526,1.1877447527652478
1279,9.869702379770732,1.4418608291063195,1.205990077529835
1280,9.883087987099284,1.4780404639587261,1.2052550624460672
1281,9.863041341478056,1.5383679869265268,1.212239729044069
1282,9.8644703879805,1.6045486284677875,1.220943099348581
1283,9.896290511729404,1.6523275869691467,1.2560184261350826
1284,9.892659325072954,1.7171171088302493,1.269061118042562
1285,9.92010576174296,1.7572413728734275,1.2900089247157744
1286,9.926610149011077,1.7834480259750214,1.2890948787627978
1287,9.923726226178516,1.8434487895244285,1.302698108982202
1288,9.944453523911463,1.9081089355619365,1.317045534569976
1289,9.958551322749877,1.9686914373583726,1.356823172903117
1290,9.953952137036291,2.034147887415547,1.3712350294829205
1291,9.9521369380973,2.0688773652127086,1.3930602798260416
1292,9.936798135899592,2.093365175269647,1.385564387182942
1293,9.969281067956798,2.1311970381446184,1.4147071145326415
1294,9.978721963997966,2.2245229389998182,1.4068474527018375
1295,9.979646919489522,2.2712674121981937,1.4104836798067468
1296,9.983618655178512,2.3231756675586586,1.403667079187855
1297,9.973411988086573,2.357418694367958,1.400157527535107
1298,9.978869737716447,2.4055358967076685,1.3917379050583
1299,10.011559568094965,2.479778045420754,1.385338306695792
1300,10.005070383264377,2.5480144148597326,1.406522170798963
1301,10.016415967342565,2.596475107967415,1.3932162370327719
1302,10.011018557668594,2.6446737801209648,1.388485550729533
1303,10.044460749082301,2.6898369497438934,1.4282931894398212
1304,10.064486804176024,2.773048978857537,1.4219705808174077
1305,10.092531641336,2.8536881911621337,1.43523305999609
1306,10.110459510601475,2.8961459176568183,1.427903429534324
1307,10.111294556408223,2.981661890064724,1.4468103792867741
1308,10.112783675526439,3.0555044792190484,1.443368542191262
1309,10.110937891760573,3.1325982526578557,1.4539631096309291
1310,10.095027291816443,3.214197773239258,1.4601951535169249
1311,10.09198981876404,3.2548656415860795,1.4818516360907243
1312,10.088174796699777,3.279192538351896,1.4822073089529908
1313,10.072244391280254,3.3290122086826903,1.4628893391908069
1314,10.091769562977781,3.4092233529048968,1.4827777379170406
1315,10.094465383744785,3.4886974203480796,1.4797609480431744
1316,10.098481256999307,3.564501653981468,1.4808069196085736
1317,10.109833924474854,3.612149968907205,1.5022743612409917
1318,10.116780400651065,3.660425055857058,1.505355563283613
1319,10.117891686454149,3.71116656102847,1.5180381887706815
1320,10.133054140577311,3.799873967093342,1.521513476010373
1321,10.154868310673947,3.874966816218234,1.5233006658374153
1322,10.173456445103689,3.9186003908124913,1.5125127336246988
1323,10.179844997138504,3.96268986281776,1.5178458366638796
1324,10.172334081752552,3.999871064497178,1.5262139038390872
1325,10.163182636824216,4.074515757928544,1.533426697273323
1326,10.161759242436265,4.1474640287306315,1.527099976625803
1327,10.16092427462732,4.2115331567694305,1.5282012355587922
1328,10.163358948743486,4.242277481911915,1.5228850439724955
1329,10.168081889442869,4.269867135614606,1.525536045140043
1330,10.161717212282571,4.3007320882380675,1.5307260272694965
1331,10.154645793473032,4.37422134317729,1.543338601504796
1332,10.143402777638423,4.437128365137867,1.5547800419082973
1333,10.140916392209826,4.509751903092531,1.5425849430723195
1334,10.153871229017192,4.573707090048953,1.5399892326577713
1335,10.166819951255217,4.629343065057062,1.5167443904004416
1336,10.175759734434697,4.671476082564518,1.523780540085501
1337,10.169875639705834,4.717654210566048,1.5251200225873134
1338,10.17231137979059,4.785791549294666,1.5331113373087264
1339,10.168504993708273,4.859680487756997,1.5463796248510178
1340,10.16830826143546,4.929026608552981,1.5391602181431505
1341,10.160448153819175,4.969085576385821,1.5477838402919708
1342,10.163796090317618,5.000973992487531,1.5433058467318777
1343,10.168308641229828,5.0312624462119535,1.5472558191815071
1344,10.176994673627876,5.101883500389891,1.5422817444556092
1345,10.18486586065328,5.16909986849951,1.515335679245145
1346,10.186896100562214,5.1740284692574505,1.549161803805151
1347,10.181044191338366,5.186582441643281,1.5257069385030708
1348,10.184800277831844,5.198863530651548,1.560399053654641
1349,10.175887419956972,5.231390641664905,1.5264997113743186
1350,10.168561403536954,5.271744514285817,1.5280200282068543
1351,10.17653556150725,5.297479066302466,1.5633286281359062
1352,10.17950044132778,5.318074493472012,1.5687007213135598
1353,10.190914054083803,5.34400397382395,1.5894569680395998
1354,10.185563376831777,5.384075966084214,1.6001374369867423
1355,10.179877873763887,5.426290456342451,1.6086533346394452
1356,10.167750929477721,5.469442965935889,1.6154413757906223
1357,10.154171547234144,5.5038769552316005,1.6298506091990528
1358,10.147742459551214,5.532204089796844,1.63289487611679
1359,10.147108988422284,5.554269537615769,1.630269667676936
1360,10.144687923038418,5.607482703272004,1.6477848341191625
1361,10.135975327031234,5.658321530809304,1.655683521471112
1362,10.127146660683541,5.7005555618306545,1.693350630030596
1363,10.11150281178183,5.736266224090789,1.6651772151371211
1364,10.109896880807744,5.792097490293513,1.6622740103510232
1365,10.101754002338724,5.8441886308201125,1.6633235418846177
1366,10.099853703394624,5.901135203030672,1.6667151327270069
1367,10.100013465149255,5.932394708375025,1.6775767554524943
1368,10.099320535139059,5.965985263539299,1.6860794048925067
1369,10.101952830316733,6.024915253511456,1.691928012248688
1370,10.099900198575897,6.053102815366443,1.6960152613353807
1371,10.087912917415656,6.082618619176915,1.6989424423204107
1372,10.087566801022984,6.109834932787542,1.7024239168588327
1373,10.079893385254081,6.162403095713835,1.7055049331009347
1374,10.072536084882325,6.227843780036766,1.6860299161439725
1375,10.068063445063784,6.2918842363990235,1.6910504473615386
1376,10.061113484608924,6.325351669776538,1.6927969027040346
1377,10.050019509896812,6.357997702201759,1.6995304270136626
1378,10.044093061853355,6.386512627527666,1.6992240975850947
1379,10.042139939906496,6.434297447449307,1.691108358295689
1380,10.048511762981153,6.478183002787517,1.6453155694426054
1381,10.048821510109116,6.50057972059146,1.595668940410827
1382,10.062167186549528,6.537151509405183,1.5469557956130267
1383,10.078712489583683,6.569874653971483,1.5621591436739468
1384,10.091501688177457,6.614120346081227,1.5577891457155404
1385,10.11099486272791,6.661485059863183,1.526802045296872
1386,10.126221209904307,6.701868985595257,1.5267732707756014
1387,10.130812505078165,6.7175138201298275,1.4909081970859006
1388,10.129507697674038,6.7333869854859465,1.4967815049182738
1389,10.132826004939671,6.74764536962342,1.50195382235242
1390,10.132714276912957,6.778740123953356,1.5228162709321333
1391,10.13579941014804,6.809880704583815,1.5364082970336048
1392,10.129218555952894,6.816141958623218,1.5827237189778995
1393,10.124191397390327,6.829011958836904,1.5959870324894476
1394,10.126853322242626,6.8409442437528165,1.5988901085416811
1395,10.124094179913198,6.860931164176259,1.6024315237754096
1396,10.12541845189907,6.891167989813529,1.5652159157146315
1397,10.123781297673572,6.905269845217129,1.5776613977823677
1398,10.122507715597742,6.913062108740064,1.5781462782295403
1399,10.122366582629084,6.922890958665899,1.580203294463557
1400,10.126295614899917,6.929298934246987,1.5857254843870778
1401,10.125980784423028,6.940702425624821,1.5931251193312599
1402,10.128492766090561,6.954228877976393,1.606726066223804
1403,10.128853375760691,6.965345453576513,1.6110822195415233
1404,10.121921404088125,6.95895120198345,1.6418044732462114
1405,10.114242654759847,6.954031770851638,1.6376306074307097
1406,10.109584308385944,6.960569649158316,1.643739667875719
1407,10.105301046528126,6.967821263690422,1.6349746247052317
1408,10.104456696829796,6.980451564764689,1.6045286808166264
1409,10.109384062203464,6.993315231557644,1.6053398791476379
1410,10.112444050777398,7.00304661320555,1.6078766217280942
1411,10.111521192257177,7.02064843362946,1.6112318321607892
1412,10.113421057432406,7.036312735758012,1.6240629878470443
1413,10.10757464846598,7.063887022379633,1.6446854369473296
1414,10.102474015990419,7.079737675520599,1.6612441385502128
1415,10.10077456087734,7.091375950800527,1.6629744220824851
1416,10.099887170772725,7.104921909436652,1.6759582404366382
1417,10.086751721790721,7.1196492224590795,1.722694965840125
1418,10.077336477500227,7.126271280972685,1.7306521205183554
1419,10.069276910413171,7.146497868096071,1.7322153347539384
1420,10.076285942367152,7.16555221225659,1.7004343080630115
1421,10.081144382400366,7.1820107805184765,1.7082404987964788
1422,10.079832020440278,7.191803924903943,1.6964200464224977
1423,10.083600653765753,7.220368131819651,1.6682702334306114
1424,10.087113843491537,7.2481262615008,1.679143081514538
1425,10.082843519720159,7.253787518888603,1.6850298395139676
1426,10.081342664852935,7.261118505340718,1.6881795328333684
1427,10.083158763589726,7.265733720374727,1.6920617056733525
1428,10.081528634584503,7.2712221060709945,1.6928757345464926
1429,10.080719246656987,7.282150514623538,1.7032553730253948
1430,10.076982660046767,7.298643142604996,1.7194470482914175
1431,10.067979189808375,7.30096305364858,1.7512247947179773
1432,10.058459113580911,7.297820549230036,1.7538390603532559
1433,10.050805688321313,7.30488877502046,1.7690502437696551
1434,10.041621365382,7.310040392946078,1.7667168509252522
1435,10.031537529179104,7.3262860648694295,1.7798498684246942
1436,10.025594837863794,7.34461170325326,1.7998633990710058
1437,10.02250400419505,7.3695228327360365,1.8233516436219919
1438,10.016672695145514,7.385171786380732,1.8328827617202383
1439,10.000209110705338,7.38339805904752,1.8646922521023173
1440,9.99230239781462,7.381594178343263,1.8624735242188561
1441,9.9742757732015,7.395569061570843,1.8749820815958032
1442,9.979493974503917,7.432069544776893,1.8770283277620388
1443,9.97400462311452,7.455153279359703,1.877989520353072
1444,9.96379122278027,7.472502583488822,1.8919407732592055
1445,9.958914567994468,7.480009444840962,1.8943965593679923
1446,9.947415175582513,7.502942030174345,1.9074057329595548
1447,9.942132448947559,7.517600511756477,1.9209756986381856
1448,9.929532914379033,7.536437467798188,1.9321698630288484
1449,9.917691410694172,7.554905888276768,1.93879275798956
1450,9.90269435757165,7.580219381177341,1.9508211375006592
1451,9.882261407843455,7.604239213453947,1.9655873339055194
1452,9.87966361432272,7.601258371035901,1.9674225151391338
1453,9.875092757088316,7.602693622727401,1.9713032340969472
1454,9.871084568339274,7.603906364268027,1.9740361161324882
1455,9.870520557356233,7.610256492253903,1.9785640667506055
1456,9.859999986633673,7.618113845502156,1.9885151430963897
1457,9.8516515480038,7.626325209940541,1.9959243442482482
1458,9.847048192867447,7.626522855458099,1.999786487130365
1459,9.835687094592192,7.6352622683125295,2.0067158307030333
1460,9.825702079187261,7.639143487218175,2.01007402933434
1461,9.819653891828331,7.667404582121782,2.0428295294674275
1462,9.814944349344465,7.6833647266516865,2.048457331468421
1463,9.797719368240493,7.704612846970698,2.0546985248298912
1464,9.78297126843532,7.716260638597659,2.05900809510322
1465,9.763434387909784,7.7395391737081765,2.1045504157083332
1466,9.752701735296924,7.7579885834203175,2.1111940458513785
1467,9.73165071228612,7.766980067613744,2.1331657864902325
1468,9.72212272340965,7.778641101399266,2.1058868414364365
1469,9.714828204947729,7.786219190838947,2.107767237983351
1470,9.693053219413965,7.799330063365816,2.124534364214076
1471,9.661988527503084,7.802988927930777,2.1434667123370037
1472,9.630389467374641,7.835835775247987,2.1749111561755328
1473,9.603047263958953,7.853866351192863,2.2030141425962224
1474,9.58980584339655,7.8607781845281295,2.225007946331583
1475,9.582701647720462,7.863151778183417,2.225905094367425
1476,9.575955398193546,7.875752966699327,2.219590283607617
1477,9.5412393932034,7.926602086640265,2.260203769455524
1478,9.50519556574205,7.960169750451433,2.2874343950805045
1479,9.488171555056974,7.978078626004586,2.2942588579511862
1480,9.485251052652067,7.983218262198699,2.287209086454945
1481,9.480223683312003,7.984750374274829,2.287144643779136
1482,9.455968318416442,8.007914380244513,2.3062537638317178
1483,9.407144399069423,8.068090601117301,2.32989439320696
1484,9.400564718904144,8.079494519241104,2.338320835716638
1485,9.36018546854417,8.089899966994512,2.349509051678636
1486,9.330540210132748,8.096680596471478,2.3549044861973516
1487,9.268037550416155,8.153980712146844,2.385050824636179
1488,9.260499457295579,8.177681375612481,2.3824439918276195
1489,9.222321499569837,8.204391205075508,2.389875481238462
1490,9.203159873926824,8.22912173023936,2.3878332483237728
1491,9.142089201660799,8.288888409023995,2.412617749153913
1492,9.101921145844326,8.322045404726886,2.4213325626184954
1493,9.03237110398658,8.340194134755063,2.4326233369207415
1494,8.964383833986357,8.37723307749601,2.4543076507246493
1495,8.912727490304317,8.4087317214112,2.4698014501235637
1496,8.868294079091957,8.414461593194405,2.48846015905122
1497,8.84032564350901,8.41719534429977,2.498380975853477
1498,8.820745864876047,8.41680948567801,2.499896919933253
1499,8.774358283971406,8.439126413498872,2.513188900936953
1500,8.729288409004376,8.462331941764024,2.51783027379569
1501,8.673663681378429,8.516477299933989,2.5432153000823248
1502,8.639667489514235,8.522892207793499,2.5525955385491006
1503,8.577600436693261,8.559261018936276,2.5791767694489223
1504,8.514068043015747,8.584914740260968,2.5836615408623906
1505,8.470206405537851,8.630620739146135,2.613632868105625
1506,8.397397088136186,8.651097651600743,2.632887785566829
1507,8.363583728205361,8.649105722173182,2.645589723628257
1508,8.335795100002674,8.683912525980292,2.6694667605461113
1509,8.310518021254579,8.700258191467057,2.671432327135882
1510,8.23925956704409,8.716834159554772,2.674061835057443
1511,8.170400334277602,8.755335999123458,2.699353377932512
1512,8.125412449596253,8.779884944103706,2.703565038073519
1513,8.069809156427274,8.77204014727341,2.7168368386952633
1514,8.025551977363776,8.792585871098009,2.738500740829606
1515,7.995222641068358,8.810243948987136,2.7421058890671843
1516,7.946126429905401,8.827439996434247,2.7591703358157798
1517,7.858401777514026,8.85426761645461,2.7723121691333983
1518,7.859104722945745,8.845513404837375,2.789491281962176
1519,7.843649086059818,8.85664772004715,2.8128176813972328
1520,7.8076591235837975,8.865953666908679,2.8150166585824237
1521,7.731439744786467,8.899732348540882,2.8347723365878235
1522,7.673729212516018,8.904628360274602,2.8468520597443336
1523,7.596201163011247,8.918354164534904,2.8551199468668584
1524,7.560349173599739,8.9097011598256,2.878806224624901
1525,7.515755675197851,8.902858466747382,2.876729600350103
1526,7.48497269400731,8.922740309179101,2.894149173344029
1527,7.396970530704747,8.93550995759194,2.9307827677324414
1528,7.339198380427729,8.92943490013169,2.944244572147237
1529,7.287714555299724,8.931577064898127,2.954926337097722
