9.5550909096,7.9085717283,2.2390149723
9.5195275989,7.9630092812,2.2661699753
9.4834376425,7.9947417552,2.2913630216
9.466030903,8.0021694787,2.3020118054
9.4187715958,8.0469883921,2.3157078789
9.3829700617,8.1127127957,2.3303488258
9.3774511164,8.1277890599,2.3369797855
9.3352965989,8.1503515754,2.3414536228
9.3205402881,8.1520234249,2.342173399
9.3148146285,8.1578760154,2.3438396892
9.2854049214,8.1604959879,2.3410553224
9.2302753712,8.2117259945,2.3581753855
9.1581187275,8.276213126,2.3678946784
9.1126541744,8.3266304022,2.3804715009
9.0916043238,8.356812649,2.3879559125
9.0469799778,8.3826117149,2.3940720996
8.967801937,8.4048896272,2.4262110313
8.8954501624,8.4263729972,2.4327019514
8.832258134,8.4663973641,2.4523010435
8.8121418293,8.4627396703,2.4801761202
8.7900215032,8.4586614777,2.4782507125
8.7594400937,8.471705325,2.5075075133
8.7107676175,8.5085051788,2.5498873185
8.6514791923,8.5482845133,2.5780448918
8.6182322866,8.5814720411,2.6161099032
8.5764452788,8.6086732721,2.6247748161
8.5544652046,8.6204654842,2.6308981726
8.505819887,8.6221758826,2.6384814963
8.4494189352,8.6311694454,2.6504497044
8.3942045922,8.6566852669,2.6810533191
8.33578654,8.6467733565,2.712721794
8.2989223166,8.6560396422,2.7234302707
8.2432785526,8.7031960626,2.7508285197
8.1810282993,8.7352324046,2.753005547
8.1469156659,8.7404106625,2.7473184913
8.0719080443,8.779028297,2.7800233121
8.0402659676,8.7707598591,2.7905973569
8.0099335118,8.7798187237,2.8049473125
7.9666251653,8.7954618787,2.8114376763
7.8920232823,8.8208799938,2.8311217319
7.8190718684,8.8365665547,2.8476980766
7.7618114286,8.8375913432,2.8667551383
7.7292263845,8.834475875,2.877201057
7.7103927614,8.8307782962,2.8777188664
7.6816958015,8.8322823359,2.879746607
7.6117927315,8.8654880912,2.9032919922
7.5205987264,8.8698160709,2.9183809361
7.4763171026,8.8748521912,2.9411437318
7.4301344599,8.8761121692,2.9404987894
7.3922413693,8.8890511668,2.9270070285
7.321946922,8.8900358418,2.9474663048
7.2575476511,8.909967675,2.970018
7.2122862926,8.9247877397,2.9911701803
7.1904128921,8.9360067308,2.995268005
7.1502075646,8.9314051146,3.0046753727
7.0842342041,8.9252524781,3.0186399345
7.0274098926,8.9160845892,3.0282425374
6.9457983937,8.9120758888,3.0295696849
6.8968082319,8.9171238868,3.0157376872
6.8719733105,8.9210213902,3.0156330322
6.8154279926,8.9261263393,2.9993572364
6.7488860432,8.9333463889,3.0118956096
6.6866823749,8.9436986011,2.998946546
6.5845863239,8.9549116004,3.0142820953
6.4739881642,8.9524355412,3.0315806417
6.432291878,8.9682855396,3.0465623716
6.3906871023,8.9984375732,3.0685821905
6.3741169331,9.0192716611,3.0748267038
6.3374824924,9.0078869656,3.0821124127
6.2678305089,9.0246471903,3.0759344537
6.207281583,9.0422249968,3.0755997472
6.164154612,9.0530061931,3.0634771502
6.114804111,9.066056427,3.0672300879
6.0779791566,9.0710176973,3.0769637045
5.9789639546,9.0756694267,3.0667533135
5.9323718574,9.0902798788,3.0769143669
5.8242875517,9.0773436537,3.0890469933
5.8046442556,9.0864684027,3.0803301408
5.7760465797,9.0937680907,3.0821602416
5.7292056446,9.1031714296,3.0685618358
5.6538706176,9.1201758352,3.0770221021
5.6052128971,9.1255994948,3.0792176411
5.5658022858,9.1080225164,3.087352578
5.5698923613,9.0865300471,3.1026456876
5.572415953,9.0504116814,3.0886043562
5.4918671613,9.0493253367,3.097755905
5.4419606426,9.040204552,3.1063179781
5.3490734592,9.0379037128,3.1199713889
5.3221089579,9.0328343462,3.1058153079
5.2715916342,9.0388875626,3.0946272991
5.1756905287,9.0469525557,3.0958520047
5.128757968,9.0397167468,3.0914047201
5.0529680766,9.0441200763,3.0942663434
4.9938467634,9.0381702065,3.1058479432
4.9009710163,9.0382203708,3.1187118744
4.8094067847,9.0502608171,3.1324760074
4.7302627639,9.0725912271,3.1398109379
4.6567220375,9.056584466,3.113247818
4.6198558401,9.0476291387,3.1220189286
4.5596332244,9.0433082945,3.1212342117
4.4941054769,9.0711802113,-3.1408500921
4.4032873288,9.0765049435,-3.1254794028
4.2936569015,9.0959661933,-3.1342768583
4.2662746513,9.0811568863,3.1197844488
4.2499058079,9.0702911341,3.1167875532
4.215742989,9.077059083,3.1051113588
4.1520197197,9.0803233876,3.1106095185
4.0402019478,9.0840328711,3.1123984167
3.9951144588,9.0731833881,3.1083754335
3.9545964106,9.0630218178,3.1081772034
3.9466796352,9.0595841756,3.1231948779
3.888202825,9.0584880919,3.1035504101
3.8174850128,9.0535193477,3.1141334439
3.7338159457,9.0639421266,3.1321438768
3.6979717702,9.0591812692,3.1146002523
3.6544519313,9.0559869648,3.1144277439
3.6135217522,9.0675762089,3.1286657564
3.515764685,9.0929293814,-3.1364095821
3.4298853494,9.1108295444,-3.1273784286
3.4288279962,9.0954682298,-3.1237278278
3.3717080334,9.1074835919,-3.1332192953
3.3496650849,9.0932695825,3.1254589527
3.2711897635,9.0789682477,3.1202427775
3.2250747044,9.0813227216,3.1011190884
3.1413757119,9.0771868384,3.1044213567
3.0573735666,9.0694230409,3.1153987004
2.9832658764,9.0832005535,3.1292472453
2.9694649429,9.1060467629,-3.1355567816
2.9389958295,9.1212386957,-3.130398843
2.8849442017,9.1337781824,-3.1263250271
2.7936347717,9.1184708059,-3.1215486254
2.6508020667,9.094934701,-3.1161196468
2.5671037411,9.1118450823,-3.1333642472
2.4991840516,9.1063559197,3.1297028699
2.3957273758,9.0907638325,3.106280774
2.3587411696,9.0765989759,3.1118885212
2.3000355421,9.0715400983,3.109007812
2.2518551594,9.0651344746,3.1181671455
2.13695539,9.067459904,3.1038307021
2.1302560443,9.0728965559,3.1026073125
2.0574118284,9.0711510685,3.1134077082
2.0073764704,9.0837811743,3.1342215226
1.9630784873,9.1014401055,3.1366336702
1.8733709034,9.1158190755,-3.1273748563
1.7948321006,9.1264612383,-3.1405080807
1.7812013228,9.1091960871,3.1174358709
1.743892451,9.1051637533,3.1266693065
1.7214251939,9.1014205154,3.1261533975
1.6707009798,9.0868329289,3.1082147935
1.570878414,9.0813487887,3.0896770335
1.4908244962,9.0894094751,3.0955436836
1.472587262,9.0975241596,3.0998359454
1.3709550919,9.0952434154,3.1042553447
1.269062534,9.100639604,3.125314985
1.1489044296,9.1235913835,-3.1363631562
1.0979606551,9.1047545742,-3.1245447225
1.0826514338,9.1152285569,-3.1338144315
1.0475377119,9.12534775,3.1403606926
0.9478184828,9.1391554281,-3.1392525815
0.9078326557,9.1498150067,-3.1279682367
0.8317299441,9.1186560831,-3.1200343584
0.7755810244,9.1049948775,-3.1236929503
0.7257347277,9.0857308747,-3.1136366381
0.6552459882,9.0847155476,-3.1296086956
0.5781312825,9.100153373,-3.1372365943
0.5617415373,9.1196134951,-3.1333131315
0.5349491638,9.1367824267,-3.1305276756
0.4560756624,9.135811413,3.1349546417
0.382808486,9.1473172724,-3.1290345139
0.2907848723,9.1534442173,-3.1394155174
0.245418446,9.1538240616,-3.1251918383
0.1926398839,9.1309484191,-3.1158678284
0.0669081345,9.1199679268,-3.1210979126
0.0395828422,9.1233776406,-3.1281472412
0.0198430685,9.1382642677,-3.1325846216
-0.002978767,9.1472287758,-3.1305696688
-0.0676593719,9.1584866318,-3.1379163962
-0.1560481715,9.1309795749,3.1217780624
-0.2576392232,9.1030951041,3.1152990938
-0.2732409333,9.0935722897,3.1041960159
-0.3449727661,9.1044144715,3.1356822717
-0.3984543551,9.1147387483,3.1374772994
-0.4961187643,9.1317262021,3.1394437042
-0.5587022556,9.130110676,3.1299678972
-0.6100919138,9.105040703,3.1102194377
-0.6471042873,9.1091018233,3.1110661725
-0.6829551118,9.1105340924,3.1118124261
-0.7450446734,9.1130774806,3.1015637644
-0.8097127197,9.099064127,3.0883016915
-0.9177379745,9.0840121788,3.0828351228
-1.0281309106,9.1181568533,3.1354231783
-1.1003261728,9.1094811195,-3.1251976678
-1.1901043248,9.1248409583,-3.1300433508
-1.2587263833,9.1392141657,-3.1309558788
-1.2863817691,9.1409890138,-3.1267507481
-1.3450099365,9.1471218508,-3.1255355787
-1.4099780591,9.1568021417,-3.131703909
-1.4873043214,9.1666320317,-3.13391491
-1.5407821172,9.1789062389,-3.1291596934
-1.5701214597,9.1836127989,-3.1280752293
-1.6293755431,9.1920950425,-3.1250978319
-1.6713067406,9.1902953265,-3.1268285769
-1.7448674333,9.1767338144,-3.1216970986
-1.8276361649,9.1619202457,-3.1216811771
-1.8515090498,9.1557315298,-3.1233898481
-1.9086426413,9.1409167086,-3.1217310048
-1.9501643275,9.135154884,-3.1252466634
-2.0171796742,9.1338170436,-3.1256298543
-2.0841384525,9.115703789,-3.1104346087
-2.1792816093,9.1204012187,-3.0945791694
-2.2074831235,9.098142655,-3.1220274035
-2.2568008574,9.0939514145,-3.129742768
-2.2567807689,9.0929319685,-3.1285821168
-2.3189100724,9.0950362898,-3.0995421003
-2.3960223475,9.0761899505,-3.1229114526
-2.4365875407,9.1008132944,-3.1343264938
-2.4763897002,9.117702142,-3.1373436737
-2.4737419295,9.1157609956,3.1254734389
-2.532348702,9.1111055392,3.1249457435
-2.6047006554,9.1114873679,3.1290895827
-2.6998629385,9.1132562158,3.1295998783
-2.7658117109,9.1266860883,-3.1312674484
-2.8047169495,9.1351078302,3.1358000564
-2.8394012599,9.1232555715,3.1287227613
-2.9059672195,9.1048644592,3.1219835876
-2.9851087199,9.1291998175,-3.1350097229
-3.0328085429,9.1433699876,-3.1283499484
-3.0934676235,9.1395846477,-3.1239638567
-3.1592468894,9.1271335982,-3.1213138565
-3.1950759712,9.1049454529,-3.1196505118
-3.2538711269,9.0971462795,-3.1258972787
-3.3425201917,9.0870545884,-3.1260849388
-3.4283143968,9.0713198465,-3.1252593289
-3.4888688858,9.0616661425,-3.1283445862
-3.5862189738,9.0420571894,-3.126038535
-3.6083434138,9.0412685232,-3.1323173626
-3.6655953434,9.0441294336,-3.1317643875
-3.7431714813,9.0281333572,-3.1283510789
-3.8031243935,9.0113439452,-3.1310778132
-3.854827178,9.0055922771,-3.1330258757
-3.8767752694,9.0059603609,-3.1227251864
-3.9087146804,9.0091394506,-3.1223355254
-3.9494098393,9.0170842406,-3.1193358703
-4.0289172191,9.024195497,-3.115275601
-4.11472223,9.0621999856,3.130547438
-4.1364475209,9.0950358834,3.1414306374
-4.159860763,9.1215961242,-3.1305562395
-4.2019599718,9.1212202377,-3.1236407916
-4.22621259,9.1165923907,-3.1222262491
-4.2744477764,9.1062697066,-3.1193762554
-4.3397306301,9.0975033637,-3.1209846374
-4.3675192724,9.0967919358,-3.1256657872
-4.3688549706,9.1024446253,-3.1239466997
-4.3858261598,9.1040675383,-3.1248453816
-4.4328689267,9.1050540103,-3.124817742
-4.4388659388,9.1076405157,-3.1243415795
-4.4669214488,9.1170291944,-3.1263679303
-4.4982429846,9.122184638,-3.1257979972
-4.5592018789,9.1210311758,-3.123286004
-4.6005897766,9.1280608256,-3.1242905923
-4.5926615088,9.1328810551,-3.1271844803
-4.6732113601,9.1329098379,-3.1361805935
-4.7242346133,9.126257476,3.1317005568
-4.7412200112,9.1129624721,3.1361019847
-4.7846844369,9.1033440846,3.1262067674
-4.8329717602,9.0990544946,3.124954287
-4.9293191529,9.0999025813,3.1214616535
-5.0281188423,9.103353611,3.1200128295
-5.0953413146,9.1129713818,3.12062768
-5.1808938233,9.1241738561,3.1207590293
-5.2398662251,9.1330417824,3.1246027279
-5.315933763,9.1351349331,3.1264727791
-5.3980953704,9.1421163568,3.1342340813
-5.4285498082,9.1399302664,3.1330551821
-5.4592698621,9.1344504511,3.1342277895
-5.485389417,9.1323271646,3.1339185546
-5.5578986053,9.129336039,3.1349772225
-5.6364118596,9.1277895028,3.1380867953
-5.6666842709,9.1272227895,3.1369201702
-5.6919163359,9.1213536364,3.1356394301
-5.7160781379,9.117836187,3.1352649902
-5.7737350573,9.1166721411,3.1398937956
-5.8486729826,9.1168400675,-3.1402100328
-5.9186063809,9.1233431525,-3.1308808159
-5.9914646068,9.130521061,-3.1247394628
-6.0440404282,9.1228102333,-3.1257142676
-6.0819771676,9.115630753,-3.1253717682
-6.1173560502,9.1139491463,-3.1269031084
-6.1913606413,9.1151881164,-3.1265345633
-6.2557752809,9.1214050382,-3.1291135763
-6.2907267677,9.1173381692,3.1292283334
-6.3305036662,9.1154053422,3.1272707245
-6.3715011087,9.1131783209,3.1271234351
-6.4489733724,9.1058731961,3.1236907946
-6.5161729608,9.110779806,3.1238919854
-6.5686661265,9.1048193061,3.1258133323
-6.6002899398,9.096381965,3.1228133277
-6.6363945931,9.0903765768,3.1202787366
-6.6676789199,9.0857363781,3.1186431521
-6.7391838292,9.0859261586,3.1176625067
-6.8253240385,9.0843218244,3.1139995644
-6.9068686216,9.0797366837,3.1193201787
-6.978630664,9.0749182121,3.119812932
-7.0238585528,9.0687466322,3.1286803128
-7.0622174779,9.0677706592,3.1256033829
-7.1019954429,9.0799143505,3.1373323608
-7.177103533,9.0941695946,-3.1331121761
-7.2665773042,9.0859466544,-3.1207430771
-7.3171313922,9.0901353012,-3.1203746327
-7.3627479037,9.0820716119,-3.1144529789
-7.4122128715,9.0916371803,-3.1093437806
-7.4887317491,9.0911892637,-3.1111639466
-7.550294668,9.1054544519,-3.1277074862
-7.58872523,9.1233560294,-3.1168790967
-7.665314474,9.118373083,-3.1038602552
-7.7432310309,9.1094790994,-3.1043020235
-7.8092836732,9.1044117184,-3.0991604671
-7.8742017868,9.0980611632,-3.0969090734
-7.9382950032,9.0889997425,-3.0956139796
-7.9785306734,9.0844537719,-3.0952522135
-8.0105937713,9.0745153169,-3.0947338735
-8.0525039177,9.068378105,-3.0937768499
-8.134757241,9.0819626526,-3.1040613597
-8.2030952495,9.0809852705,-3.1363344477
-8.241536697,9.079076743,-3.1307325218
-8.2983527246,9.0796519343,-3.1278059836
-8.3484755359,9.0809617013,-3.1227255356
-8.4205119732,9.0829061086,-3.1220457779
-8.5250415131,9.0882118741,-3.1048266498
-8.6221134773,9.0846286989,-3.1026855908
-8.6813839952,9.0880274422,-3.0972815243
-8.7614521869,9.0959868148,-3.1130679868
-8.7988745884,9.085810374,3.1388480878
-8.8717242322,9.1042487137,-3.1248053019
-8.8984972949,9.1128443161,-3.1172889487
-8.9248222873,9.1198259348,-3.1153674858
-8.9542034684,9.1212036321,-3.1088099718
-9.0227950237,9.1177727471,-3.105918803
-9.0862036079,9.1162478773,-3.1033703668
-9.1123014455,9.1147158034,-3.1051541185
-9.1432034778,9.110402756,-3.1014885111
-9.1725257253,9.1083392634,-3.1038325325
-9.2406562911,9.1021020111,-3.1020018178
-9.2877808888,9.0979107554,-3.1011207058
-9.3794953758,9.096600171,-3.1116528787
-9.4095286567,9.0916640767,-3.0875721211
-9.4636599025,9.0844356627,-3.1085123609
-9.5033777311,9.0794980696,-3.110465933
-9.5878876369,9.0789604726,-3.115441412
-9.6711710795,9.076016218,-3.1311108483
-9.7461105386,9.0792731203,-3.1305711385
-9.7846404844,9.0786112977,-3.132025892
-9.8144281638,9.0762817677,-3.1284512351
-9.8751219571,9.0646675106,3.1277171904
-9.9565699596,9.0626030008,3.1296165787
-10.0387541649,9.0620895116,3.1332515821
-10.080313997,9.0633182589,3.1333807366
-10.1244260844,9.0627742927,3.135163668
-10.152240429,9.061437939,3.1383362754
-10.2189051531,9.0593274955,3.1386301406
-10.2722257219,9.0610744907,-3.1411376399
-10.3027101067,9.0615253822,3.1398399514
-10.3232369565,9.0592548556,-3.1397852278
-10.3472951786,9.0575743956,-3.1404439308
-10.4181095081,9.0567124838,-3.1384927546
-10.5298837296,9.0528194873,-3.1338965824
-10.6322860166,9.0509502785,-3.1307946339
-10.7031300605,9.0523254754,-3.126464033
-10.748470078,9.0595748402,-3.1217045132
-10.8174200534,9.0637295384,-3.1121116334
-10.8522922938,9.0639734045,-3.1090805097
-10.8784433874,9.0637349011,-3.106676142
-10.9097337192,9.0601961826,-3.1085553545
-10.974324178,9.0568061003,-3.1013948107
-11.0214945214,9.055798945,-3.1010252253
-11.0653017212,9.0559138913,-3.1374495197
-11.0943514023,9.05908471,-3.1327733908
-11.1329741334,9.0585132296,-3.1329865366
-11.2330086059,9.0545640047,-3.0971192427
-11.325624577,9.0445024238,-3.1242778785
-11.3755588014,9.0373685948,-3.1331519339
-11.4094714528,9.0386170415,-3.1290294566
-11.4413697729,9.039483058,3.089604801
-11.537919919,9.0506189376,3.1354883717
-11.6100614839,9.0545031181,-3.1379284279
-11.6688934364,9.0620331545,-3.1262327346
-11.7089800221,9.0677887865,3.1303738914
-11.7306115374,9.0722978476,3.1349186177
-11.7604447672,9.0738947692,3.1301422421
-11.8405403318,9.0823351019,3.1098778945
-11.8982400155,9.0896457888,3.1199343798
-11.9258038763,9.0885729581,-3.1257675177
-11.945874934,9.0857230344,-3.1246958282
-11.9858731987,9.0759461976,-3.0895718586
-11.9820502443,9.0703971978,-3.054238782
-11.9772907056,9.0681413412,-3.0589671398
-11.9688829118,9.0713082657,-3.1293919403
-11.9712074889,9.0744449143,-3.1313220352
-11.9956682042,9.0627802147,-3.1054037253
-12.0151166881,9.0581315908,-3.1034277837
-12.0215780658,9.0554012421,-3.1041939884
-12.025944015,9.0554385511,-3.1019012549
-12.0312384058,9.0564964975,-3.1001038742
-12.0405093772,9.0571963406,-3.0959054583
-12.0673217661,9.0480266052,-3.069931877
-12.0858899364,9.0416953802,-3.0686118434
-12.1249687093,9.0392432655,-3.0358088755
-12.1495491605,9.0424834438,-3.0262834278
-12.1573533738,9.0405523202,-3.0218233683
-12.1584529006,9.0431584018,-3.0220702071
-12.1747568612,9.0375487585,-2.9994710298
-12.1860280162,9.0296067124,-2.9950635375
-12.1908436688,9.0267084121,-2.993878057
-12.1953866995,9.02921506,-2.994636541
-12.1977237883,9.0298412916,-2.9923418351
-12.2089960766,9.0186135412,-2.9435689121
-12.2370259582,9.0148585882,-2.9691975609
-12.2542190743,9.0105326388,-2.9747172867
-12.2644631688,9.0087798342,-2.9713930051
-12.2889844874,8.995814938,-2.955960588
-12.2984511212,8.9845168265,-2.9589253867
-12.2987042081,8.9748046414,-2.9621235886
-12.3362502726,8.9725643354,-2.9178792111
-12.3345200508,8.9594704547,-2.8847458132
-12.3318793176,8.9503703237,-2.8845326518
-12.3294349378,8.9435257012,-2.887235911
-12.3286248632,8.9367541175,-2.8912896793
-12.3297915434,8.9345655718,-2.889055415
-12.3625162239,8.9450998919,-2.8918788475
-12.3868257972,8.9524216191,-2.8922008871
-12.3944103091,8.9614229182,-2.889464809
-12.4154622905,8.958442821,-2.8723993614
-12.4240174039,8.9550999124,-2.8752640893
-12.4325931613,8.9501799309,-2.8722821025
-12.4584035461,8.9404463341,-2.8593939265
-12.4689238455,8.9327148351,-2.8598532456
-12.4884022979,8.9310909875,-2.8177184175
-12.4937604543,8.9095290707,-2.7925731514
-12.4931268051,8.8930661692,-2.7947000443
-12.5108346302,8.8808353932,-2.7777840462
-12.5145748379,8.8727061883,-2.7754153415
-12.5159826045,8.8666416963,-2.7779191731
-12.5154656697,8.8582855953,-2.7812237019
-12.5372318855,8.8577600862,-2.7992777229
-12.5444978539,8.8621918604,-2.7988254382
-12.5490188558,8.8581028844,-2.8017586359
-12.5557870447,8.8540749883,-2.8054666363
-12.5711905528,8.8427011118,-2.7984952922
-12.5757859758,8.8352274679,-2.7960622677
-12.5776904139,8.8286241871,-2.7948573289
-12.5970793469,8.815995144,-2.7937558452
-12.6168324367,8.8041948145,-2.7722334966
-12.6434399234,8.8007472437,-2.7506491064
-12.6336865103,8.7820231958,-2.7339404449
-12.6481989179,8.7722358731,-2.7249567285
-12.6553752841,8.7540861431,-2.7271846892
-12.6607774608,8.7401422191,-2.705611541
-12.6793875652,8.7241994903,-2.6982187998
-12.6822064731,8.7122503463,-2.6977632125
-12.6862538846,8.7188170536,-2.6936108859
-12.6883645773,8.7206393217,-2.6929086589
-12.6917984503,8.7310071683,-2.6854267413
-12.7204112703,8.7394251487,-2.658333127
-12.7365326258,8.7259244116,-2.6508025076
-12.7481851062,8.7023704153,-2.6311092116
-12.7667043042,8.6959424214,-2.6219411897
-12.7766170909,8.6888757864,-2.6106854597
-12.7816810884,8.6849067772,-2.6120128264
-12.8042607302,8.6673325254,-2.5903806563
-12.8014668731,8.6650433886,-2.5821779955
-12.8109566231,8.6449262196,-2.5529192603
-12.8146924203,8.6334089066,-2.5524373901
-12.8220526657,8.624869508,-2.5696213043
-12.8275128754,8.6129511915,-2.5669819836
-12.8670532837,8.5890355216,-2.5424084187
-12.9047046768,8.58069319,-2.5114111845
-12.9070174123,8.5668364563,-2.5091696051
-12.9137948767,8.5440712341,-2.4562457288
-12.9248328797,8.5126915764,-2.4489934371
-12.9198500715,8.5002625084,-2.4380595316
-12.919932212,8.4976522205,-2.4370586941
-12.9221054303,8.4984447355,-2.4384645549
-12.9359627387,8.4828134854,-2.4367691896
-12.9784271396,8.447634894,-2.4204229238
-13.0398011462,8.4050438073,-2.3860398448
-13.0423254505,8.3645048989,-2.3600498287
-13.0491314342,8.3414461332,-2.3552493501
-13.062516413,8.3155333346,-2.3593540752
-13.0684140467,8.289672035,-2.3584683888
-13.1031876125,8.2352897888,-2.3561561764
-13.1329698043,8.1845881374,-2.352280132
-13.175382417,8.1499109614,-2.3451566963
-13.2405430452,8.1313565323,-2.3243399975
-13.262307177,8.1184838089,-2.3222774388
-13.2749936108,8.1083350572,-2.3150949868
-13.2943910767,8.0697286086,-2.3133137752
-13.3171530275,8.028707812,-2.3145166489
-13.3412031475,7.9990871136,-2.3047263909
-13.3579620328,7.9712290058,-2.3024052685
-13.394594165,7.9464729493,-2.275837686
-13.3987456145,7.8859011805,-2.2370680317
-13.426953747,7.8221691284,-2.2151944352
-13.4641829862,7.7786586666,-2.1835353279
-13.4827625469,7.7462164255,-2.1820747566
-13.5106151514,7.7034523056,-2.1593899743
-13.5353797275,7.6383593338,-2.1561557345
-13.5321842821,7.592035979,-2.1471764159
-13.5544305146,7.532274596,-2.1281938739
-13.6154251832,7.5064593694,-2.0903577284
-13.6303555017,7.4838972818,-2.0896826999
-13.6162871035,7.4335192033,-2.062200887
-13.6141524953,7.3684600301,-2.0554609429
-13.6517480295,7.3237589589,-2.0088293903
-13.6594698483,7.2589992563,-2.0031946747
-13.6594243045,7.2201529479,-2.0045416625
-13.6575772596,7.1852178195,-2.0039921683
-13.6747700386,7.1182051989,-1.9953142432
-13.7249692573,7.042942493,-1.9782332716
-13.7673442228,7.0005961973,-1.9611082552
-13.7790965204,6.971990105,-1.9576611767
-13.7925819692,6.9424525082,-1.9484493972
-13.8175192498,6.8649641948,-1.9605280418
-13.8315991387,6.7820007794,-1.9270993454
-13.8066872215,6.7454394798,-1.9010353928
-13.8159943895,6.7167927085,-1.8661073365
-13.8216717564,6.6806838527,-1.8627389209
-13.8492510793,6.6567799919,-1.8484170253
-13.8601345639,6.6137674212,-1.8420656842
-13.8656647694,6.5655552299,-1.8410732624
-13.8569130657,6.5119285252,-1.850529107
-13.8681124041,6.4913399034,-1.8621968129
-13.8798105152,6.4730610201,-1.8604908149
-13.8695155642,6.4549993828,-1.8429602993
-13.8709496123,6.4002740406,-1.8132440627
-13.8881193435,6.3566955474,-1.7925486664
-13.8905383945,6.331995207,-1.7773107819
-13.8611362309,6.2945204578,-1.7639093644
-13.8499944665,6.2606420173,-1.7685132139
-13.8724207773,6.2501394648,-1.7777116785
-13.855160496,6.2157215671,-1.767070674
-13.8738275142,6.1837988636,-1.7481140871
-13.9284162952,6.1449048796,-1.7132645637
-13.9186927165,6.1167111596,-1.6886347342
-13.9061209809,6.1011022751,-1.6935897114
-13.8857192602,6.0918192297,-1.6835147598
-13.904486225,6.0469568795,-1.6508024972
-13.9160517887,5.9943266746,-1.6290168027
-13.9029555296,5.9528535605,-1.6134630755
-13.8550798539,5.9013437884,-1.6004933777
-13.8316881089,5.8872151618,-1.6062524197
-13.8705726897,5.8695924273,-1.5760088895
-13.8890455901,5.8604538321,-1.5683958928
-13.8901610632,5.8304695544,-1.5538419373
-13.8876917996,5.8156430626,-1.5369781727
-13.8857022295,5.816605299,-1.5331171629
-13.8839040203,5.8203653544,-1.5336864919
-13.8833730767,5.8207317928,-1.5355291272
-13.8833719943,5.8224137334,-1.534552993
-13.8455166401,5.7987197019,-1.5335795899
-13.8230732517,5.779761897,-1.5349195445
-13.810197576,5.7645315784,-1.5327553275
-13.810726106,5.7546479106,-1.5208472654
-13.8026158853,5.7343801327,-1.5155741894
-13.8053987731,5.716537647,-1.5127557583
-13.8293116698,5.691795709,-1.5005990212
-13.8319793452,5.6575672833,-1.4639692365
-13.8314068784,5.6337410447,-1.4542160352
-13.7928089089,5.6167750886,-1.4462431581
-13.7545012768,5.5751797074,-1.4420854378
-13.7397626636,5.5313708554,-1.4231563356
-13.7102113896,5.5055997323,-1.4177055211
-13.7463205765,5.4515746316,-1.3779663512
-13.7539668658,5.4326267532,-1.3752426123
-13.7474212745,5.4036076623,-1.3510062569
-13.7454495977,5.3735845419,-1.3290873377
-13.7486115426,5.336698041,-1.3295306436
-13.7579809082,5.2991817412,-1.3005357491
-13.6945073285,5.2536453986,-1.2802233727
-13.6275694854,5.1999448766,-1.2905779905
-13.5832838611,5.1394418449,-1.2914414705
-13.563470853,5.1043546805,-1.2966303723
-13.5525814579,5.069474151,-1.2966781434
-13.531186629,5.0383821561,-1.2914963339
-13.5230376927,5.0187150679,-1.2929261391
-13.5100118774,4.9786442757,-1.2976863013
-13.4977968325,4.9288273155,-1.2923545812
-13.5224230917,4.8780631353,-1.2718940455
-13.5257733031,4.8453936228,-1.2632830794
-13.5006251239,4.8053589612,-1.2615267355
-13.4870027447,4.7766783022,-1.2652279639
-13.4632170414,4.717418763,-1.260492955
-13.4333910465,4.6557864939,-1.2601143305
-13.432359597,4.6027808126,-1.2439633322
-13.4451287167,4.5747558384,-1.2279648697
-13.4087988901,4.5365470125,-1.2491638117
-13.389486835,4.5056477967,-1.2559111327
-13.3554560708,4.4411691301,-1.2739173627
-13.36624245,4.3858723077,-1.2922196841
-13.4079594679,4.3515395874,-1.3033358078
-13.3914497089,4.3069504057,-1.3170036161
-13.3815255418,4.2793059716,-1.3216348417
-13.3371673717,4.2066614496,-1.349987833
-13.3489872259,4.1478092561,-1.3582260348
-13.3509179176,4.1204029077,-1.3649529413
-13.3657967402,4.0903231798,-1.3899289904
-13.373769785,4.0709694829,-1.3879420598
-13.338575198,4.0420416795,-1.4259209176
-13.3569742423,4.0176681682,-1.4488530736
-13.3751381671,4.0094904905,-1.460579141
-13.3451910785,3.9969626958,-1.4989423798
-13.3318548551,3.9897003581,-1.503209116
-13.3593436157,3.9716806834,-1.5294448597
-13.3741628391,3.9512644036,-1.5481689187
-13.3546215719,3.933466392,-1.5762001139
-13.3702859816,3.9236280281,-1.6022954365
-13.39407836,3.9135288553,-1.6254474065
-13.4137689152,3.9042228174,-1.6214786495
-13.397710941,3.88190978,-1.6585515572
-13.4010893416,3.8586358154,-1.6904108529
-13.42968554,3.8370937366,-1.6999659774
-13.3946401559,3.8307766663,-1.7503929396
-13.4232908479,3.8147033755,-1.7687054689
-13.4349020711,3.8000253295,-1.768088184
-13.4368283543,3.7778046321,-1.8118276315
-13.4172320724,3.7568043855,-1.8290918006
-13.4521894235,3.7531549011,-1.8476906539
-13.4601527803,3.738663139,-1.8915761438
-13.4642473232,3.7237903054,-1.892164107
-13.5062512208,3.7023920155,-1.8983407973
-13.5163001211,3.6789076184,-1.9026538289
-13.5013036232,3.6692326875,-1.9130148038
-13.5125729906,3.6468797836,-1.9340789028
-13.5421566647,3.6208408941,-1.9384554499
-13.5837526512,3.5884218596,-1.9404721491
-13.5626256866,3.5669076817,-1.9691180402
-13.5653909572,3.5442946062,-1.9607156848
-13.5943781658,3.5104113762,-1.9487822086
-13.6141607015,3.4944531604,-1.9442981559
-13.658802884,3.4704035682,-1.9320518202
-13.7170243517,3.4228293,-1.9281655366
-13.7182482941,3.3846835411,-1.9396165636
-13.7300983572,3.3665629663,-1.9350304575
-13.7465550423,3.3260060944,-1.9325691997
-13.7530849789,3.2980746125,-1.9338109695
-13.7526296183,3.2438254055,-1.9264960231
-13.7623280633,3.1915282974,-1.9204221905
-13.7458341382,3.1578589992,-1.9170848689
-13.7386417432,3.0994957732,-1.9313569758
-13.7422114514,3.0605171888,-1.9284071825
-13.7631162418,3.0163130397,-1.9299219386
-13.7882061375,2.9830952201,-1.9337204179
-13.7985377137,2.9084610509,-1.9307435866
-13.7878570422,2.8355635572,-1.9301783696
-13.7767214093,2.7657270672,-1.9302648076
-13.792216593,2.7258123769,-1.9254516698
-13.7878385165,2.6924904165,-1.9255196949
-13.8205166432,2.6533703202,-1.9120339613
-13.8924275727,2.5961892148,-1.9005550336
-13.917981936,2.5420092224,-1.8918860187
-13.9017965981,2.5017086372,-1.8826202824
-13.8835869221,2.4647838102,-1.8854157133
-13.8923614974,2.4331201057,-1.8420653641
-13.9123244346,2.3403874026,-1.8434525754
-13.9193202433,2.2680031522,-1.8420406141
-13.9365433521,2.1983591304,-1.8344605978
-13.9664920534,2.1716943378,-1.8210829702
-13.9950847585,2.140546804,-1.81063555
-13.9876664142,2.1107535799,-1.7916456013
-13.9910089601,2.0323361317,-1.7626401292
-14.0183728823,1.9318387181,-1.7635082211
-14.018983995,1.8683616133,-1.7551789257
-14.0155949167,1.8359652404,-1.7479785583
-14.0536614407,1.8140370635,-1.715949569
-14.0618582855,1.7984157414,-1.7133366078
-14.0269477431,1.79384759,-1.6987550899
-14.0215349216,1.7609594902,-1.7024586584
-14.0204308927,1.7362212237,-1.6948941232
-14.021947204,1.7234218671,-1.6888172222
-14.0125505609,1.7390482866,-1.6774230582
-14.0119461121,1.7465716728,-1.677460323
-14.0003645433,1.7501899663,-1.6748717338
-13.995959478,1.7192082794,-1.6876671203
-13.9923215357,1.6925996443,-1.685970596
-13.9949042529,1.6618775833,-1.6813432779
-14.0177438125,1.650203788,-1.6450020911
-14.0378911316,1.6160244711,-1.635298743
-14.042485286,1.5949986792,-1.634690685
-14.0502076435,1.5869116573,-1.6320917446
-14.0360445326,1.5611411099,-1.6284573984
-14.0262739328,1.5329949398,-1.6205665725
-13.9909640969,1.5195117745,-1.5924761346
-13.9885633632,1.505372859,-1.600170877
-13.9874634258,1.4950814123,-1.5975945405
-13.9850024227,1.4831638103,-1.5974331905
-14.00335384,1.4642361309,-1.5833885157
-14.0385698246,1.4480366548,-1.5593195347
-14.0148786582,1.4427209172,-1.550352407
-13.9987706969,1.4437285669,-1.5448339945
-13.9938357668,1.4158542948,-1.5497425308
-13.9892268908,1.4018065803,-1.5520601935
-14.0014277752,1.4100893423,-1.556595387
-13.9969405913,1.4083989238,-1.5532736933
-13.9922327851,1.4050836221,-1.5523720087
-13.9897108601,1.4026922284,-1.5512260087
-13.9799352779,1.3956115319,-1.5519545036
-13.9791406048,1.3824786654,-1.5426722735
-13.9834400976,1.3636162009,-1.527594409
-13.9697984819,1.3483996114,-1.5176825681
-13.9565379012,1.3399590629,-1.5196661436
-13.9760275422,1.3211818102,-1.5013946147
-13.9882891751,1.3127002034,-1.4852992074
-13.9743189425,1.3078896789,-1.4717530796
-13.9800570952,1.278536206,-1.4719371971
-13.9918729689,1.2706340356,-1.4684681843
-13.9880094005,1.2673270109,-1.4698591767
-13.9906901983,1.265590102,-1.4682323352
-13.9799959611,1.2559462523,-1.4692066381
-13.9779185641,1.2405209069,-1.4555353445
-13.9763154339,1.2299365333,-1.4442713896
-13.9728043323,1.2212818897,-1.4450353283
-13.9570746578,1.2096391067,-1.4386713307
-13.9420611922,1.1900300027,-1.4359726673
-13.9453560272,1.1814424361,-1.4172863072
-13.9517496728,1.1800133435,-1.4001957843
-13.9661184882,1.1664505849,-1.3989088685
-13.9791954986,1.1596625118,-1.3948506881
-13.9828391504,1.1540291057,-1.4034204202
-13.9763564043,1.1371251999,-1.3965002928
-13.939222348,1.1167030136,-1.3935451928
-13.9234890473,1.1078297621,-1.3907950028
-13.9137565372,1.0980138029,-1.3920294274
-13.9041990958,1.0874211619,-1.3820684882
-13.8893571038,1.0656339931,-1.3689904119
-13.8554353387,1.0429019607,-1.3605012149
-13.8609228543,1.0033677981,-1.2868338414
-13.8477305154,0.9893847053,-1.2846869059
-13.8379630499,0.9799744062,-1.2855231682
-13.8356210273,0.9703206758,-1.2796024492
-13.8407236641,0.9713224363,-1.2634613082
-13.8539401135,0.9691730665,-1.2511394251
-13.855426291,0.9514413721,-1.2536893628
-13.8481883732,0.9399136467,-1.2532236636
-13.845143414,0.9324301036,-1.2532786432
-13.8327545338,0.924622126,-1.2440375101
-13.8339176316,0.8993894475,-1.2180140987
-13.8305991956,0.8746042726,-1.2098487943
-13.7957212272,0.8622517907,-1.2031972881
-13.7728955501,0.8494291078,-1.2073021957
-13.7965302595,0.8403400511,-1.1778894038
-13.78663991,0.8164146929,-1.1479359498
-13.7787809186,0.801242768,-1.1680815267
-13.7643910936,0.793248558,-1.1577449833
-13.7575460896,0.7917208511,-1.1574064607
-13.7295304722,0.7991764085,-1.0955169839
-13.7158329416,0.8012920869,-1.090996917
-13.7128427193,0.7996918783,-1.0868619116
-13.7045510961,0.7944757685,-1.0922175559
-13.7062139037,0.768599799,-1.0955658851
-13.7255140679,0.7554800692,-1.0991625048
-13.7272402522,0.752579656,-1.1020597621
-13.7205756724,0.7464213733,-1.1072060024
-13.7153126688,0.7367341739,-1.108772733
-13.7104917063,0.7290656921,-1.0981629861
-13.6919656303,0.7189091092,-1.0920791789
-13.6812661954,0.7162631,-1.0913257996
-13.6723919186,0.7087414452,-1.0927309028
-13.6708933605,0.6955419745,-1.0615350391
-13.633105282,0.6703320379,-1.0466314375
-13.6442998771,0.6711646222,-1.0735103813
-13.6452421913,0.6677578247,-1.0740333106
-13.6139975405,0.669189482,-1.0643475808
-13.5749327895,0.6374986829,-1.0481612731
-13.5458995709,0.6130824133,-1.0171363218
-13.5349854467,0.5711932682,-1.0023312232
-13.5039047517,0.5291049148,-0.9808608082
-13.504427504,0.4848552582,-0.9759973199
-13.4904187785,0.4556251237,-0.9513285264
-13.4459355497,0.4252120865,-0.9360596864
-13.4210520213,0.3911497163,-0.9185715541
-13.3988828579,0.3686991845,-0.9160610393
-13.3691572733,0.3223029662,-0.8865111059
-13.3607638181,0.3039499775,-0.8831286737
-13.3107420559,0.3080672175,-0.8712543716
-13.2740002462,0.2784260174,-0.8697806224
-13.2344233928,0.2513151361,-0.8679293968
-13.2116800147,0.2002860175,-0.8394157412
-13.1899078474,0.1719746666,-0.8124706
-13.1909443546,0.1439576894,-0.8073691537
-13.1382544972,0.138838785,-0.7936700334
-13.0748713859,0.082482393,-0.7602225356
-13.0423043787,0.0550973889,-0.7333265685
-13.0086363042,0.0186164442,-0.7197381566
-12.9599237993,0.0144599225,-0.699831194
-12.9184074112,0.0212401235,-0.7040580745
-12.8839210607,0.0108677928,-0.6946852525
-12.8414967952,-0.0247680447,-0.6684854076
-12.7907562845,-0.0221840992,-0.6563515044
-12.7490988017,-0.040979423,-0.638642704
-12.7106682669,-0.0439132747,-0.6228812373
-12.6875488652,-0.0429714578,-0.6227210289
-12.6816781393,-0.0780436387,-0.5936884136
-12.6627254705,-0.0983052682,-0.5893023548
-12.64049537,-0.1022723127,-0.573262543
-12.5958615115,-0.1079571299,-0.5579894406
-12.5822343582,-0.1528378359,-0.5264886672
-12.590689444,-0.1828105815,-0.5167813762
-12.5425863432,-0.1580191468,-0.5000530168
-12.5052954371,-0.1885766317,-0.4748547713
-12.4296996156,-0.1830161784,-0.4681053718
-12.3842120307,-0.2134532433,-0.4382877695
-12.3443281289,-0.2153328701,-0.4134359873
-12.3115694795,-0.199729558,-0.4207635643
-12.2782479767,-0.2109452323,-0.3955162316
-12.1858459768,-0.2110888143,-0.3989036148
-12.1366589251,-0.2352324133,-0.3610074985
-12.0854089452,-0.2604122326,-0.3308118638
-12.0655487451,-0.2732426315,-0.3328730462
-12.0624546975,-0.2840975971,-0.3301182353
-12.0354920209,-0.3074310878,-0.3208271484
-11.9890289421,-0.3056793758,-0.3109918498
-11.9228522864,-0.3120468356,-0.2851919557
-11.8745468232,-0.319806064,-0.2764813899
-11.7811800454,-0.3405002957,-0.275103664
-11.6929373718,-0.3445360532,-0.2719044808
-11.6251055999,-0.3712921792,-0.2410728745
-11.5622354654,-0.3865407646,-0.2120432752
-11.5336341875,-0.3853500811,-0.2166806573
-11.5058426407,-0.3865076702,-0.2219808154
-11.4666343495,-0.3908811757,-0.2197279453
-11.4041536198,-0.3908082074,-0.1987287326
-11.3402390232,-0.3949871509,-0.1987118893
-11.3086506941,-0.3950939984,-0.1986738002
-11.2830446618,-0.3932309179,-0.2006566343
-11.2577176104,-0.3952341682,-0.2016013099
-11.1811228215,-0.398013341,-0.200062724
-11.1230920926,-0.4250789451,-0.1629437577
-11.0906650478,-0.4438106355,-0.1601304201
-11.0624583866,-0.4647374142,-0.160207949
-11.0406441405,-0.4856840662,-0.1505105672
-10.9640510897,-0.5130227483,-0.1491704562
-10.9188047664,-0.5381856454,-0.1437888418
-10.8312787411,-0.5559720609,-0.1381357887
-10.7448688646,-0.5709019144,-0.1363590503
-10.7054376492,-0.5694960254,-0.1342487687
-10.6476363362,-0.5520262994,-0.1327623923
-10.5955213684,-0.5405601337,-0.1375164034
-10.5244523057,-0.5375562227,-0.1098240154
-10.4681535269,-0.532532628,-0.1096119735
-10.4023306558,-0.5256642204,-0.1044961237
-10.3882562688,-0.5235409508,-0.1097435278
-10.379903051,-0.5173697362,-0.1075168225
-10.3455802544,-0.5161056921,-0.1061579688
-10.2404974687,-0.5197559816,-0.1027439991
-10.167719173,-0.5308974356,-0.0953180109
-10.0974108737,-0.5614305101,-0.0785534555
-10.0707338567,-0.5749863867,-0.0679229631
-9.9638426437,-0.5760794108,-0.0617380667
-9.8946020456,-0.5632882071,-0.0550765422
-9.8362492658,-0.5501397313,-0.0542301292
-9.8069518056,-0.5303109415,-0.0628661069
-9.7494514903,-0.5200930316,-0.0607532009
-9.73706951,-0.5124940509,-0.0630113961
-9.6759889051,-0.5252716248,-0.0539481859
-9.6101256241,-0.5341154489,-0.0406615203
-9.5679988197,-0.5354559024,-0.0361566045
-9.5421960536,-0.537542256,-0.0221628519
-9.5075134351,-0.5493354819,-0.0123729684
-9.4698676776,-0.566031758,-0.0064319644
-9.3663584566,-0.5938778614,0.0117302587
-9.2399710501,-0.5901703957,0.0194013349
-9.1228843145,-0.5883356751,0.0176493176
-9.1013104109,-0.5746789447,0.0194629383
-9.0570449212,-0.5538809811,0.0223944244
-9.0521581624,-0.5346377151,0.0163873854
-8.9958162512,-0.5516935894,0.003626155
-8.9314807327,-0.5514950025,-0.0144833064
-8.9045223833,-0.5480188254,-0.0178352357
-8.8716285168,-0.5434546237,-0.0398852024
-8.8545321503,-0.5443426325,-0.0389303616
-8.7769304991,-0.533004157,-0.0587850264
-8.7070055095,-0.5521567611,-0.0472490699
-8.6243821123,-0.5380969581,-0.0583768752
-8.64533495,-0.5551006787,-0.0482172765
-8.6254908638,-0.5525906091,-0.0387495423
-8.6231179226,-0.5519172819,-0.0388396959
-8.5480180316,-0.5500534558,-0.0243724759
-8.4521191868,-0.5639646528,-0.0094784275
-8.3762934995,-0.5923729119,0.0079839533
-8.3304837473,-0.6094677049,-0.0011286861
-8.2593447186,-0.6196880599,0.0031698875
-8.174659601,-0.6315266509,0.0100671811
-8.122475558,-0.6314051638,0.0201387021
-8.0641918727,-0.6283897593,0.018419676
-7.9819111292,-0.6066872546,0.0217392404
-7.9121867819,-0.5879771401,0.0333591975
-7.9017167023,-0.5924008336,0.0177960067
-7.8530688651,-0.6102900221,0.0075464696
-7.7618866724,-0.6263671281,0.0128721757
-7.7097997138,-0.632331318,0.0166805387
-7.6880452846,-0.6403989481,0.0067230588
-7.6702445382,-0.6108742565,-0.0313035963
-7.6323602984,-0.6087570438,-0.0282377431
-7.5389096678,-0.5881044432,-0.0302558485
-7.4250924113,-0.5793435239,-0.0338825797
-7.3373980156,-0.5762973838,-0.019961912
-7.3346929468,-0.5888127157,-0.0040672313
-7.2754329716,-0.6077720366,0.0085553891
-7.2286014497,-0.6201967877,0.0104096207
-7.1537214677,-0.6210631493,0.0165955682
-7.0997265721,-0.5990266969,0.0243325582
-7.038520036,-0.577369366,0.0205355631
-7.013699804,-0.560102417,0.0246542443
-6.9569964753,-0.5418931663,0.0225300274
-6.8960999302,-0.5166973402,0.0159152637
-6.8185854983,-0.5080894982,0.0107437761
-6.719922719,-0.526980763,-0.0055517243
-6.633893148,-0.532060453,-0.0338234273
-6.4991293881,-0.5373428507,-0.0285437955
-6.5208622585,-0.5444167356,-0.0206917486
-6.472266629,-0.5520799643,-0.0188497742
-6.4480380932,-0.5711448327,-0.0101144401
-6.4316959133,-0.6017726353,0.0050486724
-6.4089803179,-0.6257528751,0.0147745285
-6.3618888689,-0.6345443991,0.0155884179
-6.3524409198,-0.6416821998,0.0148670195
-6.3275989695,-0.6450168914,0.016915037
-6.2671545057,-0.6466157705,0.0177030465
-6.198690775,-0.6509992708,0.014903892
-6.1215795748,-0.65218975,0.0123610453
-6.1014561141,-0.6530463265,0.0146300326
-6.0824865251,-0.6579215559,0.014935587
-6.056679952,-0.6604312218,0.0138687823
-5.9843735917,-0.6610272953,0.0097077074
-5.9275895249,-0.6597934404,0.0064365964
-5.8231293228,-0.6341683564,-0.0125209061
-5.7039441084,-0.6076801515,-0.0268815872
-5.656227058,-0.5904648787,-0.0356444089
-5.6032912478,-0.5824162979,-0.0367787244
-5.5599218047,-0.5817408528,-0.041375097
-5.4781359175,-0.5915720513,-0.0391493013
-5.4008336083,-0.5956990682,-0.0332400033
-5.340913715,-0.5954646088,-0.0150602975
-5.2580364115,-0.5829559797,-0.0279693496
-5.1863124535,-0.5742778227,-0.0304645256
-5.1269120281,-0.5716429948,-0.0391919533
-5.0149331325,-0.5828107518,-0.042441922
-4.9395095288,-0.6078300287,-0.0355519219
-4.8746849756,-0.5997840861,-0.0519618669
-4.8245830282,-0.5760142731,-0.0625019383
-4.8273504457,-0.5601865359,-0.0685439009
-4.7751838393,-0.5464534677,-0.0696595496
-4.7034079584,-0.5584318098,-0.0418929127
-4.6675870581,-0.5677733312,-0.0385349064
-4.6080625518,-0.5703916644,-0.0347963418
-4.5098434234,-0.5743756736,-0.036258256
-4.4895308805,-0.5779421431,-0.0389957828
-4.4484761399,-0.5805925976,-0.0397803664
-4.4293790341,-0.5796971076,-0.0376872375
-4.3743677312,-0.5830204943,-0.0361074866
-4.3149882605,-0.5801917957,-0.0315874123
-4.3093007732,-0.5798992929,-0.0285938496
-4.2987404831,-0.5927202993,-0.0176630693
-4.2289908818,-0.6091257419,-0.0129585509
-4.1596626965,-0.6379491127,-0.0007769554
-4.0662659104,-0.6623968492,0.0123967529
-4.0174057825,-0.6752170057,0.0160792922
-4.0160632725,-0.6800996362,0.0136332151
-3.9505782421,-0.682152904,0.0152358801
-3.8965195751,-0.6834479627,0.0141105966
-3.85747999,-0.6877488011,0.0161341516
-3.7736947494,-0.6879931904,0.0163520683
-3.671379835,-0.6871388346,0.0152362042
-3.6086683086,-0.6799845043,0.0185807271
-3.6035098439,-0.66729379,0.0186740948
-3.5681401342,-0.6617349165,0.0190471201
-3.4540069367,-0.6607860524,0.0187124341
-3.401626115,-0.6506894833,0.0188899304
-3.3991800754,-0.6455521306,0.0179010082
-3.3187037901,-0.6528284326,0.0123804087
-3.2381132443,-0.6484684387,0.0182006703
-3.1550657516,-0.65240697,0.0139825388
-3.0460400434,-0.6621897032,0.0131920669
-2.9763462822,-0.6713223783,0.012738696
-2.9244536598,-0.6821950117,0.0078694856
-2.9007421187,-0.6908076057,0.0114559345
-2.8663430376,-0.663975691,0.0230716503
-2.7069870617,-0.6392574863,0.0227930538
-2.6034063838,-0.6376741794,0.0155752268
-2.5143410597,-0.6449348461,0.011611969
-2.5275675318,-0.6571579828,0.007405945
-2.4643176613,-0.6734907743,0.0119827831
-2.4230755264,-0.6759967957,-0.0006565694
-2.3167317652,-0.6726949046,0.0151220304
-2.2466343909,-0.6776390997,0.0126463285
-2.1540422382,-0.6857435442,0.0052285538
-2.1433568612,-0.6764161387,0.0197781005
-2.0662239855,-0.6465651033,0.033684731
-1.9934588857,-0.6160212221,0.0289456635
-1.8928903641,-0.5975896113,0.0142610642
-1.8455805734,-0.6068686858,0.0120030339
-1.8485366042,-0.6143185381,0.0147219476
-1.8554983578,-0.6218712632,0.012636293
-1.7753027766,-0.6346618664,0.0101967487
-1.6682047486,-0.6518198915,0.008367489
-1.6246159649,-0.6654479971,0.0088070086
-1.5477867045,-0.6760181097,0.0112807512
-1.4967533649,-0.6837877205,0.0130990306
-1.4093516902,-0.6883352526,0.0099271744
-1.3714859635,-0.6897620541,0.0011946415
-1.3508169117,-0.6894796041,0.0022966578
-1.3135767478,-0.6817255054,0.0010358293
-1.2967004222,-0.6518200316,-0.0205248627
-1.2316256496,-0.6612014435,0.0124555963
-1.1823622169,-0.6729773947,0.0107421768
-1.1209083695,-0.6572076491,0.0202240466
-1.0914688319,-0.6490100847,0.0479853908
-0.9726912615,-0.6383391962,0.044390081
-0.9768239496,-0.6256318292,0.0427023941
-0.9493964242,-0.595706394,0.0263452977
-0.9843052203,-0.5899403229,0.0164899785
-1.038445876,-0.5783548379,0.0146846148
-1.0711456512,-0.5877387045,0.013376636
-1.0812581378,-0.5842863509,0.0133464573
-1.0469007983,-0.5808447405,0.0125850005
-0.9823927209,-0.5862395506,0.0129500133
-0.9561166748,-0.5941716377,0.0106625701
-0.8811414473,-0.6067325926,0.0106861725
-0.8544870729,-0.6196442891,0.0112392188
-0.8553400975,-0.6313563081,0.0138468487
-0.7968904844,-0.6415493037,0.0116583829
-0.7465742843,-0.6517588172,0.0106220619
-0.7225871372,-0.6603021746,0.0109566269
-0.6344588788,-0.6706697779,0.0132064318
-0.622109725,-0.6746250511,0.0125112848
-0.6500962437,-0.6752445157,0.0167213854
-0.6239815914,-0.6779798469,0.0159422286
-0.5896528885,-0.6687818865,0.0189610722
-0.5570259401,-0.6606656114,0.0195574557
-0.5171942754,-0.6496118982,0.0192497858
-0.4239536695,-0.6394210374,0.0178234598
-0.3294021829,-0.6346291392,0.018120004
-0.2323036262,-0.6233173668,0.0187699786
-0.2438549479,-0.6147136908,0.0167547685
-0.2530170768,-0.623934802,0.0131929493
-0.1481700136,-0.6282218236,0.0137765329
-0.1088891296,-0.6315831884,0.0153311438
-0.0444502665,-0.6323622034,0.0149784051
0.047759153,-0.637427621,0.0154655621
0.2385192237,-0.6368022589,0.0139658284
0.15631104,-0.6422033789,0.0161725088
0.2030673416,-0.6347251598,0.0204301906
0.3182865951,-0.629486383,0.0186662265
0.4363051286,-0.6299702842,0.0145223892
0.4587173879,-0.6359827883,0.0142922131
0.5159649806,-0.6417620529,0.0220680114
0.5198070517,-0.6455190281,0.0244896563
0.5415278056,-0.6536140981,0.0201343627
0.5979359791,-0.6535149593,0.0169593101
0.6668651401,-0.6483328711,0.0120468419
0.7468904818,-0.6454379214,0.0089672714
0.8622785643,-0.6393926184,0.0115661979
0.9713106972,-0.64002846,0.0110239469
1.0601703354,-0.6426843356,0.0150470661
1.1691348937,-0.6455547213,0.016811615
1.2356031953,-0.6439666002,0.0115651364
1.3112631127,-0.6408309377,0.0107024191
1.4023344437,-0.6379453004,0.0019203287
1.5502271328,-0.6328569362,-0.0066044162
1.6808003277,-0.6244081164,-0.0088466579
1.7462169885,-0.6133761457,-0.0120400355
1.8427048179,-0.6006779563,-0.0152500678
1.9537540128,-0.59690446,-0.0105093161
2.0979032207,-0.5913368574,-0.0116112677
2.1552318304,-0.5923908726,-0.0070072942
2.2539464341,-0.5952407134,-0.0050684439
2.3112048792,-0.6048025057,-0.0011904081
2.3939253675,-0.6069822146,-5.27129298533387E-05
2.448998815,-0.6093305969,-0.0007339876
2.5455107868,-0.6233676054,0.0108478326
2.6122457261,-0.6349635002,0.0199556048
2.6459886392,-0.6361214565,0.0316354252
2.6533284735,-0.6360011352,0.031867137
2.7582343058,-0.6229642944,0.0377699248
2.8518805314,-0.626164781,0.0585617844
2.9505112949,-0.6143221693,0.0307879504
2.993303576,-0.619698737,0.0068407235
3.0300142147,-0.6291592447,0.0141683272
3.0829667761,-0.6380105093,0.0191640002
3.1113662713,-0.6418855884,0.018586978
3.1979818764,-0.642598199,0.0288864554
3.259294292,-0.6235576392,0.0325467066
3.334748379,-0.6267837995,0.0532756721
3.3823875551,-0.62642141,0.0536868115
3.4253132849,-0.6190184096,0.025501898
3.4666620006,-0.6260716091,0.021968501
3.5397719343,-0.6201761531,-0.0035791357
3.5896206989,-0.6275408539,0.0115720922
3.6244682782,-0.6221260281,0.0207328545
3.6539090317,-0.6223020257,0.0209801467
3.695543134,-0.6247770088,0.0229494419
3.7692030144,-0.6123874925,0.0348213967
3.8382790954,-0.618289747,0.0210299678
3.8514704743,-0.6089940967,-0.0046013385
3.8705532094,-0.5944632309,-0.0110169093
3.9130262186,-0.5762780245,-0.022492111
3.9793838343,-0.5489762474,-0.0269358941
4.0503472173,-0.5491790556,-0.0324189525
4.0969873372,-0.5448401673,-0.031967388
4.1413069781,-0.5354845179,-0.0325644384
4.1836618036,-0.5245815388,-0.0352147093
4.2307023706,-0.5187912777,-0.037758479
4.290433706,-0.5399969747,-0.0163516662
4.385535303,-0.5567524166,-0.0008567329
4.4341192238,-0.5481901477,0.0089217187
4.5339305103,-0.5850017358,0.0007588667
4.6015943699,-0.5742478414,-0.0161812186
4.6742453045,-0.5796669585,-0.0197490245
4.77606193,-0.6237959022,0.0062717511
4.7983753603,-0.6351405881,0.0203405089
4.8662095761,-0.630699822,0.0192788078
4.9376608524,-0.6170054644,0.0387633058
4.9987517777,-0.6329319533,0.0171143387
5.1141033532,-0.6355259929,0.0029255214
5.2199432258,-0.6508586236,0.0088109929
5.3084146924,-0.6433008235,0.01871177
5.37400133,-0.6376578378,0.0187898505
5.4197636546,-0.6289435305,0.0466330689
5.49742413,-0.6378049455,0.0174763898
5.5315612659,-0.6274037949,0.0181836281
5.5926959865,-0.6254245176,0.0178467739
5.6530513992,-0.6120113159,0.0221496994
5.6903666408,-0.6220636417,0.0088672412
5.7218605927,-0.6316765741,0.0172827714
5.7769837557,-0.637783659,0.0202111671
5.807453193,-0.6162665144,0.0247305259
5.8328775134,-0.6054660518,0.0295248349
5.85382413,-0.5983829637,0.0269134225
5.9130106411,-0.6052046992,0.0174562782
6.0072967434,-0.599478705,-0.0183197072
6.0565407501,-0.5916405583,-0.0161497755
6.0992464244,-0.5861570659,-0.0179100769
6.1304965846,-0.5813191619,-0.0172912193
6.2151202182,-0.5913169067,0.0028945984
6.2590510955,-0.587563162,-0.0228001164
6.3365358926,-0.599584315,0.007104795
6.3884109941,-0.6090423245,0.0100852607
6.4398763247,-0.5964739048,0.0231623299
6.4762881873,-0.5938186676,0.0243663334
6.6087824873,-0.6151219572,0.0150560302
6.6593646888,-0.6141340923,-0.0106853997
6.7210330573,-0.6196798387,0.0235661691
6.7748406992,-0.6219206852,0.0238790017
6.7959560031,-0.6202263925,0.025799266
6.8552226833,-0.5980325606,0.023997931
6.9160591748,-0.5800721241,0.0253811979
6.968117166,-0.5728054281,0.0210320288
7.036400382,-0.5733621282,0.0175195158
7.0753612829,-0.5930504071,0.0126403191
7.1023922984,-0.6037316736,0.0146014224
7.1660447739,-0.5892122964,-0.010199135
7.257441596,-0.5854844739,-0.0310320038
7.303434327,-0.5839866714,-0.0186885387
7.3922617761,-0.5805344388,0.0110347074
7.4585779613,-0.5672354928,-0.0069868111
7.5176000924,-0.5791756073,-0.0336393008
7.5977872721,-0.5962060499,-0.0529047793
7.6352528226,-0.5999592581,-0.0534972878
7.6952381963,-0.5952769356,-0.0348664591
7.7322382079,-0.5922653101,-0.0356165212
7.7922060506,-0.5946630168,-0.0226288337
7.859387662,-0.5823891146,-0.0018296173
7.9075024317,-0.5830891555,0.006023843
7.9551571837,-0.5820366575,-0.0092407361
8.0140123869,-0.5928310521,-0.0326489132
8.0499671707,-0.5957450717,-0.0301301172
8.1174899201,-0.5848007757,-0.0089275691
8.1518619338,-0.5859139937,0.0110787472
8.1593411964,-0.5767516943,0.0656959076
8.2032549488,-0.5430812919,0.1102853848
8.2211987172,-0.5213090693,0.1010322205
8.2729275924,-0.5103759086,0.1476190266
8.29827466,-0.5163919087,0.2118918437
8.3278931596,-0.5075876031,0.2225096431
8.3436649408,-0.5017463147,0.2243938123
8.3730648801,-0.5057635397,0.2146298648
8.3789924779,-0.4958708101,0.1903619155
8.3760091025,-0.4820348952,0.18310187
8.3739165594,-0.4739128499,0.1847530426
8.3858691047,-0.4859653469,0.1941160157
8.3908022522,-0.502629267,0.207238118
8.4132838036,-0.494414073,0.2166688902
8.4253852026,-0.4912007423,0.2181416566
8.4323167229,-0.4852674534,0.2268926793
8.4545358108,-0.4747914568,0.2445507743
8.4672295144,-0.4753218397,0.2648055223
8.4720084337,-0.4751779085,0.288118474
8.4980586387,-0.4874395573,0.2874676185
8.5061806324,-0.4928352043,0.2892763942
8.5375882412,-0.4809433389,0.3030053563
8.5246832303,-0.4509124415,0.3140630739
8.5554009759,-0.4453901705,0.3242134326
8.564132926,-0.4348661697,0.3256803546
8.567929087,-0.4226156413,0.3210455626
8.5822831239,-0.3957456218,0.3368934566
8.6010024401,-0.406548963,0.3700216124
8.5967286315,-0.3835118953,0.3876554559
8.6142300063,-0.3662308492,0.3945501575
8.6204941506,-0.3540388277,0.394549254
8.6230596741,-0.3549356925,0.3988023508
8.623048118,-0.3496557024,0.396942343
8.6376563038,-0.3426214322,0.388948638
8.6479054931,-0.3400686589,0.3800733002
8.6550124937,-0.3420076805,0.3749330023
8.6562278563,-0.3390891502,0.3735343029
8.6592341421,-0.3381523491,0.3774120858
8.6834841288,-0.3288844993,0.3902619075
8.6930859138,-0.3152288336,0.4065229361
8.7196090872,-0.2987149867,0.4330725203
8.7202980939,-0.3078177192,0.4490683551
8.7553006696,-0.2996607982,0.4549214054
8.7740131663,-0.2966869141,0.466644776
8.7945058838,-0.2668438835,0.4883763845
8.8065431149,-0.2590298908,0.5522637398
8.8183723514,-0.251468746,0.5143611065
8.8220886104,-0.2488710722,0.5168250369
8.8313989589,-0.248445836,0.5248056551
8.8317222433,-0.2446883783,0.5237854441
8.8643526164,-0.2355498866,0.5325995825
8.8718338541,-0.236600632,0.5401175452
8.8720596405,-0.2184203801,0.5521679485
8.8827660673,-0.1890307881,0.5693021057
8.8912860541,-0.1794254408,0.5919199629
8.9217356589,-0.1579949623,0.6036205102
8.930576494,-0.1410891878,0.6039994089
8.9370619037,-0.1115624166,0.6438929293
8.9739078216,-0.0873821382,0.6824224839
8.9728171376,-0.0785726408,0.6442183048
8.9808780549,-0.0592121464,0.6823535348
8.9840433474,-0.0482023621,0.6829800671
8.9767081902,-0.0339489647,0.6568191516
9.005897131,-0.0098615028,0.6825351504
9.0109162344,-0.0036308925,0.7091209832
9.0187964046,0.0422579963,0.7376599795
9.0605724663,0.0566609459,0.7650093398
9.0775630675,0.0701658343,0.767105319
9.1005902889,0.1022955851,0.7620931535
9.1069038584,0.1109707471,0.7701677903
9.128819499,0.1317426799,0.7893828626
9.1423927035,0.1731793544,0.800807735
9.1726060469,0.2024780426,0.8035527424
9.1885011949,0.2193391577,0.8027711225
9.2254800093,0.2580010005,0.8042469866
9.2679125884,0.2975948907,0.8282209226
9.2775631759,0.3299438634,0.8408814017
9.3130081548,0.3691042548,0.8367097525
9.3229082084,0.3869809241,0.8391684829
9.3472615619,0.4356573323,0.8388708952
9.3690854053,0.4749159841,0.8484386477
9.3719869679,0.5219407694,0.8548544341
9.4187048868,0.5382184191,0.8873835508
9.4641366456,0.5707076344,0.8884288167
9.4760499689,0.5918714144,0.8899667062
9.5288515965,0.6620402373,0.8871658357
9.5019361026,0.709451592,0.895812275
9.5259449205,0.7614938356,0.9204089793
9.5560777557,0.7940955746,0.9489814457
9.6000232962,0.8463759564,0.9732274111
9.6058698552,0.8843403451,0.971014402
9.6138125775,0.920400364,0.9986147579
9.6396130955,0.9742507376,1.006316454
9.6553785182,1.005269134,1.0183197666
9.7049099356,1.0573227053,1.0451313713
9.7347669777,1.0888431066,1.0484389405
9.7159180093,1.1530765403,1.0659553644
9.7682970951,1.2063715861,1.0981018661
9.8086883952,1.2227155288,1.1173448574
9.8233667203,1.2841452011,1.139153406
9.8302651679,1.3482332947,1.1646364603
9.8480166662,1.4019961124,1.1877447528
9.8697023798,1.4418608291,1.2059900775
9.8830879871,1.478040464,1.2052550624
9.8630413415,1.5383679869,1.212239729
9.864470388,1.6045486285,1.2209430993
9.8962905117,1.652327587,1.2560184261
9.8926593251,1.7171171088,1.269061118
9.9201057617,1.7572413729,1.2900089247
9.926610149,1.783448026,1.2890948788
9.9237262262,1.8434487895,1.302698109
9.9444535239,1.9081089356,1.3170455346
9.9585513227,1.9686914374,1.3568231729
9.953952137,2.0341478874,1.3712350295
9.9521369381,2.0688773652,1.3930602798
9.9367981359,2.0933651753,1.3855643872
9.969281068,2.1311970381,1.4147071145
9.978721964,2.224522939,1.4068474527
9.9796469195,2.2712674122,1.4104836798
9.9836186552,2.3231756676,1.4036670792
9.9734119881,2.3574186944,1.4001575275
9.9788697377,2.4055358967,1.3917379051
10.0115595681,2.4797780454,1.3853383067
10.0050703833,2.5480144149,1.4065221708
10.0164159673,2.596475108,1.393216237
10.0110185577,2.6446737801,1.3884855507
10.0444607491,2.6898369497,1.4282931894
10.0644868042,2.7730489789,1.4219705808
10.0925316413,2.8536881912,1.43523306
10.1104595106,2.8961459177,1.4279034295
10.1112945564,2.9816618901,1.4468103793
10.1127836755,3.0555044792,1.4433685422
10.1109378918,3.1325982527,1.4539631096
10.0950272918,3.2141977732,1.4601951535
10.0919898188,3.2548656416,1.4818516361
10.0881747967,3.2791925384,1.482207309
10.0722443913,3.3290122087,1.4628893392
10.091769563,3.4092233529,1.4827777379
10.0944653837,3.4886974203,1.479760948
10.098481257,3.564501654,1.4808069196
10.1098339245,3.6121499689,1.5022743612
10.1167804007,3.6604250559,1.5053555633
10.1178916865,3.711166561,1.5180381888
10.1330541406,3.7998739671,1.521513476
10.1548683107,3.8749668162,1.5233006658
10.1734564451,3.9186003908,1.5125127336
10.1798449971,3.9626898628,1.5178458367
10.1723340818,3.9998710645,1.5262139038
10.1631826368,4.0745157579,1.5334266973
10.1617592424,4.1474640287,1.5270999766
10.1609242746,4.2115331568,1.5282012356
10.1633589487,4.2422774819,1.522885044
10.1680818894,4.2698671356,1.5255360451
10.1617172123,4.3007320882,1.5307260273
10.1546457935,4.3742213432,1.5433386015
10.1434027776,4.4371283651,1.5547800419
10.1409163922,4.5097519031,1.5425849431
10.153871229,4.57370709,1.5399892327
10.1668199513,4.6293430651,1.5167443904
10.1757597344,4.6714760826,1.5237805401
10.1698756397,4.7176542106,1.5251200226
10.1723113798,4.7857915493,1.5331113373
10.1685049937,4.8596804878,1.5463796249
10.1683082614,4.9290266086,1.5391602181
10.1604481538,4.9690855764,1.5477838403
10.1637960903,5.0009739925,1.5433058467
10.1683086412,5.0312624462,1.5472558192
10.1769946736,5.1018835004,1.5422817445
10.1848658607,5.1690998685,1.5153356792
10.1868961006,5.1740284693,1.5491618038
10.1810441913,5.1865824416,1.5257069385
10.1848002778,5.1988635307,1.5603990537
10.17588742,5.2313906417,1.5264997114
10.1685614035,5.2717445143,1.5280200282
10.1765355615,5.2974790663,1.5633286281
10.1795004413,5.3180744935,1.5687007213
10.1909140541,5.3440039738,1.589456968
10.1855633768,5.3840759661,1.600137437
10.1798778738,5.4262904563,1.6086533346
10.1677509295,5.4694429659,1.6154413758
10.1541715472,5.5038769552,1.6298506092
10.1477424596,5.5322040898,1.6328948761
10.1471089884,5.5542695376,1.6302696677
10.144687923,5.6074827033,1.6477848341
10.135975327,5.6583215308,1.6556835215
10.1271466607,5.7005555618,1.69335063
10.1115028118,5.7362662241,1.6651772151
10.1098968808,5.7920974903,1.6622740104
10.1017540023,5.8441886308,1.6633235419
10.0998537034,5.901135203,1.6667151327
10.1000134651,5.9323947084,1.6775767555
10.0993205351,5.9659852635,1.6860794049
10.1019528303,6.0249152535,1.6919280122
10.0999001986,6.0531028154,1.6960152613
10.0879129174,6.0826186192,1.6989424423
10.087566801,6.1098349328,1.7024239169
10.0798933853,6.1624030957,1.7055049331
10.0725360849,6.22784378,1.6860299161
10.0680634451,6.2918842364,1.6910504474
10.0611134846,6.3253516698,1.6927969027
10.0500195099,6.3579977022,1.699530427
10.0440930619,6.3865126275,1.6992240976
10.0421399399,6.4342974474,1.6911083583
10.048511763,6.4781830028,1.6453155694
10.0488215101,6.5005797206,1.5956689404
10.0621671865,6.5371515094,1.5469557956
10.0787124896,6.569874654,1.5621591437
10.0915016882,6.6141203461,1.5577891457
10.1109948627,6.6614850599,1.5268020453
10.1262212099,6.7018689856,1.5267732708
10.1308125051,6.7175138201,1.4909081971
10.1295076977,6.7333869855,1.4967815049
10.1328260049,6.7476453696,1.5019538224
10.1327142769,6.778740124,1.5228162709
10.1357994101,6.8098807046,1.536408297
10.129218556,6.8161419586,1.582723719
10.1241913974,6.8290119588,1.5959870325
10.1268533222,6.8409442438,1.5988901085
10.1240941799,6.8609311642,1.6024315238
10.1254184519,6.8911679898,1.5652159157
10.1237812977,6.9052698452,1.5776613978
10.1225077156,6.9130621087,1.5781462782
10.1223665826,6.9228909587,1.5802032945
10.1262956149,6.9292989342,1.5857254844
10.1259807844,6.9407024256,1.5931251193
10.1284927661,6.954228878,1.6067260662
10.1288533758,6.9653454536,1.6110822195
10.1219214041,6.958951202,1.6418044732
10.1142426548,6.9540317709,1.6376306074
10.1095843084,6.9605696492,1.6437396679
10.1053010465,6.9678212637,1.6349746247
10.1044566968,6.9804515648,1.6045286808
10.1093840622,6.9933152316,1.6053398791
10.1124440508,7.0030466132,1.6078766217
10.1115211923,7.0206484336,1.6112318322
10.1134210574,7.0363127358,1.6240629878
10.1075746485,7.0638870224,1.6446854369
10.102474016,7.0797376755,1.6612441386
10.1007745609,7.0913759508,1.6629744221
10.0998871708,7.1049219094,1.6759582404
10.0867517218,7.1196492225,1.7226949658
10.0773364775,7.126271281,1.7306521205
10.0692769104,7.1464978681,1.7322153348
10.0762859424,7.1655522123,1.7004343081
10.0811443824,7.1820107805,1.7082404988
10.0798320204,7.1918039249,1.6964200464
10.0836006538,7.2203681318,1.6682702334
10.0871138435,7.2481262615,1.6791430815
10.0828435197,7.2537875189,1.6850298395
10.0813426649,7.2611185053,1.6881795328
10.0831587636,7.2657337204,1.6920617057
10.0815286346,7.2712221061,1.6928757345
10.0807192467,7.2821505146,1.703255373
10.07698266,7.2986431426,1.7194470483
10.0679791898,7.3009630536,1.7512247947
10.0584591136,7.2978205492,1.7538390604
10.0508056883,7.304888775,1.7690502438
10.0416213654,7.3100403929,1.7667168509
10.0315375292,7.3262860649,1.7798498684
10.0255948379,7.3446117033,1.7998633991
10.0225040042,7.3695228327,1.8233516436
10.0166726951,7.3851717864,1.8328827617
10.0002091107,7.383398059,1.8646922521
9.9923023978,7.3815941783,1.8624735242
9.9742757732,7.3955690616,1.8749820816
9.9794939745,7.4320695448,1.8770283278
9.9740046231,7.4551532794,1.8779895204
9.9637912228,7.4725025835,1.8919407733
9.958914568,7.4800094448,1.8943965594
9.9474151756,7.5029420302,1.907405733
9.9421324489,7.5176005118,1.9209756986
9.9295329144,7.5364374678,1.932169863
9.9176914107,7.5549058883,1.938792758
9.9026943576,7.5802193812,1.9508211375
9.8822614078,7.6042392135,1.9655873339
9.8796636143,7.601258371,1.9674225151
9.8750927571,7.6026936227,1.9713032341
9.8710845683,7.6039063643,1.9740361161
9.8705205574,7.6102564923,1.9785640668
9.8599999866,7.6181138455,1.9885151431
9.851651548,7.6263252099,1.9959243442
9.8470481929,7.6265228555,1.9997864871
9.8356870946,7.6352622683,2.0067158307
9.8257020792,7.6391434872,2.0100740293
9.8196538918,7.6674045821,2.0428295295
9.8149443493,7.6833647267,2.0484573315
9.7977193682,7.704612847,2.0546985248
9.7829712684,7.7162606386,2.0590080951
9.7634343879,7.7395391737,2.1045504157
9.7527017353,7.7579885834,2.1111940459
9.7316507123,7.7669800676,2.1331657865
9.7221227234,7.7786411014,2.1058868414
9.7148282049,7.7862191908,2.107767238
9.6930532194,7.7993300634,2.1245343642
9.6619885275,7.8029889279,2.1434667123
9.6303894674,7.8358357752,2.1749111562
9.603047264,7.8538663512,2.2030141426
9.5898058434,7.8607781845,2.2250079463
9.5827016477,7.8631517782,2.2259050944
9.5759553982,7.8757529667,2.2195902836
9.5412393932,7.9266020866,2.2602037695
9.5051955657,7.9601697505,2.2874343951
9.4881715551,7.978078626,2.294258858
9.4852510527,7.9832182622,2.2872090865
9.4802236833,7.9847503743,2.2871446438
9.4559683184,8.0079143802,2.3062537638
9.4071443991,8.0680906011,2.3298943932
9.4005647189,8.0794945192,2.3383208357
9.3601854685,8.089899967,2.3495090517
9.3305402101,8.0966805965,2.3549044862
9.2680375504,8.1539807121,2.3850508246
9.2604994573,8.1776813756,2.3824439918
9.2223214996,8.2043912051,2.3898754812
9.2031598739,8.2291217302,2.3878332483
9.1420892017,8.288888409,2.4126177492
9.1019211458,8.3220454047,2.4213325626
9.032371104,8.3401941348,2.4326233369
8.964383834,8.3772330775,2.4543076507
8.9127274903,8.4087317214,2.4698014501
8.8682940791,8.4144615932,2.4884601591
8.8403256435,8.4171953443,2.4983809759
8.8207458649,8.4168094857,2.4998969199
8.774358284,8.4391264135,2.5131889009
8.729288409,8.4623319418,2.5178302738
8.6736636814,8.5164772999,2.5432153001
8.6396674895,8.5228922078,2.5525955385
8.5776004367,8.5592610189,2.5791767694
8.514068043,8.5849147403,2.5836615409
8.4702064055,8.6306207391,2.6136328681
8.3973970881,8.6510976516,2.6328877856
8.3635837282,8.6491057222,2.6455897236
8.3357951,8.683912526,2.6694667605
8.3105180213,8.7002581915,2.6714323271
8.239259567,8.7168341596,2.6740618351
8.1704003343,8.7553359991,2.6993533779
8.1254124496,8.7798849441,2.7035650381
8.0698091564,8.7720401473,2.7168368387
8.0255519774,8.7925858711,2.7385007408
7.9952226411,8.810243949,2.7421058891
7.9461264299,8.8274399964,2.7591703358
7.8584017775,8.8542676165,2.7723121691
7.8591047229,8.8455134048,2.789491282
7.8436490861,8.85664772,2.8128176814
7.8076591236,8.8659536669,2.8150166586
7.7314397448,8.8997323485,2.8347723366
7.6737292125,8.9046283603,2.8468520597
7.596201163,8.9183541645,2.8551199469
7.5603491736,8.9097011598,2.8788062246
7.5157556752,8.9028584667,2.8767296004
7.484972694,8.9227403092,2.8941491733
7.3969705307,8.9355099576,2.9307827677
7.3391983804,8.9294349001,2.9442445721
7.2877145553,8.9315770649,2.9549263371
